[0.230s] DEBUG:colcon:Command line arguments: ['/usr/bin/colcon', 'build']
[0.230s] DEBUG:colcon:Parsed command line arguments: Namespace(log_base=None, log_level=None, verb_name='build', build_base='build', install_base='install', merge_install=False, symlink_install=False, test_result_base=None, continue_on_error=False, executor='parallel', parallel_workers=12, event_handlers=None, ignore_user_meta=False, metas=['./colcon.meta'], base_paths=['.'], packages_ignore=None, packages_ignore_regex=None, paths=None, packages_up_to=None, packages_up_to_regex=None, packages_above=None, packages_above_and_dependencies=None, packages_above_depth=None, packages_select_by_dep=None, packages_skip_by_dep=None, packages_skip_up_to=None, packages_select_build_failed=False, packages_skip_build_finished=False, packages_select_test_failures=False, packages_skip_test_passed=False, packages_select=None, packages_skip=None, packages_select_regex=None, packages_skip_regex=None, packages_start=None, packages_end=None, allow_overriding=[], cmake_args=None, cmake_target=None, cmake_target_skip_unavailable=False, cmake_clean_cache=False, cmake_clean_first=False, cmake_force_configure=False, ament_cmake_args=None, catkin_cmake_args=None, catkin_skip_building_tests=False, mixin_files=None, mixin=None, verb_parser=<colcon_mixin.mixin.mixin_argument.MixinArgumentDecorator object at 0x7b026d3a3550>, verb_extension=<colcon_core.verb.build.BuildVerb object at 0x7b026d351000>, main=<bound method BuildVerb.main of <colcon_core.verb.build.BuildVerb object at 0x7b026d351000>>, mixin_verb=('build',))
[0.269s] Level 1:colcon.colcon_core.package_discovery:discover_packages(colcon_meta) check parameters
[0.269s] Level 1:colcon.colcon_core.package_discovery:discover_packages(recursive) check parameters
[0.269s] Level 1:colcon.colcon_core.package_discovery:discover_packages(ignore) check parameters
[0.269s] Level 1:colcon.colcon_core.package_discovery:discover_packages(path) check parameters
[0.269s] Level 1:colcon.colcon_core.package_discovery:discover_packages(colcon_meta) discover
[0.269s] Level 1:colcon.colcon_core.package_discovery:discover_packages(recursive) discover
[0.269s] INFO:colcon.colcon_core.package_discovery:Crawling recursively for packages in '/home/aakash/bumperbot_ws'
[0.269s] Level 1:colcon.colcon_core.package_identification:_identify(.) by extensions ['ignore', 'ignore_ament_install']
[0.269s] Level 1:colcon.colcon_core.package_identification:_identify(.) by extension 'ignore'
[0.269s] Level 1:colcon.colcon_core.package_identification:_identify(.) by extension 'ignore_ament_install'
[0.269s] Level 1:colcon.colcon_core.package_identification:_identify(.) by extensions ['colcon_pkg']
[0.269s] Level 1:colcon.colcon_core.package_identification:_identify(.) by extension 'colcon_pkg'
[0.269s] Level 1:colcon.colcon_core.package_identification:_identify(.) by extensions ['colcon_meta']
[0.269s] Level 1:colcon.colcon_core.package_identification:_identify(.) by extension 'colcon_meta'
[0.269s] Level 1:colcon.colcon_core.package_identification:_identify(.) by extensions ['ros']
[0.269s] Level 1:colcon.colcon_core.package_identification:_identify(.) by extension 'ros'
[0.283s] Level 1:colcon.colcon_core.package_identification:_identify(.) by extensions ['cmake', 'python']
[0.283s] Level 1:colcon.colcon_core.package_identification:_identify(.) by extension 'cmake'
[0.283s] Level 1:colcon.colcon_core.package_identification:_identify(.) by extension 'python'
[0.283s] Level 1:colcon.colcon_core.package_identification:_identify(.) by extensions ['python_setup_py']
[0.283s] Level 1:colcon.colcon_core.package_identification:_identify(.) by extension 'python_setup_py'
[0.283s] Level 1:colcon.colcon_core.package_identification:_identify(build) by extensions ['ignore', 'ignore_ament_install']
[0.283s] Level 1:colcon.colcon_core.package_identification:_identify(build) by extension 'ignore'
[0.283s] Level 1:colcon.colcon_core.package_identification:_identify(build) ignored
[0.284s] Level 1:colcon.colcon_core.package_identification:_identify(install) by extensions ['ignore', 'ignore_ament_install']
[0.284s] Level 1:colcon.colcon_core.package_identification:_identify(install) by extension 'ignore'
[0.284s] Level 1:colcon.colcon_core.package_identification:_identify(install) ignored
[0.284s] Level 1:colcon.colcon_core.package_identification:_identify(log) by extensions ['ignore', 'ignore_ament_install']
[0.284s] Level 1:colcon.colcon_core.package_identification:_identify(log) by extension 'ignore'
[0.284s] Level 1:colcon.colcon_core.package_identification:_identify(log) ignored
[0.284s] Level 1:colcon.colcon_core.package_identification:_identify(src) by extensions ['ignore', 'ignore_ament_install']
[0.284s] Level 1:colcon.colcon_core.package_identification:_identify(src) by extension 'ignore'
[0.284s] Level 1:colcon.colcon_core.package_identification:_identify(src) by extension 'ignore_ament_install'
[0.284s] Level 1:colcon.colcon_core.package_identification:_identify(src) by extensions ['colcon_pkg']
[0.284s] Level 1:colcon.colcon_core.package_identification:_identify(src) by extension 'colcon_pkg'
[0.284s] Level 1:colcon.colcon_core.package_identification:_identify(src) by extensions ['colcon_meta']
[0.284s] Level 1:colcon.colcon_core.package_identification:_identify(src) by extension 'colcon_meta'
[0.284s] Level 1:colcon.colcon_core.package_identification:_identify(src) by extensions ['ros']
[0.284s] Level 1:colcon.colcon_core.package_identification:_identify(src) by extension 'ros'
[0.285s] Level 1:colcon.colcon_core.package_identification:_identify(src) by extensions ['cmake', 'python']
[0.285s] Level 1:colcon.colcon_core.package_identification:_identify(src) by extension 'cmake'
[0.285s] Level 1:colcon.colcon_core.package_identification:_identify(src) by extension 'python'
[0.285s] Level 1:colcon.colcon_core.package_identification:_identify(src) by extensions ['python_setup_py']
[0.285s] Level 1:colcon.colcon_core.package_identification:_identify(src) by extension 'python_setup_py'
[0.285s] Level 1:colcon.colcon_core.package_identification:_identify(src/bumperbot_controller) by extensions ['ignore', 'ignore_ament_install']
[0.285s] Level 1:colcon.colcon_core.package_identification:_identify(src/bumperbot_controller) by extension 'ignore'
[0.285s] Level 1:colcon.colcon_core.package_identification:_identify(src/bumperbot_controller) by extension 'ignore_ament_install'
[0.285s] Level 1:colcon.colcon_core.package_identification:_identify(src/bumperbot_controller) by extensions ['colcon_pkg']
[0.285s] Level 1:colcon.colcon_core.package_identification:_identify(src/bumperbot_controller) by extension 'colcon_pkg'
[0.285s] Level 1:colcon.colcon_core.package_identification:_identify(src/bumperbot_controller) by extensions ['colcon_meta']
[0.285s] Level 1:colcon.colcon_core.package_identification:_identify(src/bumperbot_controller) by extension 'colcon_meta'
[0.285s] Level 1:colcon.colcon_core.package_identification:_identify(src/bumperbot_controller) by extensions ['ros']
[0.285s] Level 1:colcon.colcon_core.package_identification:_identify(src/bumperbot_controller) by extension 'ros'
[0.288s] DEBUG:colcon.colcon_core.package_identification:Package 'src/bumperbot_controller' with type 'ros.ament_cmake' and name 'bumperbot_controller'
[0.289s] Level 1:colcon.colcon_core.package_identification:_identify(src/bumperbot_cpp_examples) by extensions ['ignore', 'ignore_ament_install']
[0.289s] Level 1:colcon.colcon_core.package_identification:_identify(src/bumperbot_cpp_examples) by extension 'ignore'
[0.289s] Level 1:colcon.colcon_core.package_identification:_identify(src/bumperbot_cpp_examples) by extension 'ignore_ament_install'
[0.289s] Level 1:colcon.colcon_core.package_identification:_identify(src/bumperbot_cpp_examples) by extensions ['colcon_pkg']
[0.289s] Level 1:colcon.colcon_core.package_identification:_identify(src/bumperbot_cpp_examples) by extension 'colcon_pkg'
[0.289s] Level 1:colcon.colcon_core.package_identification:_identify(src/bumperbot_cpp_examples) by extensions ['colcon_meta']
[0.289s] Level 1:colcon.colcon_core.package_identification:_identify(src/bumperbot_cpp_examples) by extension 'colcon_meta'
[0.289s] Level 1:colcon.colcon_core.package_identification:_identify(src/bumperbot_cpp_examples) by extensions ['ros']
[0.290s] Level 1:colcon.colcon_core.package_identification:_identify(src/bumperbot_cpp_examples) by extension 'ros'
[0.290s] DEBUG:colcon.colcon_core.package_identification:Package 'src/bumperbot_cpp_examples' with type 'ros.ament_cmake' and name 'bumperbot_cpp_examples'
[0.290s] Level 1:colcon.colcon_core.package_identification:_identify(src/bumperbot_description) by extensions ['ignore', 'ignore_ament_install']
[0.290s] Level 1:colcon.colcon_core.package_identification:_identify(src/bumperbot_description) by extension 'ignore'
[0.290s] Level 1:colcon.colcon_core.package_identification:_identify(src/bumperbot_description) by extension 'ignore_ament_install'
[0.290s] Level 1:colcon.colcon_core.package_identification:_identify(src/bumperbot_description) by extensions ['colcon_pkg']
[0.290s] Level 1:colcon.colcon_core.package_identification:_identify(src/bumperbot_description) by extension 'colcon_pkg'
[0.290s] Level 1:colcon.colcon_core.package_identification:_identify(src/bumperbot_description) by extensions ['colcon_meta']
[0.291s] Level 1:colcon.colcon_core.package_identification:_identify(src/bumperbot_description) by extension 'colcon_meta'
[0.291s] Level 1:colcon.colcon_core.package_identification:_identify(src/bumperbot_description) by extensions ['ros']
[0.291s] Level 1:colcon.colcon_core.package_identification:_identify(src/bumperbot_description) by extension 'ros'
[0.293s] DEBUG:colcon.colcon_core.package_identification:Package 'src/bumperbot_description' with type 'ros.ament_cmake' and name 'bumperbot_description'
[0.293s] Level 1:colcon.colcon_core.package_identification:_identify(src/bumperbot_firmware) by extensions ['ignore', 'ignore_ament_install']
[0.293s] Level 1:colcon.colcon_core.package_identification:_identify(src/bumperbot_firmware) by extension 'ignore'
[0.293s] Level 1:colcon.colcon_core.package_identification:_identify(src/bumperbot_firmware) by extension 'ignore_ament_install'
[0.293s] Level 1:colcon.colcon_core.package_identification:_identify(src/bumperbot_firmware) by extensions ['colcon_pkg']
[0.293s] Level 1:colcon.colcon_core.package_identification:_identify(src/bumperbot_firmware) by extension 'colcon_pkg'
[0.293s] Level 1:colcon.colcon_core.package_identification:_identify(src/bumperbot_firmware) by extensions ['colcon_meta']
[0.293s] Level 1:colcon.colcon_core.package_identification:_identify(src/bumperbot_firmware) by extension 'colcon_meta'
[0.293s] Level 1:colcon.colcon_core.package_identification:_identify(src/bumperbot_firmware) by extensions ['ros']
[0.293s] Level 1:colcon.colcon_core.package_identification:_identify(src/bumperbot_firmware) by extension 'ros'
[0.294s] DEBUG:colcon.colcon_core.package_identification:Package 'src/bumperbot_firmware' with type 'ros.ament_cmake' and name 'bumperbot_firmware'
[0.294s] Level 1:colcon.colcon_core.package_identification:_identify(src/bumperbot_msgs) by extensions ['ignore', 'ignore_ament_install']
[0.294s] Level 1:colcon.colcon_core.package_identification:_identify(src/bumperbot_msgs) by extension 'ignore'
[0.294s] Level 1:colcon.colcon_core.package_identification:_identify(src/bumperbot_msgs) by extension 'ignore_ament_install'
[0.294s] Level 1:colcon.colcon_core.package_identification:_identify(src/bumperbot_msgs) by extensions ['colcon_pkg']
[0.294s] Level 1:colcon.colcon_core.package_identification:_identify(src/bumperbot_msgs) by extension 'colcon_pkg'
[0.294s] Level 1:colcon.colcon_core.package_identification:_identify(src/bumperbot_msgs) by extensions ['colcon_meta']
[0.294s] Level 1:colcon.colcon_core.package_identification:_identify(src/bumperbot_msgs) by extension 'colcon_meta'
[0.295s] Level 1:colcon.colcon_core.package_identification:_identify(src/bumperbot_msgs) by extensions ['ros']
[0.295s] Level 1:colcon.colcon_core.package_identification:_identify(src/bumperbot_msgs) by extension 'ros'
[0.295s] DEBUG:colcon.colcon_core.package_identification:Package 'src/bumperbot_msgs' with type 'ros.ament_cmake' and name 'bumperbot_msgs'
[0.295s] Level 1:colcon.colcon_core.package_identification:_identify(src/bumperbot_py_examples) by extensions ['ignore', 'ignore_ament_install']
[0.295s] Level 1:colcon.colcon_core.package_identification:_identify(src/bumperbot_py_examples) by extension 'ignore'
[0.295s] Level 1:colcon.colcon_core.package_identification:_identify(src/bumperbot_py_examples) by extension 'ignore_ament_install'
[0.295s] Level 1:colcon.colcon_core.package_identification:_identify(src/bumperbot_py_examples) by extensions ['colcon_pkg']
[0.295s] Level 1:colcon.colcon_core.package_identification:_identify(src/bumperbot_py_examples) by extension 'colcon_pkg'
[0.295s] Level 1:colcon.colcon_core.package_identification:_identify(src/bumperbot_py_examples) by extensions ['colcon_meta']
[0.295s] Level 1:colcon.colcon_core.package_identification:_identify(src/bumperbot_py_examples) by extension 'colcon_meta'
[0.295s] Level 1:colcon.colcon_core.package_identification:_identify(src/bumperbot_py_examples) by extensions ['ros']
[0.295s] Level 1:colcon.colcon_core.package_identification:_identify(src/bumperbot_py_examples) by extension 'ros'
[0.296s] DEBUG:colcon.colcon_core.package_identification:Package 'src/bumperbot_py_examples' with type 'ros.ament_python' and name 'bumperbot_py_examples'
[0.296s] Level 1:colcon.colcon_core.package_discovery:discover_packages(recursive) using defaults
[0.296s] Level 1:colcon.colcon_core.package_discovery:discover_packages(ignore) discover
[0.296s] Level 1:colcon.colcon_core.package_discovery:discover_packages(ignore) using defaults
[0.296s] Level 1:colcon.colcon_core.package_discovery:discover_packages(path) discover
[0.296s] Level 1:colcon.colcon_core.package_discovery:discover_packages(path) using defaults
[0.360s] Level 1:colcon.colcon_core.package_discovery:discover_packages(prefix_path) check parameters
[0.360s] Level 1:colcon.colcon_core.package_discovery:discover_packages(prefix_path) discover
[0.366s] DEBUG:colcon.colcon_installed_package_information.package_discovery:Found 6 installed packages in /home/aakash/bumperbot_ws/install
[0.366s] DEBUG:colcon.colcon_installed_package_information.package_discovery:Found 11 installed packages in /home/aakash/eyantra_ws/install
[0.367s] DEBUG:colcon.colcon_installed_package_information.package_discovery:Found 1 installed packages in /home/aakash/flytbase_ws/install
[0.367s] DEBUG:colcon.colcon_installed_package_information.package_discovery:Found 1 installed packages in /home/aakash/flytbase/ros_ws/install
[0.367s] DEBUG:colcon.colcon_installed_package_information.package_discovery:Found 1 installed packages in /home/aakash/flytbase/ros2_ws/install
[0.385s] DEBUG:colcon.colcon_installed_package_information.package_discovery:Found 0 installed packages in /home/aakash/ros2_ws/install
[0.386s] DEBUG:colcon.colcon_installed_package_information.package_discovery:Found 5 installed packages in /home/aakash/intelligent_quads/ardu_ws/install
[0.387s] DEBUG:colcon.colcon_installed_package_information.package_discovery:Found 5 installed packages in /home/aakash/simulation2_ws/install
[0.387s] DEBUG:colcon.colcon_installed_package_information.package_discovery:Found 7 installed packages in /home/aakash/neobotix_workspace/install
[0.389s] DEBUG:colcon.colcon_installed_package_information.package_discovery:Found 17 installed packages in /home/aakash/turtlebot3_ws/install
[0.390s] DEBUG:colcon.colcon_installed_package_information.package_discovery:Found 1 installed packages in /home/aakash/ros2practice/install
[0.391s] DEBUG:colcon.colcon_installed_package_information.package_discovery:Found 1 installed packages in /home/aakash/practice_ws/install
[0.392s] DEBUG:colcon.colcon_installed_package_information.package_discovery:Found 335 installed packages in /opt/ros/humble
[0.395s] Level 1:colcon.colcon_core.package_discovery:discover_packages(prefix_path) using defaults
[0.846s] Level 5:colcon.colcon_core.verb:set package 'bumperbot_controller' build argument 'cmake_args' from command line to 'None'
[0.846s] Level 5:colcon.colcon_core.verb:set package 'bumperbot_controller' build argument 'cmake_target' from command line to 'None'
[0.846s] Level 5:colcon.colcon_core.verb:set package 'bumperbot_controller' build argument 'cmake_target_skip_unavailable' from command line to 'False'
[0.846s] Level 5:colcon.colcon_core.verb:set package 'bumperbot_controller' build argument 'cmake_clean_cache' from command line to 'False'
[0.846s] Level 5:colcon.colcon_core.verb:set package 'bumperbot_controller' build argument 'cmake_clean_first' from command line to 'False'
[0.846s] Level 5:colcon.colcon_core.verb:set package 'bumperbot_controller' build argument 'cmake_force_configure' from command line to 'False'
[0.846s] Level 5:colcon.colcon_core.verb:set package 'bumperbot_controller' build argument 'ament_cmake_args' from command line to 'None'
[0.846s] Level 5:colcon.colcon_core.verb:set package 'bumperbot_controller' build argument 'catkin_cmake_args' from command line to 'None'
[0.846s] Level 5:colcon.colcon_core.verb:set package 'bumperbot_controller' build argument 'catkin_skip_building_tests' from command line to 'False'
[0.847s] DEBUG:colcon.colcon_core.verb:Building package 'bumperbot_controller' with the following arguments: {'ament_cmake_args': None, 'build_base': '/home/aakash/bumperbot_ws/build/bumperbot_controller', 'catkin_cmake_args': None, 'catkin_skip_building_tests': False, 'cmake_args': None, 'cmake_clean_cache': False, 'cmake_clean_first': False, 'cmake_force_configure': False, 'cmake_target': None, 'cmake_target_skip_unavailable': False, 'install_base': '/home/aakash/bumperbot_ws/install/bumperbot_controller', 'merge_install': False, 'path': '/home/aakash/bumperbot_ws/src/bumperbot_controller', 'symlink_install': False, 'test_result_base': None}
[0.847s] Level 5:colcon.colcon_core.verb:set package 'bumperbot_cpp_examples' build argument 'cmake_args' from command line to 'None'
[0.847s] Level 5:colcon.colcon_core.verb:set package 'bumperbot_cpp_examples' build argument 'cmake_target' from command line to 'None'
[0.847s] Level 5:colcon.colcon_core.verb:set package 'bumperbot_cpp_examples' build argument 'cmake_target_skip_unavailable' from command line to 'False'
[0.847s] Level 5:colcon.colcon_core.verb:set package 'bumperbot_cpp_examples' build argument 'cmake_clean_cache' from command line to 'False'
[0.847s] Level 5:colcon.colcon_core.verb:set package 'bumperbot_cpp_examples' build argument 'cmake_clean_first' from command line to 'False'
[0.847s] Level 5:colcon.colcon_core.verb:set package 'bumperbot_cpp_examples' build argument 'cmake_force_configure' from command line to 'False'
[0.847s] Level 5:colcon.colcon_core.verb:set package 'bumperbot_cpp_examples' build argument 'ament_cmake_args' from command line to 'None'
[0.847s] Level 5:colcon.colcon_core.verb:set package 'bumperbot_cpp_examples' build argument 'catkin_cmake_args' from command line to 'None'
[0.847s] Level 5:colcon.colcon_core.verb:set package 'bumperbot_cpp_examples' build argument 'catkin_skip_building_tests' from command line to 'False'
[0.847s] DEBUG:colcon.colcon_core.verb:Building package 'bumperbot_cpp_examples' with the following arguments: {'ament_cmake_args': None, 'build_base': '/home/aakash/bumperbot_ws/build/bumperbot_cpp_examples', 'catkin_cmake_args': None, 'catkin_skip_building_tests': False, 'cmake_args': None, 'cmake_clean_cache': False, 'cmake_clean_first': False, 'cmake_force_configure': False, 'cmake_target': None, 'cmake_target_skip_unavailable': False, 'install_base': '/home/aakash/bumperbot_ws/install/bumperbot_cpp_examples', 'merge_install': False, 'path': '/home/aakash/bumperbot_ws/src/bumperbot_cpp_examples', 'symlink_install': False, 'test_result_base': None}
[0.847s] Level 5:colcon.colcon_core.verb:set package 'bumperbot_description' build argument 'cmake_args' from command line to 'None'
[0.847s] Level 5:colcon.colcon_core.verb:set package 'bumperbot_description' build argument 'cmake_target' from command line to 'None'
[0.847s] Level 5:colcon.colcon_core.verb:set package 'bumperbot_description' build argument 'cmake_target_skip_unavailable' from command line to 'False'
[0.847s] Level 5:colcon.colcon_core.verb:set package 'bumperbot_description' build argument 'cmake_clean_cache' from command line to 'False'
[0.848s] Level 5:colcon.colcon_core.verb:set package 'bumperbot_description' build argument 'cmake_clean_first' from command line to 'False'
[0.848s] Level 5:colcon.colcon_core.verb:set package 'bumperbot_description' build argument 'cmake_force_configure' from command line to 'False'
[0.848s] Level 5:colcon.colcon_core.verb:set package 'bumperbot_description' build argument 'ament_cmake_args' from command line to 'None'
[0.848s] Level 5:colcon.colcon_core.verb:set package 'bumperbot_description' build argument 'catkin_cmake_args' from command line to 'None'
[0.848s] Level 5:colcon.colcon_core.verb:set package 'bumperbot_description' build argument 'catkin_skip_building_tests' from command line to 'False'
[0.848s] DEBUG:colcon.colcon_core.verb:Building package 'bumperbot_description' with the following arguments: {'ament_cmake_args': None, 'build_base': '/home/aakash/bumperbot_ws/build/bumperbot_description', 'catkin_cmake_args': None, 'catkin_skip_building_tests': False, 'cmake_args': None, 'cmake_clean_cache': False, 'cmake_clean_first': False, 'cmake_force_configure': False, 'cmake_target': None, 'cmake_target_skip_unavailable': False, 'install_base': '/home/aakash/bumperbot_ws/install/bumperbot_description', 'merge_install': False, 'path': '/home/aakash/bumperbot_ws/src/bumperbot_description', 'symlink_install': False, 'test_result_base': None}
[0.848s] Level 5:colcon.colcon_core.verb:set package 'bumperbot_firmware' build argument 'cmake_args' from command line to 'None'
[0.848s] Level 5:colcon.colcon_core.verb:set package 'bumperbot_firmware' build argument 'cmake_target' from command line to 'None'
[0.848s] Level 5:colcon.colcon_core.verb:set package 'bumperbot_firmware' build argument 'cmake_target_skip_unavailable' from command line to 'False'
[0.848s] Level 5:colcon.colcon_core.verb:set package 'bumperbot_firmware' build argument 'cmake_clean_cache' from command line to 'False'
[0.848s] Level 5:colcon.colcon_core.verb:set package 'bumperbot_firmware' build argument 'cmake_clean_first' from command line to 'False'
[0.848s] Level 5:colcon.colcon_core.verb:set package 'bumperbot_firmware' build argument 'cmake_force_configure' from command line to 'False'
[0.848s] Level 5:colcon.colcon_core.verb:set package 'bumperbot_firmware' build argument 'ament_cmake_args' from command line to 'None'
[0.848s] Level 5:colcon.colcon_core.verb:set package 'bumperbot_firmware' build argument 'catkin_cmake_args' from command line to 'None'
[0.848s] Level 5:colcon.colcon_core.verb:set package 'bumperbot_firmware' build argument 'catkin_skip_building_tests' from command line to 'False'
[0.848s] DEBUG:colcon.colcon_core.verb:Building package 'bumperbot_firmware' with the following arguments: {'ament_cmake_args': None, 'build_base': '/home/aakash/bumperbot_ws/build/bumperbot_firmware', 'catkin_cmake_args': None, 'catkin_skip_building_tests': False, 'cmake_args': None, 'cmake_clean_cache': False, 'cmake_clean_first': False, 'cmake_force_configure': False, 'cmake_target': None, 'cmake_target_skip_unavailable': False, 'install_base': '/home/aakash/bumperbot_ws/install/bumperbot_firmware', 'merge_install': False, 'path': '/home/aakash/bumperbot_ws/src/bumperbot_firmware', 'symlink_install': False, 'test_result_base': None}
[0.849s] Level 5:colcon.colcon_core.verb:set package 'bumperbot_msgs' build argument 'cmake_args' from command line to 'None'
[0.849s] Level 5:colcon.colcon_core.verb:set package 'bumperbot_msgs' build argument 'cmake_target' from command line to 'None'
[0.849s] Level 5:colcon.colcon_core.verb:set package 'bumperbot_msgs' build argument 'cmake_target_skip_unavailable' from command line to 'False'
[0.849s] Level 5:colcon.colcon_core.verb:set package 'bumperbot_msgs' build argument 'cmake_clean_cache' from command line to 'False'
[0.849s] Level 5:colcon.colcon_core.verb:set package 'bumperbot_msgs' build argument 'cmake_clean_first' from command line to 'False'
[0.849s] Level 5:colcon.colcon_core.verb:set package 'bumperbot_msgs' build argument 'cmake_force_configure' from command line to 'False'
[0.849s] Level 5:colcon.colcon_core.verb:set package 'bumperbot_msgs' build argument 'ament_cmake_args' from command line to 'None'
[0.849s] Level 5:colcon.colcon_core.verb:set package 'bumperbot_msgs' build argument 'catkin_cmake_args' from command line to 'None'
[0.849s] Level 5:colcon.colcon_core.verb:set package 'bumperbot_msgs' build argument 'catkin_skip_building_tests' from command line to 'False'
[0.849s] DEBUG:colcon.colcon_core.verb:Building package 'bumperbot_msgs' with the following arguments: {'ament_cmake_args': None, 'build_base': '/home/aakash/bumperbot_ws/build/bumperbot_msgs', 'catkin_cmake_args': None, 'catkin_skip_building_tests': False, 'cmake_args': None, 'cmake_clean_cache': False, 'cmake_clean_first': False, 'cmake_force_configure': False, 'cmake_target': None, 'cmake_target_skip_unavailable': False, 'install_base': '/home/aakash/bumperbot_ws/install/bumperbot_msgs', 'merge_install': False, 'path': '/home/aakash/bumperbot_ws/src/bumperbot_msgs', 'symlink_install': False, 'test_result_base': None}
[0.849s] Level 5:colcon.colcon_core.verb:set package 'bumperbot_py_examples' build argument 'cmake_args' from command line to 'None'
[0.849s] Level 5:colcon.colcon_core.verb:set package 'bumperbot_py_examples' build argument 'cmake_target' from command line to 'None'
[0.849s] Level 5:colcon.colcon_core.verb:set package 'bumperbot_py_examples' build argument 'cmake_target_skip_unavailable' from command line to 'False'
[0.849s] Level 5:colcon.colcon_core.verb:set package 'bumperbot_py_examples' build argument 'cmake_clean_cache' from command line to 'False'
[0.849s] Level 5:colcon.colcon_core.verb:set package 'bumperbot_py_examples' build argument 'cmake_clean_first' from command line to 'False'
[0.850s] Level 5:colcon.colcon_core.verb:set package 'bumperbot_py_examples' build argument 'cmake_force_configure' from command line to 'False'
[0.850s] Level 5:colcon.colcon_core.verb:set package 'bumperbot_py_examples' build argument 'ament_cmake_args' from command line to 'None'
[0.850s] Level 5:colcon.colcon_core.verb:set package 'bumperbot_py_examples' build argument 'catkin_cmake_args' from command line to 'None'
[0.850s] Level 5:colcon.colcon_core.verb:set package 'bumperbot_py_examples' build argument 'catkin_skip_building_tests' from command line to 'False'
[0.850s] DEBUG:colcon.colcon_core.verb:Building package 'bumperbot_py_examples' with the following arguments: {'ament_cmake_args': None, 'build_base': '/home/aakash/bumperbot_ws/build/bumperbot_py_examples', 'catkin_cmake_args': None, 'catkin_skip_building_tests': False, 'cmake_args': None, 'cmake_clean_cache': False, 'cmake_clean_first': False, 'cmake_force_configure': False, 'cmake_target': None, 'cmake_target_skip_unavailable': False, 'install_base': '/home/aakash/bumperbot_ws/install/bumperbot_py_examples', 'merge_install': False, 'path': '/home/aakash/bumperbot_ws/src/bumperbot_py_examples', 'symlink_install': False, 'test_result_base': None}
[0.850s] INFO:colcon.colcon_core.executor:Executing jobs using 'parallel' executor
[0.852s] DEBUG:colcon.colcon_parallel_executor.executor.parallel:run_until_complete
[0.854s] INFO:colcon.colcon_ros.task.ament_cmake.build:Building ROS package in '/home/aakash/bumperbot_ws/src/bumperbot_msgs' with build type 'ament_cmake'
[0.854s] INFO:colcon.colcon_cmake.task.cmake.build:Building CMake package in '/home/aakash/bumperbot_ws/src/bumperbot_msgs'
[0.862s] INFO:colcon.colcon_core.plugin_system:Skipping extension 'colcon_core.shell.bat': Not used on non-Windows systems
[0.863s] INFO:colcon.colcon_core.shell:Skip shell extension 'powershell' for command environment: Not usable outside of PowerShell
[0.863s] DEBUG:colcon.colcon_core.shell:Skip shell extension 'dsv' for command environment
[0.930s] DEBUG:colcon.colcon_core.shell:Ignoring prefix path '/home/aakash/catkin_ws/devel'
[0.931s] DEBUG:colcon.colcon_core.shell:Ignoring prefix path '/home/aakash/summer_camp_ws/devel'
[0.933s] INFO:colcon.colcon_ros.task.ament_cmake.build:Building ROS package in '/home/aakash/bumperbot_ws/src/bumperbot_controller' with build type 'ament_cmake'
[0.933s] INFO:colcon.colcon_cmake.task.cmake.build:Building CMake package in '/home/aakash/bumperbot_ws/src/bumperbot_controller'
[0.934s] INFO:colcon.colcon_core.shell:Skip shell extension 'powershell' for command environment: Not usable outside of PowerShell
[0.934s] DEBUG:colcon.colcon_core.shell:Skip shell extension 'dsv' for command environment
[0.945s] DEBUG:colcon.colcon_core.shell:Ignoring prefix path '/home/aakash/catkin_ws/devel'
[0.945s] DEBUG:colcon.colcon_core.shell:Ignoring prefix path '/home/aakash/summer_camp_ws/devel'
[0.947s] INFO:colcon.colcon_ros.task.ament_cmake.build:Building ROS package in '/home/aakash/bumperbot_ws/src/bumperbot_cpp_examples' with build type 'ament_cmake'
[0.948s] INFO:colcon.colcon_cmake.task.cmake.build:Building CMake package in '/home/aakash/bumperbot_ws/src/bumperbot_cpp_examples'
[0.949s] INFO:colcon.colcon_core.shell:Skip shell extension 'powershell' for command environment: Not usable outside of PowerShell
[0.949s] DEBUG:colcon.colcon_core.shell:Skip shell extension 'dsv' for command environment
[0.963s] DEBUG:colcon.colcon_core.shell:Ignoring prefix path '/home/aakash/catkin_ws/devel'
[0.964s] DEBUG:colcon.colcon_core.shell:Ignoring prefix path '/home/aakash/summer_camp_ws/devel'
[0.968s] INFO:colcon.colcon_ros.task.ament_cmake.build:Building ROS package in '/home/aakash/bumperbot_ws/src/bumperbot_description' with build type 'ament_cmake'
[0.969s] INFO:colcon.colcon_cmake.task.cmake.build:Building CMake package in '/home/aakash/bumperbot_ws/src/bumperbot_description'
[0.970s] INFO:colcon.colcon_core.shell:Skip shell extension 'powershell' for command environment: Not usable outside of PowerShell
[0.971s] DEBUG:colcon.colcon_core.shell:Skip shell extension 'dsv' for command environment
[0.983s] DEBUG:colcon.colcon_core.shell:Ignoring prefix path '/home/aakash/catkin_ws/devel'
[0.983s] DEBUG:colcon.colcon_core.shell:Ignoring prefix path '/home/aakash/summer_camp_ws/devel'
[0.987s] INFO:colcon.colcon_ros.task.ament_cmake.build:Building ROS package in '/home/aakash/bumperbot_ws/src/bumperbot_firmware' with build type 'ament_cmake'
[0.988s] INFO:colcon.colcon_cmake.task.cmake.build:Building CMake package in '/home/aakash/bumperbot_ws/src/bumperbot_firmware'
[0.989s] INFO:colcon.colcon_core.shell:Skip shell extension 'powershell' for command environment: Not usable outside of PowerShell
[0.989s] DEBUG:colcon.colcon_core.shell:Skip shell extension 'dsv' for command environment
[1.011s] DEBUG:colcon.colcon_core.shell:Ignoring prefix path '/home/aakash/catkin_ws/devel'
[1.012s] DEBUG:colcon.colcon_core.shell:Ignoring prefix path '/home/aakash/summer_camp_ws/devel'
[1.042s] DEBUG:colcon.colcon_core.event_handler.log_command:Invoking command in '/home/aakash/bumperbot_ws/build/bumperbot_msgs': CMAKE_PREFIX_PATH=/home/aakash/bumperbot_ws/install/bumperbot_msgs:/home/aakash/bumperbot_ws/install/bumperbot_firmware:/home/aakash/bumperbot_ws/install/bumperbot_description:/home/aakash/bumperbot_ws/install/bumperbot_cpp_examples:/home/aakash/bumperbot_ws/install/bumperbot_controller:/home/aakash/eyantra_ws/install/ur5_moveit:/home/aakash/eyantra_ws/install/ur_description:/home/aakash/eyantra_ws/install/realsense_gazebo_plugin:/home/aakash/eyantra_ws/install/pymoveit2:/home/aakash/eyantra_ws/install/linkattacher_msgs:/home/aakash/eyantra_ws/install/gazebo_ros2_control:/home/aakash/eyantra_ws/install/eyantra_warehouse:/home/aakash/eyantra_ws/install/ebot_nav2:/home/aakash/eyantra_ws/install/ebot_description:/home/aakash/eyantra_ws/install/ebot_docking:/home/aakash/eyantra_ws/install/aws_robomaker_small_warehouse_world:/home/aakash/intelligent_quads/ardu_ws/install/mavlink:/home/aakash/simulation2_ws/install/move_robot_as:/home/aakash/simulation2_ws/install/t3_action_msg:/home/aakash/simulation2_ws/install/ros2_mapping:/home/aakash/simulation2_ws/install/neo_simulation2:/home/aakash/neobotix_workspace/install/neo_srvs2:/home/aakash/neobotix_workspace/install/neo_simulation2:/home/aakash/neobotix_workspace/install/neo_nav2_bringup:/home/aakash/neobotix_workspace/install/neo_msgs2:/home/aakash/neobotix_workspace/install/neo_localization2:/home/aakash/neobotix_workspace/install/neo_local_planner2:/home/aakash/neobotix_workspace/install/neo_common2:/home/aakash/turtlebot3_ws/install/turtlebot3:/home/aakash/turtlebot3_ws/install/turtlebot3_simulations:/home/aakash/turtlebot3_ws/install/turtlebot3_bringup:/home/aakash/turtlebot3_ws/install/turtlebot3_node:/home/aakash/turtlebot3_ws/install/turtlebot3_navigation2:/home/aakash/turtlebot3_ws/install/turtlebot3_fake_node:/home/aakash/turtlebot3_ws/install/turtlebot3_msgs:/home/aakash/turtlebot3_ws/install/turtlebot3_gazebo:/home/aakash/turtlebot3_ws/install/turtlebot3_description:/home/aakash/turtlebot3_ws/install/turtlebot3_cartographer:/home/aakash/turtlebot3_ws/install/hls_lfcd_lds_driver:/home/aakash/turtlebot3_ws/install/dynamixel_sdk_examples:/home/aakash/turtlebot3_ws/install/dynamixel_sdk_custom_interfaces:/home/aakash/turtlebot3_ws/install/dynamixel_sdk:/home/aakash/bumperbot_ws/install/bumperbot_py_examples:/home/aakash/flytbase_ws/install/turtle_assignment:/home/aakash/flytbase/ros2_ws/install/uav_deconfliction:/home/aakash/simulation2_ws/install/services_pkg:/home/aakash/turtlebot3_ws/install/turtlebot3_teleop:/home/aakash/turtlebot3_ws/install/turtlebot3_example:/home/aakash/turtlebot3_ws/install/tb3_sim:/home/aakash/ros2practice/install/my_robot_controller:/home/aakash/practice_ws/install/my_robot_controller:/opt/ros/humble:/home/aakash/catkin_ws/devel:/home/aakash/summer_camp_ws/devel /usr/bin/cmake --build /home/aakash/bumperbot_ws/build/bumperbot_msgs -- -j12 -l12
[1.062s] DEBUG:colcon.colcon_core.event_handler.log_command:Invoking command in '/home/aakash/bumperbot_ws/build/bumperbot_controller': CMAKE_PREFIX_PATH=/home/aakash/bumperbot_ws/install/bumperbot_msgs:/home/aakash/bumperbot_ws/install/bumperbot_firmware:/home/aakash/bumperbot_ws/install/bumperbot_description:/home/aakash/bumperbot_ws/install/bumperbot_cpp_examples:/home/aakash/bumperbot_ws/install/bumperbot_controller:/home/aakash/eyantra_ws/install/ur5_moveit:/home/aakash/eyantra_ws/install/ur_description:/home/aakash/eyantra_ws/install/realsense_gazebo_plugin:/home/aakash/eyantra_ws/install/pymoveit2:/home/aakash/eyantra_ws/install/linkattacher_msgs:/home/aakash/eyantra_ws/install/gazebo_ros2_control:/home/aakash/eyantra_ws/install/eyantra_warehouse:/home/aakash/eyantra_ws/install/ebot_nav2:/home/aakash/eyantra_ws/install/ebot_description:/home/aakash/eyantra_ws/install/ebot_docking:/home/aakash/eyantra_ws/install/aws_robomaker_small_warehouse_world:/home/aakash/intelligent_quads/ardu_ws/install/mavlink:/home/aakash/simulation2_ws/install/move_robot_as:/home/aakash/simulation2_ws/install/t3_action_msg:/home/aakash/simulation2_ws/install/ros2_mapping:/home/aakash/simulation2_ws/install/neo_simulation2:/home/aakash/neobotix_workspace/install/neo_srvs2:/home/aakash/neobotix_workspace/install/neo_simulation2:/home/aakash/neobotix_workspace/install/neo_nav2_bringup:/home/aakash/neobotix_workspace/install/neo_msgs2:/home/aakash/neobotix_workspace/install/neo_localization2:/home/aakash/neobotix_workspace/install/neo_local_planner2:/home/aakash/neobotix_workspace/install/neo_common2:/home/aakash/turtlebot3_ws/install/turtlebot3:/home/aakash/turtlebot3_ws/install/turtlebot3_simulations:/home/aakash/turtlebot3_ws/install/turtlebot3_bringup:/home/aakash/turtlebot3_ws/install/turtlebot3_node:/home/aakash/turtlebot3_ws/install/turtlebot3_navigation2:/home/aakash/turtlebot3_ws/install/turtlebot3_fake_node:/home/aakash/turtlebot3_ws/install/turtlebot3_msgs:/home/aakash/turtlebot3_ws/install/turtlebot3_gazebo:/home/aakash/turtlebot3_ws/install/turtlebot3_description:/home/aakash/turtlebot3_ws/install/turtlebot3_cartographer:/home/aakash/turtlebot3_ws/install/hls_lfcd_lds_driver:/home/aakash/turtlebot3_ws/install/dynamixel_sdk_examples:/home/aakash/turtlebot3_ws/install/dynamixel_sdk_custom_interfaces:/home/aakash/turtlebot3_ws/install/dynamixel_sdk:/home/aakash/bumperbot_ws/install/bumperbot_py_examples:/home/aakash/flytbase_ws/install/turtle_assignment:/home/aakash/flytbase/ros2_ws/install/uav_deconfliction:/home/aakash/simulation2_ws/install/services_pkg:/home/aakash/turtlebot3_ws/install/turtlebot3_teleop:/home/aakash/turtlebot3_ws/install/turtlebot3_example:/home/aakash/turtlebot3_ws/install/tb3_sim:/home/aakash/ros2practice/install/my_robot_controller:/home/aakash/practice_ws/install/my_robot_controller:/opt/ros/humble:/home/aakash/catkin_ws/devel:/home/aakash/summer_camp_ws/devel /usr/bin/cmake --build /home/aakash/bumperbot_ws/build/bumperbot_controller -- -j12 -l12
[1.077s] DEBUG:colcon.colcon_core.event_handler.log_command:Invoking command in '/home/aakash/bumperbot_ws/build/bumperbot_cpp_examples': CMAKE_PREFIX_PATH=/home/aakash/bumperbot_ws/install/bumperbot_msgs:/home/aakash/bumperbot_ws/install/bumperbot_firmware:/home/aakash/bumperbot_ws/install/bumperbot_description:/home/aakash/bumperbot_ws/install/bumperbot_cpp_examples:/home/aakash/bumperbot_ws/install/bumperbot_controller:/home/aakash/eyantra_ws/install/ur5_moveit:/home/aakash/eyantra_ws/install/ur_description:/home/aakash/eyantra_ws/install/realsense_gazebo_plugin:/home/aakash/eyantra_ws/install/pymoveit2:/home/aakash/eyantra_ws/install/linkattacher_msgs:/home/aakash/eyantra_ws/install/gazebo_ros2_control:/home/aakash/eyantra_ws/install/eyantra_warehouse:/home/aakash/eyantra_ws/install/ebot_nav2:/home/aakash/eyantra_ws/install/ebot_description:/home/aakash/eyantra_ws/install/ebot_docking:/home/aakash/eyantra_ws/install/aws_robomaker_small_warehouse_world:/home/aakash/intelligent_quads/ardu_ws/install/mavlink:/home/aakash/simulation2_ws/install/move_robot_as:/home/aakash/simulation2_ws/install/t3_action_msg:/home/aakash/simulation2_ws/install/ros2_mapping:/home/aakash/simulation2_ws/install/neo_simulation2:/home/aakash/neobotix_workspace/install/neo_srvs2:/home/aakash/neobotix_workspace/install/neo_simulation2:/home/aakash/neobotix_workspace/install/neo_nav2_bringup:/home/aakash/neobotix_workspace/install/neo_msgs2:/home/aakash/neobotix_workspace/install/neo_localization2:/home/aakash/neobotix_workspace/install/neo_local_planner2:/home/aakash/neobotix_workspace/install/neo_common2:/home/aakash/turtlebot3_ws/install/turtlebot3:/home/aakash/turtlebot3_ws/install/turtlebot3_simulations:/home/aakash/turtlebot3_ws/install/turtlebot3_bringup:/home/aakash/turtlebot3_ws/install/turtlebot3_node:/home/aakash/turtlebot3_ws/install/turtlebot3_navigation2:/home/aakash/turtlebot3_ws/install/turtlebot3_fake_node:/home/aakash/turtlebot3_ws/install/turtlebot3_msgs:/home/aakash/turtlebot3_ws/install/turtlebot3_gazebo:/home/aakash/turtlebot3_ws/install/turtlebot3_description:/home/aakash/turtlebot3_ws/install/turtlebot3_cartographer:/home/aakash/turtlebot3_ws/install/hls_lfcd_lds_driver:/home/aakash/turtlebot3_ws/install/dynamixel_sdk_examples:/home/aakash/turtlebot3_ws/install/dynamixel_sdk_custom_interfaces:/home/aakash/turtlebot3_ws/install/dynamixel_sdk:/home/aakash/bumperbot_ws/install/bumperbot_py_examples:/home/aakash/flytbase_ws/install/turtle_assignment:/home/aakash/flytbase/ros2_ws/install/uav_deconfliction:/home/aakash/simulation2_ws/install/services_pkg:/home/aakash/turtlebot3_ws/install/turtlebot3_teleop:/home/aakash/turtlebot3_ws/install/turtlebot3_example:/home/aakash/turtlebot3_ws/install/tb3_sim:/home/aakash/ros2practice/install/my_robot_controller:/home/aakash/practice_ws/install/my_robot_controller:/opt/ros/humble:/home/aakash/catkin_ws/devel:/home/aakash/summer_camp_ws/devel /usr/bin/cmake --build /home/aakash/bumperbot_ws/build/bumperbot_cpp_examples -- -j12 -l12
[1.094s] DEBUG:colcon.colcon_core.event_handler.log_command:Invoking command in '/home/aakash/bumperbot_ws/build/bumperbot_description': CMAKE_PREFIX_PATH=/home/aakash/bumperbot_ws/install/bumperbot_msgs:/home/aakash/bumperbot_ws/install/bumperbot_firmware:/home/aakash/bumperbot_ws/install/bumperbot_description:/home/aakash/bumperbot_ws/install/bumperbot_cpp_examples:/home/aakash/bumperbot_ws/install/bumperbot_controller:/home/aakash/eyantra_ws/install/ur5_moveit:/home/aakash/eyantra_ws/install/ur_description:/home/aakash/eyantra_ws/install/realsense_gazebo_plugin:/home/aakash/eyantra_ws/install/pymoveit2:/home/aakash/eyantra_ws/install/linkattacher_msgs:/home/aakash/eyantra_ws/install/gazebo_ros2_control:/home/aakash/eyantra_ws/install/eyantra_warehouse:/home/aakash/eyantra_ws/install/ebot_nav2:/home/aakash/eyantra_ws/install/ebot_description:/home/aakash/eyantra_ws/install/ebot_docking:/home/aakash/eyantra_ws/install/aws_robomaker_small_warehouse_world:/home/aakash/intelligent_quads/ardu_ws/install/mavlink:/home/aakash/simulation2_ws/install/move_robot_as:/home/aakash/simulation2_ws/install/t3_action_msg:/home/aakash/simulation2_ws/install/ros2_mapping:/home/aakash/simulation2_ws/install/neo_simulation2:/home/aakash/neobotix_workspace/install/neo_srvs2:/home/aakash/neobotix_workspace/install/neo_simulation2:/home/aakash/neobotix_workspace/install/neo_nav2_bringup:/home/aakash/neobotix_workspace/install/neo_msgs2:/home/aakash/neobotix_workspace/install/neo_localization2:/home/aakash/neobotix_workspace/install/neo_local_planner2:/home/aakash/neobotix_workspace/install/neo_common2:/home/aakash/turtlebot3_ws/install/turtlebot3:/home/aakash/turtlebot3_ws/install/turtlebot3_simulations:/home/aakash/turtlebot3_ws/install/turtlebot3_bringup:/home/aakash/turtlebot3_ws/install/turtlebot3_node:/home/aakash/turtlebot3_ws/install/turtlebot3_navigation2:/home/aakash/turtlebot3_ws/install/turtlebot3_fake_node:/home/aakash/turtlebot3_ws/install/turtlebot3_msgs:/home/aakash/turtlebot3_ws/install/turtlebot3_gazebo:/home/aakash/turtlebot3_ws/install/turtlebot3_description:/home/aakash/turtlebot3_ws/install/turtlebot3_cartographer:/home/aakash/turtlebot3_ws/install/hls_lfcd_lds_driver:/home/aakash/turtlebot3_ws/install/dynamixel_sdk_examples:/home/aakash/turtlebot3_ws/install/dynamixel_sdk_custom_interfaces:/home/aakash/turtlebot3_ws/install/dynamixel_sdk:/home/aakash/bumperbot_ws/install/bumperbot_py_examples:/home/aakash/flytbase_ws/install/turtle_assignment:/home/aakash/flytbase/ros2_ws/install/uav_deconfliction:/home/aakash/simulation2_ws/install/services_pkg:/home/aakash/turtlebot3_ws/install/turtlebot3_teleop:/home/aakash/turtlebot3_ws/install/turtlebot3_example:/home/aakash/turtlebot3_ws/install/tb3_sim:/home/aakash/ros2practice/install/my_robot_controller:/home/aakash/practice_ws/install/my_robot_controller:/opt/ros/humble:/home/aakash/catkin_ws/devel:/home/aakash/summer_camp_ws/devel /usr/bin/cmake --build /home/aakash/bumperbot_ws/build/bumperbot_description -- -j12 -l12
[1.113s] DEBUG:colcon.colcon_core.event_handler.log_command:Invoking command in '/home/aakash/bumperbot_ws/build/bumperbot_firmware': CMAKE_PREFIX_PATH=/home/aakash/bumperbot_ws/install/bumperbot_msgs:/home/aakash/bumperbot_ws/install/bumperbot_firmware:/home/aakash/bumperbot_ws/install/bumperbot_description:/home/aakash/bumperbot_ws/install/bumperbot_cpp_examples:/home/aakash/bumperbot_ws/install/bumperbot_controller:/home/aakash/eyantra_ws/install/ur5_moveit:/home/aakash/eyantra_ws/install/ur_description:/home/aakash/eyantra_ws/install/realsense_gazebo_plugin:/home/aakash/eyantra_ws/install/pymoveit2:/home/aakash/eyantra_ws/install/linkattacher_msgs:/home/aakash/eyantra_ws/install/gazebo_ros2_control:/home/aakash/eyantra_ws/install/eyantra_warehouse:/home/aakash/eyantra_ws/install/ebot_nav2:/home/aakash/eyantra_ws/install/ebot_description:/home/aakash/eyantra_ws/install/ebot_docking:/home/aakash/eyantra_ws/install/aws_robomaker_small_warehouse_world:/home/aakash/intelligent_quads/ardu_ws/install/mavlink:/home/aakash/simulation2_ws/install/move_robot_as:/home/aakash/simulation2_ws/install/t3_action_msg:/home/aakash/simulation2_ws/install/ros2_mapping:/home/aakash/simulation2_ws/install/neo_simulation2:/home/aakash/neobotix_workspace/install/neo_srvs2:/home/aakash/neobotix_workspace/install/neo_simulation2:/home/aakash/neobotix_workspace/install/neo_nav2_bringup:/home/aakash/neobotix_workspace/install/neo_msgs2:/home/aakash/neobotix_workspace/install/neo_localization2:/home/aakash/neobotix_workspace/install/neo_local_planner2:/home/aakash/neobotix_workspace/install/neo_common2:/home/aakash/turtlebot3_ws/install/turtlebot3:/home/aakash/turtlebot3_ws/install/turtlebot3_simulations:/home/aakash/turtlebot3_ws/install/turtlebot3_bringup:/home/aakash/turtlebot3_ws/install/turtlebot3_node:/home/aakash/turtlebot3_ws/install/turtlebot3_navigation2:/home/aakash/turtlebot3_ws/install/turtlebot3_fake_node:/home/aakash/turtlebot3_ws/install/turtlebot3_msgs:/home/aakash/turtlebot3_ws/install/turtlebot3_gazebo:/home/aakash/turtlebot3_ws/install/turtlebot3_description:/home/aakash/turtlebot3_ws/install/turtlebot3_cartographer:/home/aakash/turtlebot3_ws/install/hls_lfcd_lds_driver:/home/aakash/turtlebot3_ws/install/dynamixel_sdk_examples:/home/aakash/turtlebot3_ws/install/dynamixel_sdk_custom_interfaces:/home/aakash/turtlebot3_ws/install/dynamixel_sdk:/home/aakash/bumperbot_ws/install/bumperbot_py_examples:/home/aakash/flytbase_ws/install/turtle_assignment:/home/aakash/flytbase/ros2_ws/install/uav_deconfliction:/home/aakash/simulation2_ws/install/services_pkg:/home/aakash/turtlebot3_ws/install/turtlebot3_teleop:/home/aakash/turtlebot3_ws/install/turtlebot3_example:/home/aakash/turtlebot3_ws/install/tb3_sim:/home/aakash/ros2practice/install/my_robot_controller:/home/aakash/practice_ws/install/my_robot_controller:/opt/ros/humble:/home/aakash/catkin_ws/devel:/home/aakash/summer_camp_ws/devel /usr/bin/cmake --build /home/aakash/bumperbot_ws/build/bumperbot_firmware -- -j12 -l12
[1.274s] DEBUG:colcon.colcon_core.event_handler.log_command:Invoked command in '/home/aakash/bumperbot_ws/build/bumperbot_description' returned '0': CMAKE_PREFIX_PATH=/home/aakash/bumperbot_ws/install/bumperbot_msgs:/home/aakash/bumperbot_ws/install/bumperbot_firmware:/home/aakash/bumperbot_ws/install/bumperbot_description:/home/aakash/bumperbot_ws/install/bumperbot_cpp_examples:/home/aakash/bumperbot_ws/install/bumperbot_controller:/home/aakash/eyantra_ws/install/ur5_moveit:/home/aakash/eyantra_ws/install/ur_description:/home/aakash/eyantra_ws/install/realsense_gazebo_plugin:/home/aakash/eyantra_ws/install/pymoveit2:/home/aakash/eyantra_ws/install/linkattacher_msgs:/home/aakash/eyantra_ws/install/gazebo_ros2_control:/home/aakash/eyantra_ws/install/eyantra_warehouse:/home/aakash/eyantra_ws/install/ebot_nav2:/home/aakash/eyantra_ws/install/ebot_description:/home/aakash/eyantra_ws/install/ebot_docking:/home/aakash/eyantra_ws/install/aws_robomaker_small_warehouse_world:/home/aakash/intelligent_quads/ardu_ws/install/mavlink:/home/aakash/simulation2_ws/install/move_robot_as:/home/aakash/simulation2_ws/install/t3_action_msg:/home/aakash/simulation2_ws/install/ros2_mapping:/home/aakash/simulation2_ws/install/neo_simulation2:/home/aakash/neobotix_workspace/install/neo_srvs2:/home/aakash/neobotix_workspace/install/neo_simulation2:/home/aakash/neobotix_workspace/install/neo_nav2_bringup:/home/aakash/neobotix_workspace/install/neo_msgs2:/home/aakash/neobotix_workspace/install/neo_localization2:/home/aakash/neobotix_workspace/install/neo_local_planner2:/home/aakash/neobotix_workspace/install/neo_common2:/home/aakash/turtlebot3_ws/install/turtlebot3:/home/aakash/turtlebot3_ws/install/turtlebot3_simulations:/home/aakash/turtlebot3_ws/install/turtlebot3_bringup:/home/aakash/turtlebot3_ws/install/turtlebot3_node:/home/aakash/turtlebot3_ws/install/turtlebot3_navigation2:/home/aakash/turtlebot3_ws/install/turtlebot3_fake_node:/home/aakash/turtlebot3_ws/install/turtlebot3_msgs:/home/aakash/turtlebot3_ws/install/turtlebot3_gazebo:/home/aakash/turtlebot3_ws/install/turtlebot3_description:/home/aakash/turtlebot3_ws/install/turtlebot3_cartographer:/home/aakash/turtlebot3_ws/install/hls_lfcd_lds_driver:/home/aakash/turtlebot3_ws/install/dynamixel_sdk_examples:/home/aakash/turtlebot3_ws/install/dynamixel_sdk_custom_interfaces:/home/aakash/turtlebot3_ws/install/dynamixel_sdk:/home/aakash/bumperbot_ws/install/bumperbot_py_examples:/home/aakash/flytbase_ws/install/turtle_assignment:/home/aakash/flytbase/ros2_ws/install/uav_deconfliction:/home/aakash/simulation2_ws/install/services_pkg:/home/aakash/turtlebot3_ws/install/turtlebot3_teleop:/home/aakash/turtlebot3_ws/install/turtlebot3_example:/home/aakash/turtlebot3_ws/install/tb3_sim:/home/aakash/ros2practice/install/my_robot_controller:/home/aakash/practice_ws/install/my_robot_controller:/opt/ros/humble:/home/aakash/catkin_ws/devel:/home/aakash/summer_camp_ws/devel /usr/bin/cmake --build /home/aakash/bumperbot_ws/build/bumperbot_description -- -j12 -l12
[1.300s] DEBUG:colcon.colcon_core.event_handler.log_command:Invoking command in '/home/aakash/bumperbot_ws/build/bumperbot_description': CMAKE_PREFIX_PATH=/home/aakash/bumperbot_ws/install/bumperbot_msgs:/home/aakash/bumperbot_ws/install/bumperbot_firmware:/home/aakash/bumperbot_ws/install/bumperbot_description:/home/aakash/bumperbot_ws/install/bumperbot_cpp_examples:/home/aakash/bumperbot_ws/install/bumperbot_controller:/home/aakash/eyantra_ws/install/ur5_moveit:/home/aakash/eyantra_ws/install/ur_description:/home/aakash/eyantra_ws/install/realsense_gazebo_plugin:/home/aakash/eyantra_ws/install/pymoveit2:/home/aakash/eyantra_ws/install/linkattacher_msgs:/home/aakash/eyantra_ws/install/gazebo_ros2_control:/home/aakash/eyantra_ws/install/eyantra_warehouse:/home/aakash/eyantra_ws/install/ebot_nav2:/home/aakash/eyantra_ws/install/ebot_description:/home/aakash/eyantra_ws/install/ebot_docking:/home/aakash/eyantra_ws/install/aws_robomaker_small_warehouse_world:/home/aakash/intelligent_quads/ardu_ws/install/mavlink:/home/aakash/simulation2_ws/install/move_robot_as:/home/aakash/simulation2_ws/install/t3_action_msg:/home/aakash/simulation2_ws/install/ros2_mapping:/home/aakash/simulation2_ws/install/neo_simulation2:/home/aakash/neobotix_workspace/install/neo_srvs2:/home/aakash/neobotix_workspace/install/neo_simulation2:/home/aakash/neobotix_workspace/install/neo_nav2_bringup:/home/aakash/neobotix_workspace/install/neo_msgs2:/home/aakash/neobotix_workspace/install/neo_localization2:/home/aakash/neobotix_workspace/install/neo_local_planner2:/home/aakash/neobotix_workspace/install/neo_common2:/home/aakash/turtlebot3_ws/install/turtlebot3:/home/aakash/turtlebot3_ws/install/turtlebot3_simulations:/home/aakash/turtlebot3_ws/install/turtlebot3_bringup:/home/aakash/turtlebot3_ws/install/turtlebot3_node:/home/aakash/turtlebot3_ws/install/turtlebot3_navigation2:/home/aakash/turtlebot3_ws/install/turtlebot3_fake_node:/home/aakash/turtlebot3_ws/install/turtlebot3_msgs:/home/aakash/turtlebot3_ws/install/turtlebot3_gazebo:/home/aakash/turtlebot3_ws/install/turtlebot3_description:/home/aakash/turtlebot3_ws/install/turtlebot3_cartographer:/home/aakash/turtlebot3_ws/install/hls_lfcd_lds_driver:/home/aakash/turtlebot3_ws/install/dynamixel_sdk_examples:/home/aakash/turtlebot3_ws/install/dynamixel_sdk_custom_interfaces:/home/aakash/turtlebot3_ws/install/dynamixel_sdk:/home/aakash/bumperbot_ws/install/bumperbot_py_examples:/home/aakash/flytbase_ws/install/turtle_assignment:/home/aakash/flytbase/ros2_ws/install/uav_deconfliction:/home/aakash/simulation2_ws/install/services_pkg:/home/aakash/turtlebot3_ws/install/turtlebot3_teleop:/home/aakash/turtlebot3_ws/install/turtlebot3_example:/home/aakash/turtlebot3_ws/install/tb3_sim:/home/aakash/ros2practice/install/my_robot_controller:/home/aakash/practice_ws/install/my_robot_controller:/opt/ros/humble:/home/aakash/catkin_ws/devel:/home/aakash/summer_camp_ws/devel /usr/bin/cmake --install /home/aakash/bumperbot_ws/build/bumperbot_description
[1.316s] Level 1:colcon.colcon_core.environment:create_environment_scripts_only(bumperbot_description)
[1.317s] DEBUG:colcon.colcon_core.event_handler.log_command:Invoked command in '/home/aakash/bumperbot_ws/build/bumperbot_description' returned '0': CMAKE_PREFIX_PATH=/home/aakash/bumperbot_ws/install/bumperbot_msgs:/home/aakash/bumperbot_ws/install/bumperbot_firmware:/home/aakash/bumperbot_ws/install/bumperbot_description:/home/aakash/bumperbot_ws/install/bumperbot_cpp_examples:/home/aakash/bumperbot_ws/install/bumperbot_controller:/home/aakash/eyantra_ws/install/ur5_moveit:/home/aakash/eyantra_ws/install/ur_description:/home/aakash/eyantra_ws/install/realsense_gazebo_plugin:/home/aakash/eyantra_ws/install/pymoveit2:/home/aakash/eyantra_ws/install/linkattacher_msgs:/home/aakash/eyantra_ws/install/gazebo_ros2_control:/home/aakash/eyantra_ws/install/eyantra_warehouse:/home/aakash/eyantra_ws/install/ebot_nav2:/home/aakash/eyantra_ws/install/ebot_description:/home/aakash/eyantra_ws/install/ebot_docking:/home/aakash/eyantra_ws/install/aws_robomaker_small_warehouse_world:/home/aakash/intelligent_quads/ardu_ws/install/mavlink:/home/aakash/simulation2_ws/install/move_robot_as:/home/aakash/simulation2_ws/install/t3_action_msg:/home/aakash/simulation2_ws/install/ros2_mapping:/home/aakash/simulation2_ws/install/neo_simulation2:/home/aakash/neobotix_workspace/install/neo_srvs2:/home/aakash/neobotix_workspace/install/neo_simulation2:/home/aakash/neobotix_workspace/install/neo_nav2_bringup:/home/aakash/neobotix_workspace/install/neo_msgs2:/home/aakash/neobotix_workspace/install/neo_localization2:/home/aakash/neobotix_workspace/install/neo_local_planner2:/home/aakash/neobotix_workspace/install/neo_common2:/home/aakash/turtlebot3_ws/install/turtlebot3:/home/aakash/turtlebot3_ws/install/turtlebot3_simulations:/home/aakash/turtlebot3_ws/install/turtlebot3_bringup:/home/aakash/turtlebot3_ws/install/turtlebot3_node:/home/aakash/turtlebot3_ws/install/turtlebot3_navigation2:/home/aakash/turtlebot3_ws/install/turtlebot3_fake_node:/home/aakash/turtlebot3_ws/install/turtlebot3_msgs:/home/aakash/turtlebot3_ws/install/turtlebot3_gazebo:/home/aakash/turtlebot3_ws/install/turtlebot3_description:/home/aakash/turtlebot3_ws/install/turtlebot3_cartographer:/home/aakash/turtlebot3_ws/install/hls_lfcd_lds_driver:/home/aakash/turtlebot3_ws/install/dynamixel_sdk_examples:/home/aakash/turtlebot3_ws/install/dynamixel_sdk_custom_interfaces:/home/aakash/turtlebot3_ws/install/dynamixel_sdk:/home/aakash/bumperbot_ws/install/bumperbot_py_examples:/home/aakash/flytbase_ws/install/turtle_assignment:/home/aakash/flytbase/ros2_ws/install/uav_deconfliction:/home/aakash/simulation2_ws/install/services_pkg:/home/aakash/turtlebot3_ws/install/turtlebot3_teleop:/home/aakash/turtlebot3_ws/install/turtlebot3_example:/home/aakash/turtlebot3_ws/install/tb3_sim:/home/aakash/ros2practice/install/my_robot_controller:/home/aakash/practice_ws/install/my_robot_controller:/opt/ros/humble:/home/aakash/catkin_ws/devel:/home/aakash/summer_camp_ws/devel /usr/bin/cmake --install /home/aakash/bumperbot_ws/build/bumperbot_description
[1.321s] Level 1:colcon.colcon_core.environment:checking '/home/aakash/bumperbot_ws/install/bumperbot_description' for CMake module files
[1.322s] Level 1:colcon.colcon_core.environment:checking '/home/aakash/bumperbot_ws/install/bumperbot_description' for CMake config files
[1.323s] Level 1:colcon.colcon_core.shell:create_environment_hook('bumperbot_description', 'cmake_prefix_path')
[1.324s] INFO:colcon.colcon_core.shell:Creating environment hook '/home/aakash/bumperbot_ws/install/bumperbot_description/share/bumperbot_description/hook/cmake_prefix_path.ps1'
[1.326s] INFO:colcon.colcon_core.shell:Creating environment descriptor '/home/aakash/bumperbot_ws/install/bumperbot_description/share/bumperbot_description/hook/cmake_prefix_path.dsv'
[1.327s] INFO:colcon.colcon_core.shell:Creating environment hook '/home/aakash/bumperbot_ws/install/bumperbot_description/share/bumperbot_description/hook/cmake_prefix_path.sh'
[1.330s] Level 1:colcon.colcon_core.environment:checking '/home/aakash/bumperbot_ws/install/bumperbot_description/bin'
[1.330s] Level 1:colcon.colcon_core.environment:checking '/home/aakash/bumperbot_ws/install/bumperbot_description/lib/pkgconfig/bumperbot_description.pc'
[1.331s] Level 1:colcon.colcon_core.environment:checking '/home/aakash/bumperbot_ws/install/bumperbot_description/lib/python3.10/site-packages'
[1.331s] Level 1:colcon.colcon_core.environment:checking '/home/aakash/bumperbot_ws/install/bumperbot_description/bin'
[1.331s] INFO:colcon.colcon_core.shell:Creating package script '/home/aakash/bumperbot_ws/install/bumperbot_description/share/bumperbot_description/package.ps1'
[1.333s] INFO:colcon.colcon_core.shell:Creating package descriptor '/home/aakash/bumperbot_ws/install/bumperbot_description/share/bumperbot_description/package.dsv'
[1.333s] INFO:colcon.colcon_core.shell:Creating package script '/home/aakash/bumperbot_ws/install/bumperbot_description/share/bumperbot_description/package.sh'
[1.334s] INFO:colcon.colcon_core.shell:Creating package script '/home/aakash/bumperbot_ws/install/bumperbot_description/share/bumperbot_description/package.bash'
[1.335s] INFO:colcon.colcon_core.shell:Creating package script '/home/aakash/bumperbot_ws/install/bumperbot_description/share/bumperbot_description/package.zsh'
[1.337s] Level 1:colcon.colcon_core.environment:create_file_with_runtime_dependencies(/home/aakash/bumperbot_ws/install/bumperbot_description/share/colcon-core/packages/bumperbot_description)
[1.363s] Level 1:colcon.colcon_core.environment:create_environment_scripts_only(bumperbot_description)
[1.363s] Level 1:colcon.colcon_core.environment:checking '/home/aakash/bumperbot_ws/install/bumperbot_description' for CMake module files
[1.364s] Level 1:colcon.colcon_core.environment:checking '/home/aakash/bumperbot_ws/install/bumperbot_description' for CMake config files
[1.364s] Level 1:colcon.colcon_core.shell:create_environment_hook('bumperbot_description', 'cmake_prefix_path')
[1.365s] INFO:colcon.colcon_core.shell:Creating environment hook '/home/aakash/bumperbot_ws/install/bumperbot_description/share/bumperbot_description/hook/cmake_prefix_path.ps1'
[1.366s] INFO:colcon.colcon_core.shell:Creating environment descriptor '/home/aakash/bumperbot_ws/install/bumperbot_description/share/bumperbot_description/hook/cmake_prefix_path.dsv'
[1.366s] INFO:colcon.colcon_core.shell:Creating environment hook '/home/aakash/bumperbot_ws/install/bumperbot_description/share/bumperbot_description/hook/cmake_prefix_path.sh'
[1.367s] Level 1:colcon.colcon_core.environment:checking '/home/aakash/bumperbot_ws/install/bumperbot_description/bin'
[1.367s] Level 1:colcon.colcon_core.environment:checking '/home/aakash/bumperbot_ws/install/bumperbot_description/lib/pkgconfig/bumperbot_description.pc'
[1.368s] Level 1:colcon.colcon_core.environment:checking '/home/aakash/bumperbot_ws/install/bumperbot_description/lib/python3.10/site-packages'
[1.368s] Level 1:colcon.colcon_core.environment:checking '/home/aakash/bumperbot_ws/install/bumperbot_description/bin'
[1.368s] INFO:colcon.colcon_core.shell:Creating package script '/home/aakash/bumperbot_ws/install/bumperbot_description/share/bumperbot_description/package.ps1'
[1.370s] INFO:colcon.colcon_core.shell:Creating package descriptor '/home/aakash/bumperbot_ws/install/bumperbot_description/share/bumperbot_description/package.dsv'
[1.371s] INFO:colcon.colcon_core.shell:Creating package script '/home/aakash/bumperbot_ws/install/bumperbot_description/share/bumperbot_description/package.sh'
[1.372s] INFO:colcon.colcon_core.shell:Creating package script '/home/aakash/bumperbot_ws/install/bumperbot_description/share/bumperbot_description/package.bash'
[1.373s] INFO:colcon.colcon_core.shell:Creating package script '/home/aakash/bumperbot_ws/install/bumperbot_description/share/bumperbot_description/package.zsh'
[1.396s] Level 1:colcon.colcon_core.environment:create_file_with_runtime_dependencies(/home/aakash/bumperbot_ws/install/bumperbot_description/share/colcon-core/packages/bumperbot_description)
[1.630s] DEBUG:colcon.colcon_core.event_handler.log_command:Invoked command in '/home/aakash/bumperbot_ws/build/bumperbot_cpp_examples' returned '0': CMAKE_PREFIX_PATH=/home/aakash/bumperbot_ws/install/bumperbot_msgs:/home/aakash/bumperbot_ws/install/bumperbot_firmware:/home/aakash/bumperbot_ws/install/bumperbot_description:/home/aakash/bumperbot_ws/install/bumperbot_cpp_examples:/home/aakash/bumperbot_ws/install/bumperbot_controller:/home/aakash/eyantra_ws/install/ur5_moveit:/home/aakash/eyantra_ws/install/ur_description:/home/aakash/eyantra_ws/install/realsense_gazebo_plugin:/home/aakash/eyantra_ws/install/pymoveit2:/home/aakash/eyantra_ws/install/linkattacher_msgs:/home/aakash/eyantra_ws/install/gazebo_ros2_control:/home/aakash/eyantra_ws/install/eyantra_warehouse:/home/aakash/eyantra_ws/install/ebot_nav2:/home/aakash/eyantra_ws/install/ebot_description:/home/aakash/eyantra_ws/install/ebot_docking:/home/aakash/eyantra_ws/install/aws_robomaker_small_warehouse_world:/home/aakash/intelligent_quads/ardu_ws/install/mavlink:/home/aakash/simulation2_ws/install/move_robot_as:/home/aakash/simulation2_ws/install/t3_action_msg:/home/aakash/simulation2_ws/install/ros2_mapping:/home/aakash/simulation2_ws/install/neo_simulation2:/home/aakash/neobotix_workspace/install/neo_srvs2:/home/aakash/neobotix_workspace/install/neo_simulation2:/home/aakash/neobotix_workspace/install/neo_nav2_bringup:/home/aakash/neobotix_workspace/install/neo_msgs2:/home/aakash/neobotix_workspace/install/neo_localization2:/home/aakash/neobotix_workspace/install/neo_local_planner2:/home/aakash/neobotix_workspace/install/neo_common2:/home/aakash/turtlebot3_ws/install/turtlebot3:/home/aakash/turtlebot3_ws/install/turtlebot3_simulations:/home/aakash/turtlebot3_ws/install/turtlebot3_bringup:/home/aakash/turtlebot3_ws/install/turtlebot3_node:/home/aakash/turtlebot3_ws/install/turtlebot3_navigation2:/home/aakash/turtlebot3_ws/install/turtlebot3_fake_node:/home/aakash/turtlebot3_ws/install/turtlebot3_msgs:/home/aakash/turtlebot3_ws/install/turtlebot3_gazebo:/home/aakash/turtlebot3_ws/install/turtlebot3_description:/home/aakash/turtlebot3_ws/install/turtlebot3_cartographer:/home/aakash/turtlebot3_ws/install/hls_lfcd_lds_driver:/home/aakash/turtlebot3_ws/install/dynamixel_sdk_examples:/home/aakash/turtlebot3_ws/install/dynamixel_sdk_custom_interfaces:/home/aakash/turtlebot3_ws/install/dynamixel_sdk:/home/aakash/bumperbot_ws/install/bumperbot_py_examples:/home/aakash/flytbase_ws/install/turtle_assignment:/home/aakash/flytbase/ros2_ws/install/uav_deconfliction:/home/aakash/simulation2_ws/install/services_pkg:/home/aakash/turtlebot3_ws/install/turtlebot3_teleop:/home/aakash/turtlebot3_ws/install/turtlebot3_example:/home/aakash/turtlebot3_ws/install/tb3_sim:/home/aakash/ros2practice/install/my_robot_controller:/home/aakash/practice_ws/install/my_robot_controller:/opt/ros/humble:/home/aakash/catkin_ws/devel:/home/aakash/summer_camp_ws/devel /usr/bin/cmake --build /home/aakash/bumperbot_ws/build/bumperbot_cpp_examples -- -j12 -l12
[1.642s] DEBUG:colcon.colcon_core.event_handler.log_command:Invoking command in '/home/aakash/bumperbot_ws/build/bumperbot_cpp_examples': CMAKE_PREFIX_PATH=/home/aakash/bumperbot_ws/install/bumperbot_msgs:/home/aakash/bumperbot_ws/install/bumperbot_firmware:/home/aakash/bumperbot_ws/install/bumperbot_description:/home/aakash/bumperbot_ws/install/bumperbot_cpp_examples:/home/aakash/bumperbot_ws/install/bumperbot_controller:/home/aakash/eyantra_ws/install/ur5_moveit:/home/aakash/eyantra_ws/install/ur_description:/home/aakash/eyantra_ws/install/realsense_gazebo_plugin:/home/aakash/eyantra_ws/install/pymoveit2:/home/aakash/eyantra_ws/install/linkattacher_msgs:/home/aakash/eyantra_ws/install/gazebo_ros2_control:/home/aakash/eyantra_ws/install/eyantra_warehouse:/home/aakash/eyantra_ws/install/ebot_nav2:/home/aakash/eyantra_ws/install/ebot_description:/home/aakash/eyantra_ws/install/ebot_docking:/home/aakash/eyantra_ws/install/aws_robomaker_small_warehouse_world:/home/aakash/intelligent_quads/ardu_ws/install/mavlink:/home/aakash/simulation2_ws/install/move_robot_as:/home/aakash/simulation2_ws/install/t3_action_msg:/home/aakash/simulation2_ws/install/ros2_mapping:/home/aakash/simulation2_ws/install/neo_simulation2:/home/aakash/neobotix_workspace/install/neo_srvs2:/home/aakash/neobotix_workspace/install/neo_simulation2:/home/aakash/neobotix_workspace/install/neo_nav2_bringup:/home/aakash/neobotix_workspace/install/neo_msgs2:/home/aakash/neobotix_workspace/install/neo_localization2:/home/aakash/neobotix_workspace/install/neo_local_planner2:/home/aakash/neobotix_workspace/install/neo_common2:/home/aakash/turtlebot3_ws/install/turtlebot3:/home/aakash/turtlebot3_ws/install/turtlebot3_simulations:/home/aakash/turtlebot3_ws/install/turtlebot3_bringup:/home/aakash/turtlebot3_ws/install/turtlebot3_node:/home/aakash/turtlebot3_ws/install/turtlebot3_navigation2:/home/aakash/turtlebot3_ws/install/turtlebot3_fake_node:/home/aakash/turtlebot3_ws/install/turtlebot3_msgs:/home/aakash/turtlebot3_ws/install/turtlebot3_gazebo:/home/aakash/turtlebot3_ws/install/turtlebot3_description:/home/aakash/turtlebot3_ws/install/turtlebot3_cartographer:/home/aakash/turtlebot3_ws/install/hls_lfcd_lds_driver:/home/aakash/turtlebot3_ws/install/dynamixel_sdk_examples:/home/aakash/turtlebot3_ws/install/dynamixel_sdk_custom_interfaces:/home/aakash/turtlebot3_ws/install/dynamixel_sdk:/home/aakash/bumperbot_ws/install/bumperbot_py_examples:/home/aakash/flytbase_ws/install/turtle_assignment:/home/aakash/flytbase/ros2_ws/install/uav_deconfliction:/home/aakash/simulation2_ws/install/services_pkg:/home/aakash/turtlebot3_ws/install/turtlebot3_teleop:/home/aakash/turtlebot3_ws/install/turtlebot3_example:/home/aakash/turtlebot3_ws/install/tb3_sim:/home/aakash/ros2practice/install/my_robot_controller:/home/aakash/practice_ws/install/my_robot_controller:/opt/ros/humble:/home/aakash/catkin_ws/devel:/home/aakash/summer_camp_ws/devel /usr/bin/cmake --install /home/aakash/bumperbot_ws/build/bumperbot_cpp_examples
[1.707s] Level 1:colcon.colcon_core.environment:create_environment_scripts_only(bumperbot_cpp_examples)
[1.709s] Level 1:colcon.colcon_core.environment:checking '/home/aakash/bumperbot_ws/install/bumperbot_cpp_examples' for CMake module files
[1.709s] DEBUG:colcon.colcon_core.event_handler.log_command:Invoked command in '/home/aakash/bumperbot_ws/build/bumperbot_cpp_examples' returned '0': CMAKE_PREFIX_PATH=/home/aakash/bumperbot_ws/install/bumperbot_msgs:/home/aakash/bumperbot_ws/install/bumperbot_firmware:/home/aakash/bumperbot_ws/install/bumperbot_description:/home/aakash/bumperbot_ws/install/bumperbot_cpp_examples:/home/aakash/bumperbot_ws/install/bumperbot_controller:/home/aakash/eyantra_ws/install/ur5_moveit:/home/aakash/eyantra_ws/install/ur_description:/home/aakash/eyantra_ws/install/realsense_gazebo_plugin:/home/aakash/eyantra_ws/install/pymoveit2:/home/aakash/eyantra_ws/install/linkattacher_msgs:/home/aakash/eyantra_ws/install/gazebo_ros2_control:/home/aakash/eyantra_ws/install/eyantra_warehouse:/home/aakash/eyantra_ws/install/ebot_nav2:/home/aakash/eyantra_ws/install/ebot_description:/home/aakash/eyantra_ws/install/ebot_docking:/home/aakash/eyantra_ws/install/aws_robomaker_small_warehouse_world:/home/aakash/intelligent_quads/ardu_ws/install/mavlink:/home/aakash/simulation2_ws/install/move_robot_as:/home/aakash/simulation2_ws/install/t3_action_msg:/home/aakash/simulation2_ws/install/ros2_mapping:/home/aakash/simulation2_ws/install/neo_simulation2:/home/aakash/neobotix_workspace/install/neo_srvs2:/home/aakash/neobotix_workspace/install/neo_simulation2:/home/aakash/neobotix_workspace/install/neo_nav2_bringup:/home/aakash/neobotix_workspace/install/neo_msgs2:/home/aakash/neobotix_workspace/install/neo_localization2:/home/aakash/neobotix_workspace/install/neo_local_planner2:/home/aakash/neobotix_workspace/install/neo_common2:/home/aakash/turtlebot3_ws/install/turtlebot3:/home/aakash/turtlebot3_ws/install/turtlebot3_simulations:/home/aakash/turtlebot3_ws/install/turtlebot3_bringup:/home/aakash/turtlebot3_ws/install/turtlebot3_node:/home/aakash/turtlebot3_ws/install/turtlebot3_navigation2:/home/aakash/turtlebot3_ws/install/turtlebot3_fake_node:/home/aakash/turtlebot3_ws/install/turtlebot3_msgs:/home/aakash/turtlebot3_ws/install/turtlebot3_gazebo:/home/aakash/turtlebot3_ws/install/turtlebot3_description:/home/aakash/turtlebot3_ws/install/turtlebot3_cartographer:/home/aakash/turtlebot3_ws/install/hls_lfcd_lds_driver:/home/aakash/turtlebot3_ws/install/dynamixel_sdk_examples:/home/aakash/turtlebot3_ws/install/dynamixel_sdk_custom_interfaces:/home/aakash/turtlebot3_ws/install/dynamixel_sdk:/home/aakash/bumperbot_ws/install/bumperbot_py_examples:/home/aakash/flytbase_ws/install/turtle_assignment:/home/aakash/flytbase/ros2_ws/install/uav_deconfliction:/home/aakash/simulation2_ws/install/services_pkg:/home/aakash/turtlebot3_ws/install/turtlebot3_teleop:/home/aakash/turtlebot3_ws/install/turtlebot3_example:/home/aakash/turtlebot3_ws/install/tb3_sim:/home/aakash/ros2practice/install/my_robot_controller:/home/aakash/practice_ws/install/my_robot_controller:/opt/ros/humble:/home/aakash/catkin_ws/devel:/home/aakash/summer_camp_ws/devel /usr/bin/cmake --install /home/aakash/bumperbot_ws/build/bumperbot_cpp_examples
[1.711s] Level 1:colcon.colcon_core.environment:checking '/home/aakash/bumperbot_ws/install/bumperbot_cpp_examples' for CMake config files
[1.712s] Level 1:colcon.colcon_core.shell:create_environment_hook('bumperbot_cpp_examples', 'cmake_prefix_path')
[1.712s] INFO:colcon.colcon_core.shell:Creating environment hook '/home/aakash/bumperbot_ws/install/bumperbot_cpp_examples/share/bumperbot_cpp_examples/hook/cmake_prefix_path.ps1'
[1.714s] INFO:colcon.colcon_core.shell:Creating environment descriptor '/home/aakash/bumperbot_ws/install/bumperbot_cpp_examples/share/bumperbot_cpp_examples/hook/cmake_prefix_path.dsv'
[1.716s] INFO:colcon.colcon_core.shell:Creating environment hook '/home/aakash/bumperbot_ws/install/bumperbot_cpp_examples/share/bumperbot_cpp_examples/hook/cmake_prefix_path.sh'
[1.717s] Level 1:colcon.colcon_core.environment:checking '/home/aakash/bumperbot_ws/install/bumperbot_cpp_examples/lib'
[1.718s] Level 1:colcon.colcon_core.environment:checking '/home/aakash/bumperbot_ws/install/bumperbot_cpp_examples/bin'
[1.718s] Level 1:colcon.colcon_core.environment:checking '/home/aakash/bumperbot_ws/install/bumperbot_cpp_examples/lib/pkgconfig/bumperbot_cpp_examples.pc'
[1.719s] Level 1:colcon.colcon_core.environment:checking '/home/aakash/bumperbot_ws/install/bumperbot_cpp_examples/lib/python3.10/site-packages'
[1.719s] Level 1:colcon.colcon_core.environment:checking '/home/aakash/bumperbot_ws/install/bumperbot_cpp_examples/bin'
[1.721s] INFO:colcon.colcon_core.shell:Creating package script '/home/aakash/bumperbot_ws/install/bumperbot_cpp_examples/share/bumperbot_cpp_examples/package.ps1'
[1.722s] INFO:colcon.colcon_core.shell:Creating package descriptor '/home/aakash/bumperbot_ws/install/bumperbot_cpp_examples/share/bumperbot_cpp_examples/package.dsv'
[1.724s] INFO:colcon.colcon_core.shell:Creating package script '/home/aakash/bumperbot_ws/install/bumperbot_cpp_examples/share/bumperbot_cpp_examples/package.sh'
[1.726s] INFO:colcon.colcon_core.shell:Creating package script '/home/aakash/bumperbot_ws/install/bumperbot_cpp_examples/share/bumperbot_cpp_examples/package.bash'
[1.727s] INFO:colcon.colcon_core.shell:Creating package script '/home/aakash/bumperbot_ws/install/bumperbot_cpp_examples/share/bumperbot_cpp_examples/package.zsh'
[1.729s] Level 1:colcon.colcon_core.environment:create_file_with_runtime_dependencies(/home/aakash/bumperbot_ws/install/bumperbot_cpp_examples/share/colcon-core/packages/bumperbot_cpp_examples)
[1.731s] Level 1:colcon.colcon_core.environment:create_environment_scripts_only(bumperbot_cpp_examples)
[1.731s] Level 1:colcon.colcon_core.environment:checking '/home/aakash/bumperbot_ws/install/bumperbot_cpp_examples' for CMake module files
[1.732s] Level 1:colcon.colcon_core.environment:checking '/home/aakash/bumperbot_ws/install/bumperbot_cpp_examples' for CMake config files
[1.732s] Level 1:colcon.colcon_core.shell:create_environment_hook('bumperbot_cpp_examples', 'cmake_prefix_path')
[1.733s] INFO:colcon.colcon_core.shell:Creating environment hook '/home/aakash/bumperbot_ws/install/bumperbot_cpp_examples/share/bumperbot_cpp_examples/hook/cmake_prefix_path.ps1'
[1.734s] INFO:colcon.colcon_core.shell:Creating environment descriptor '/home/aakash/bumperbot_ws/install/bumperbot_cpp_examples/share/bumperbot_cpp_examples/hook/cmake_prefix_path.dsv'
[1.735s] INFO:colcon.colcon_core.shell:Creating environment hook '/home/aakash/bumperbot_ws/install/bumperbot_cpp_examples/share/bumperbot_cpp_examples/hook/cmake_prefix_path.sh'
[1.736s] Level 1:colcon.colcon_core.environment:checking '/home/aakash/bumperbot_ws/install/bumperbot_cpp_examples/lib'
[1.737s] Level 1:colcon.colcon_core.environment:checking '/home/aakash/bumperbot_ws/install/bumperbot_cpp_examples/bin'
[1.737s] Level 1:colcon.colcon_core.environment:checking '/home/aakash/bumperbot_ws/install/bumperbot_cpp_examples/lib/pkgconfig/bumperbot_cpp_examples.pc'
[1.737s] Level 1:colcon.colcon_core.environment:checking '/home/aakash/bumperbot_ws/install/bumperbot_cpp_examples/lib/python3.10/site-packages'
[1.737s] Level 1:colcon.colcon_core.environment:checking '/home/aakash/bumperbot_ws/install/bumperbot_cpp_examples/bin'
[1.738s] INFO:colcon.colcon_core.shell:Creating package script '/home/aakash/bumperbot_ws/install/bumperbot_cpp_examples/share/bumperbot_cpp_examples/package.ps1'
[1.739s] INFO:colcon.colcon_core.shell:Creating package descriptor '/home/aakash/bumperbot_ws/install/bumperbot_cpp_examples/share/bumperbot_cpp_examples/package.dsv'
[1.741s] INFO:colcon.colcon_core.shell:Creating package script '/home/aakash/bumperbot_ws/install/bumperbot_cpp_examples/share/bumperbot_cpp_examples/package.sh'
[1.743s] INFO:colcon.colcon_core.shell:Creating package script '/home/aakash/bumperbot_ws/install/bumperbot_cpp_examples/share/bumperbot_cpp_examples/package.bash'
[1.745s] INFO:colcon.colcon_core.shell:Creating package script '/home/aakash/bumperbot_ws/install/bumperbot_cpp_examples/share/bumperbot_cpp_examples/package.zsh'
[1.746s] Level 1:colcon.colcon_core.environment:create_file_with_runtime_dependencies(/home/aakash/bumperbot_ws/install/bumperbot_cpp_examples/share/colcon-core/packages/bumperbot_cpp_examples)
[2.441s] DEBUG:colcon.colcon_core.event_handler.log_command:Invoked command in '/home/aakash/bumperbot_ws/build/bumperbot_firmware' returned '0': CMAKE_PREFIX_PATH=/home/aakash/bumperbot_ws/install/bumperbot_msgs:/home/aakash/bumperbot_ws/install/bumperbot_firmware:/home/aakash/bumperbot_ws/install/bumperbot_description:/home/aakash/bumperbot_ws/install/bumperbot_cpp_examples:/home/aakash/bumperbot_ws/install/bumperbot_controller:/home/aakash/eyantra_ws/install/ur5_moveit:/home/aakash/eyantra_ws/install/ur_description:/home/aakash/eyantra_ws/install/realsense_gazebo_plugin:/home/aakash/eyantra_ws/install/pymoveit2:/home/aakash/eyantra_ws/install/linkattacher_msgs:/home/aakash/eyantra_ws/install/gazebo_ros2_control:/home/aakash/eyantra_ws/install/eyantra_warehouse:/home/aakash/eyantra_ws/install/ebot_nav2:/home/aakash/eyantra_ws/install/ebot_description:/home/aakash/eyantra_ws/install/ebot_docking:/home/aakash/eyantra_ws/install/aws_robomaker_small_warehouse_world:/home/aakash/intelligent_quads/ardu_ws/install/mavlink:/home/aakash/simulation2_ws/install/move_robot_as:/home/aakash/simulation2_ws/install/t3_action_msg:/home/aakash/simulation2_ws/install/ros2_mapping:/home/aakash/simulation2_ws/install/neo_simulation2:/home/aakash/neobotix_workspace/install/neo_srvs2:/home/aakash/neobotix_workspace/install/neo_simulation2:/home/aakash/neobotix_workspace/install/neo_nav2_bringup:/home/aakash/neobotix_workspace/install/neo_msgs2:/home/aakash/neobotix_workspace/install/neo_localization2:/home/aakash/neobotix_workspace/install/neo_local_planner2:/home/aakash/neobotix_workspace/install/neo_common2:/home/aakash/turtlebot3_ws/install/turtlebot3:/home/aakash/turtlebot3_ws/install/turtlebot3_simulations:/home/aakash/turtlebot3_ws/install/turtlebot3_bringup:/home/aakash/turtlebot3_ws/install/turtlebot3_node:/home/aakash/turtlebot3_ws/install/turtlebot3_navigation2:/home/aakash/turtlebot3_ws/install/turtlebot3_fake_node:/home/aakash/turtlebot3_ws/install/turtlebot3_msgs:/home/aakash/turtlebot3_ws/install/turtlebot3_gazebo:/home/aakash/turtlebot3_ws/install/turtlebot3_description:/home/aakash/turtlebot3_ws/install/turtlebot3_cartographer:/home/aakash/turtlebot3_ws/install/hls_lfcd_lds_driver:/home/aakash/turtlebot3_ws/install/dynamixel_sdk_examples:/home/aakash/turtlebot3_ws/install/dynamixel_sdk_custom_interfaces:/home/aakash/turtlebot3_ws/install/dynamixel_sdk:/home/aakash/bumperbot_ws/install/bumperbot_py_examples:/home/aakash/flytbase_ws/install/turtle_assignment:/home/aakash/flytbase/ros2_ws/install/uav_deconfliction:/home/aakash/simulation2_ws/install/services_pkg:/home/aakash/turtlebot3_ws/install/turtlebot3_teleop:/home/aakash/turtlebot3_ws/install/turtlebot3_example:/home/aakash/turtlebot3_ws/install/tb3_sim:/home/aakash/ros2practice/install/my_robot_controller:/home/aakash/practice_ws/install/my_robot_controller:/opt/ros/humble:/home/aakash/catkin_ws/devel:/home/aakash/summer_camp_ws/devel /usr/bin/cmake --build /home/aakash/bumperbot_ws/build/bumperbot_firmware -- -j12 -l12
[2.443s] DEBUG:colcon.colcon_core.event_handler.log_command:Invoking command in '/home/aakash/bumperbot_ws/build/bumperbot_firmware': CMAKE_PREFIX_PATH=/home/aakash/bumperbot_ws/install/bumperbot_msgs:/home/aakash/bumperbot_ws/install/bumperbot_firmware:/home/aakash/bumperbot_ws/install/bumperbot_description:/home/aakash/bumperbot_ws/install/bumperbot_cpp_examples:/home/aakash/bumperbot_ws/install/bumperbot_controller:/home/aakash/eyantra_ws/install/ur5_moveit:/home/aakash/eyantra_ws/install/ur_description:/home/aakash/eyantra_ws/install/realsense_gazebo_plugin:/home/aakash/eyantra_ws/install/pymoveit2:/home/aakash/eyantra_ws/install/linkattacher_msgs:/home/aakash/eyantra_ws/install/gazebo_ros2_control:/home/aakash/eyantra_ws/install/eyantra_warehouse:/home/aakash/eyantra_ws/install/ebot_nav2:/home/aakash/eyantra_ws/install/ebot_description:/home/aakash/eyantra_ws/install/ebot_docking:/home/aakash/eyantra_ws/install/aws_robomaker_small_warehouse_world:/home/aakash/intelligent_quads/ardu_ws/install/mavlink:/home/aakash/simulation2_ws/install/move_robot_as:/home/aakash/simulation2_ws/install/t3_action_msg:/home/aakash/simulation2_ws/install/ros2_mapping:/home/aakash/simulation2_ws/install/neo_simulation2:/home/aakash/neobotix_workspace/install/neo_srvs2:/home/aakash/neobotix_workspace/install/neo_simulation2:/home/aakash/neobotix_workspace/install/neo_nav2_bringup:/home/aakash/neobotix_workspace/install/neo_msgs2:/home/aakash/neobotix_workspace/install/neo_localization2:/home/aakash/neobotix_workspace/install/neo_local_planner2:/home/aakash/neobotix_workspace/install/neo_common2:/home/aakash/turtlebot3_ws/install/turtlebot3:/home/aakash/turtlebot3_ws/install/turtlebot3_simulations:/home/aakash/turtlebot3_ws/install/turtlebot3_bringup:/home/aakash/turtlebot3_ws/install/turtlebot3_node:/home/aakash/turtlebot3_ws/install/turtlebot3_navigation2:/home/aakash/turtlebot3_ws/install/turtlebot3_fake_node:/home/aakash/turtlebot3_ws/install/turtlebot3_msgs:/home/aakash/turtlebot3_ws/install/turtlebot3_gazebo:/home/aakash/turtlebot3_ws/install/turtlebot3_description:/home/aakash/turtlebot3_ws/install/turtlebot3_cartographer:/home/aakash/turtlebot3_ws/install/hls_lfcd_lds_driver:/home/aakash/turtlebot3_ws/install/dynamixel_sdk_examples:/home/aakash/turtlebot3_ws/install/dynamixel_sdk_custom_interfaces:/home/aakash/turtlebot3_ws/install/dynamixel_sdk:/home/aakash/bumperbot_ws/install/bumperbot_py_examples:/home/aakash/flytbase_ws/install/turtle_assignment:/home/aakash/flytbase/ros2_ws/install/uav_deconfliction:/home/aakash/simulation2_ws/install/services_pkg:/home/aakash/turtlebot3_ws/install/turtlebot3_teleop:/home/aakash/turtlebot3_ws/install/turtlebot3_example:/home/aakash/turtlebot3_ws/install/tb3_sim:/home/aakash/ros2practice/install/my_robot_controller:/home/aakash/practice_ws/install/my_robot_controller:/opt/ros/humble:/home/aakash/catkin_ws/devel:/home/aakash/summer_camp_ws/devel /usr/bin/cmake --install /home/aakash/bumperbot_ws/build/bumperbot_firmware
[2.444s] DEBUG:colcon.colcon_core.event_handler.log_command:Invoked command in '/home/aakash/bumperbot_ws/build/bumperbot_controller' returned '0': CMAKE_PREFIX_PATH=/home/aakash/bumperbot_ws/install/bumperbot_msgs:/home/aakash/bumperbot_ws/install/bumperbot_firmware:/home/aakash/bumperbot_ws/install/bumperbot_description:/home/aakash/bumperbot_ws/install/bumperbot_cpp_examples:/home/aakash/bumperbot_ws/install/bumperbot_controller:/home/aakash/eyantra_ws/install/ur5_moveit:/home/aakash/eyantra_ws/install/ur_description:/home/aakash/eyantra_ws/install/realsense_gazebo_plugin:/home/aakash/eyantra_ws/install/pymoveit2:/home/aakash/eyantra_ws/install/linkattacher_msgs:/home/aakash/eyantra_ws/install/gazebo_ros2_control:/home/aakash/eyantra_ws/install/eyantra_warehouse:/home/aakash/eyantra_ws/install/ebot_nav2:/home/aakash/eyantra_ws/install/ebot_description:/home/aakash/eyantra_ws/install/ebot_docking:/home/aakash/eyantra_ws/install/aws_robomaker_small_warehouse_world:/home/aakash/intelligent_quads/ardu_ws/install/mavlink:/home/aakash/simulation2_ws/install/move_robot_as:/home/aakash/simulation2_ws/install/t3_action_msg:/home/aakash/simulation2_ws/install/ros2_mapping:/home/aakash/simulation2_ws/install/neo_simulation2:/home/aakash/neobotix_workspace/install/neo_srvs2:/home/aakash/neobotix_workspace/install/neo_simulation2:/home/aakash/neobotix_workspace/install/neo_nav2_bringup:/home/aakash/neobotix_workspace/install/neo_msgs2:/home/aakash/neobotix_workspace/install/neo_localization2:/home/aakash/neobotix_workspace/install/neo_local_planner2:/home/aakash/neobotix_workspace/install/neo_common2:/home/aakash/turtlebot3_ws/install/turtlebot3:/home/aakash/turtlebot3_ws/install/turtlebot3_simulations:/home/aakash/turtlebot3_ws/install/turtlebot3_bringup:/home/aakash/turtlebot3_ws/install/turtlebot3_node:/home/aakash/turtlebot3_ws/install/turtlebot3_navigation2:/home/aakash/turtlebot3_ws/install/turtlebot3_fake_node:/home/aakash/turtlebot3_ws/install/turtlebot3_msgs:/home/aakash/turtlebot3_ws/install/turtlebot3_gazebo:/home/aakash/turtlebot3_ws/install/turtlebot3_description:/home/aakash/turtlebot3_ws/install/turtlebot3_cartographer:/home/aakash/turtlebot3_ws/install/hls_lfcd_lds_driver:/home/aakash/turtlebot3_ws/install/dynamixel_sdk_examples:/home/aakash/turtlebot3_ws/install/dynamixel_sdk_custom_interfaces:/home/aakash/turtlebot3_ws/install/dynamixel_sdk:/home/aakash/bumperbot_ws/install/bumperbot_py_examples:/home/aakash/flytbase_ws/install/turtle_assignment:/home/aakash/flytbase/ros2_ws/install/uav_deconfliction:/home/aakash/simulation2_ws/install/services_pkg:/home/aakash/turtlebot3_ws/install/turtlebot3_teleop:/home/aakash/turtlebot3_ws/install/turtlebot3_example:/home/aakash/turtlebot3_ws/install/tb3_sim:/home/aakash/ros2practice/install/my_robot_controller:/home/aakash/practice_ws/install/my_robot_controller:/opt/ros/humble:/home/aakash/catkin_ws/devel:/home/aakash/summer_camp_ws/devel /usr/bin/cmake --build /home/aakash/bumperbot_ws/build/bumperbot_controller -- -j12 -l12
[2.446s] DEBUG:colcon.colcon_core.event_handler.log_command:Invoking command in '/home/aakash/bumperbot_ws/build/bumperbot_controller': CMAKE_PREFIX_PATH=/home/aakash/bumperbot_ws/install/bumperbot_msgs:/home/aakash/bumperbot_ws/install/bumperbot_firmware:/home/aakash/bumperbot_ws/install/bumperbot_description:/home/aakash/bumperbot_ws/install/bumperbot_cpp_examples:/home/aakash/bumperbot_ws/install/bumperbot_controller:/home/aakash/eyantra_ws/install/ur5_moveit:/home/aakash/eyantra_ws/install/ur_description:/home/aakash/eyantra_ws/install/realsense_gazebo_plugin:/home/aakash/eyantra_ws/install/pymoveit2:/home/aakash/eyantra_ws/install/linkattacher_msgs:/home/aakash/eyantra_ws/install/gazebo_ros2_control:/home/aakash/eyantra_ws/install/eyantra_warehouse:/home/aakash/eyantra_ws/install/ebot_nav2:/home/aakash/eyantra_ws/install/ebot_description:/home/aakash/eyantra_ws/install/ebot_docking:/home/aakash/eyantra_ws/install/aws_robomaker_small_warehouse_world:/home/aakash/intelligent_quads/ardu_ws/install/mavlink:/home/aakash/simulation2_ws/install/move_robot_as:/home/aakash/simulation2_ws/install/t3_action_msg:/home/aakash/simulation2_ws/install/ros2_mapping:/home/aakash/simulation2_ws/install/neo_simulation2:/home/aakash/neobotix_workspace/install/neo_srvs2:/home/aakash/neobotix_workspace/install/neo_simulation2:/home/aakash/neobotix_workspace/install/neo_nav2_bringup:/home/aakash/neobotix_workspace/install/neo_msgs2:/home/aakash/neobotix_workspace/install/neo_localization2:/home/aakash/neobotix_workspace/install/neo_local_planner2:/home/aakash/neobotix_workspace/install/neo_common2:/home/aakash/turtlebot3_ws/install/turtlebot3:/home/aakash/turtlebot3_ws/install/turtlebot3_simulations:/home/aakash/turtlebot3_ws/install/turtlebot3_bringup:/home/aakash/turtlebot3_ws/install/turtlebot3_node:/home/aakash/turtlebot3_ws/install/turtlebot3_navigation2:/home/aakash/turtlebot3_ws/install/turtlebot3_fake_node:/home/aakash/turtlebot3_ws/install/turtlebot3_msgs:/home/aakash/turtlebot3_ws/install/turtlebot3_gazebo:/home/aakash/turtlebot3_ws/install/turtlebot3_description:/home/aakash/turtlebot3_ws/install/turtlebot3_cartographer:/home/aakash/turtlebot3_ws/install/hls_lfcd_lds_driver:/home/aakash/turtlebot3_ws/install/dynamixel_sdk_examples:/home/aakash/turtlebot3_ws/install/dynamixel_sdk_custom_interfaces:/home/aakash/turtlebot3_ws/install/dynamixel_sdk:/home/aakash/bumperbot_ws/install/bumperbot_py_examples:/home/aakash/flytbase_ws/install/turtle_assignment:/home/aakash/flytbase/ros2_ws/install/uav_deconfliction:/home/aakash/simulation2_ws/install/services_pkg:/home/aakash/turtlebot3_ws/install/turtlebot3_teleop:/home/aakash/turtlebot3_ws/install/turtlebot3_example:/home/aakash/turtlebot3_ws/install/tb3_sim:/home/aakash/ros2practice/install/my_robot_controller:/home/aakash/practice_ws/install/my_robot_controller:/opt/ros/humble:/home/aakash/catkin_ws/devel:/home/aakash/summer_camp_ws/devel /usr/bin/cmake --install /home/aakash/bumperbot_ws/build/bumperbot_controller
[2.482s] DEBUG:colcon.colcon_core.event_handler.log_command:Invoked command in '/home/aakash/bumperbot_ws/build/bumperbot_msgs' returned '0': CMAKE_PREFIX_PATH=/home/aakash/bumperbot_ws/install/bumperbot_msgs:/home/aakash/bumperbot_ws/install/bumperbot_firmware:/home/aakash/bumperbot_ws/install/bumperbot_description:/home/aakash/bumperbot_ws/install/bumperbot_cpp_examples:/home/aakash/bumperbot_ws/install/bumperbot_controller:/home/aakash/eyantra_ws/install/ur5_moveit:/home/aakash/eyantra_ws/install/ur_description:/home/aakash/eyantra_ws/install/realsense_gazebo_plugin:/home/aakash/eyantra_ws/install/pymoveit2:/home/aakash/eyantra_ws/install/linkattacher_msgs:/home/aakash/eyantra_ws/install/gazebo_ros2_control:/home/aakash/eyantra_ws/install/eyantra_warehouse:/home/aakash/eyantra_ws/install/ebot_nav2:/home/aakash/eyantra_ws/install/ebot_description:/home/aakash/eyantra_ws/install/ebot_docking:/home/aakash/eyantra_ws/install/aws_robomaker_small_warehouse_world:/home/aakash/intelligent_quads/ardu_ws/install/mavlink:/home/aakash/simulation2_ws/install/move_robot_as:/home/aakash/simulation2_ws/install/t3_action_msg:/home/aakash/simulation2_ws/install/ros2_mapping:/home/aakash/simulation2_ws/install/neo_simulation2:/home/aakash/neobotix_workspace/install/neo_srvs2:/home/aakash/neobotix_workspace/install/neo_simulation2:/home/aakash/neobotix_workspace/install/neo_nav2_bringup:/home/aakash/neobotix_workspace/install/neo_msgs2:/home/aakash/neobotix_workspace/install/neo_localization2:/home/aakash/neobotix_workspace/install/neo_local_planner2:/home/aakash/neobotix_workspace/install/neo_common2:/home/aakash/turtlebot3_ws/install/turtlebot3:/home/aakash/turtlebot3_ws/install/turtlebot3_simulations:/home/aakash/turtlebot3_ws/install/turtlebot3_bringup:/home/aakash/turtlebot3_ws/install/turtlebot3_node:/home/aakash/turtlebot3_ws/install/turtlebot3_navigation2:/home/aakash/turtlebot3_ws/install/turtlebot3_fake_node:/home/aakash/turtlebot3_ws/install/turtlebot3_msgs:/home/aakash/turtlebot3_ws/install/turtlebot3_gazebo:/home/aakash/turtlebot3_ws/install/turtlebot3_description:/home/aakash/turtlebot3_ws/install/turtlebot3_cartographer:/home/aakash/turtlebot3_ws/install/hls_lfcd_lds_driver:/home/aakash/turtlebot3_ws/install/dynamixel_sdk_examples:/home/aakash/turtlebot3_ws/install/dynamixel_sdk_custom_interfaces:/home/aakash/turtlebot3_ws/install/dynamixel_sdk:/home/aakash/bumperbot_ws/install/bumperbot_py_examples:/home/aakash/flytbase_ws/install/turtle_assignment:/home/aakash/flytbase/ros2_ws/install/uav_deconfliction:/home/aakash/simulation2_ws/install/services_pkg:/home/aakash/turtlebot3_ws/install/turtlebot3_teleop:/home/aakash/turtlebot3_ws/install/turtlebot3_example:/home/aakash/turtlebot3_ws/install/tb3_sim:/home/aakash/ros2practice/install/my_robot_controller:/home/aakash/practice_ws/install/my_robot_controller:/opt/ros/humble:/home/aakash/catkin_ws/devel:/home/aakash/summer_camp_ws/devel /usr/bin/cmake --build /home/aakash/bumperbot_ws/build/bumperbot_msgs -- -j12 -l12
[2.489s] DEBUG:colcon.colcon_core.event_handler.log_command:Invoking command in '/home/aakash/bumperbot_ws/build/bumperbot_msgs': CMAKE_PREFIX_PATH=/home/aakash/bumperbot_ws/install/bumperbot_msgs:/home/aakash/bumperbot_ws/install/bumperbot_firmware:/home/aakash/bumperbot_ws/install/bumperbot_description:/home/aakash/bumperbot_ws/install/bumperbot_cpp_examples:/home/aakash/bumperbot_ws/install/bumperbot_controller:/home/aakash/eyantra_ws/install/ur5_moveit:/home/aakash/eyantra_ws/install/ur_description:/home/aakash/eyantra_ws/install/realsense_gazebo_plugin:/home/aakash/eyantra_ws/install/pymoveit2:/home/aakash/eyantra_ws/install/linkattacher_msgs:/home/aakash/eyantra_ws/install/gazebo_ros2_control:/home/aakash/eyantra_ws/install/eyantra_warehouse:/home/aakash/eyantra_ws/install/ebot_nav2:/home/aakash/eyantra_ws/install/ebot_description:/home/aakash/eyantra_ws/install/ebot_docking:/home/aakash/eyantra_ws/install/aws_robomaker_small_warehouse_world:/home/aakash/intelligent_quads/ardu_ws/install/mavlink:/home/aakash/simulation2_ws/install/move_robot_as:/home/aakash/simulation2_ws/install/t3_action_msg:/home/aakash/simulation2_ws/install/ros2_mapping:/home/aakash/simulation2_ws/install/neo_simulation2:/home/aakash/neobotix_workspace/install/neo_srvs2:/home/aakash/neobotix_workspace/install/neo_simulation2:/home/aakash/neobotix_workspace/install/neo_nav2_bringup:/home/aakash/neobotix_workspace/install/neo_msgs2:/home/aakash/neobotix_workspace/install/neo_localization2:/home/aakash/neobotix_workspace/install/neo_local_planner2:/home/aakash/neobotix_workspace/install/neo_common2:/home/aakash/turtlebot3_ws/install/turtlebot3:/home/aakash/turtlebot3_ws/install/turtlebot3_simulations:/home/aakash/turtlebot3_ws/install/turtlebot3_bringup:/home/aakash/turtlebot3_ws/install/turtlebot3_node:/home/aakash/turtlebot3_ws/install/turtlebot3_navigation2:/home/aakash/turtlebot3_ws/install/turtlebot3_fake_node:/home/aakash/turtlebot3_ws/install/turtlebot3_msgs:/home/aakash/turtlebot3_ws/install/turtlebot3_gazebo:/home/aakash/turtlebot3_ws/install/turtlebot3_description:/home/aakash/turtlebot3_ws/install/turtlebot3_cartographer:/home/aakash/turtlebot3_ws/install/hls_lfcd_lds_driver:/home/aakash/turtlebot3_ws/install/dynamixel_sdk_examples:/home/aakash/turtlebot3_ws/install/dynamixel_sdk_custom_interfaces:/home/aakash/turtlebot3_ws/install/dynamixel_sdk:/home/aakash/bumperbot_ws/install/bumperbot_py_examples:/home/aakash/flytbase_ws/install/turtle_assignment:/home/aakash/flytbase/ros2_ws/install/uav_deconfliction:/home/aakash/simulation2_ws/install/services_pkg:/home/aakash/turtlebot3_ws/install/turtlebot3_teleop:/home/aakash/turtlebot3_ws/install/turtlebot3_example:/home/aakash/turtlebot3_ws/install/tb3_sim:/home/aakash/ros2practice/install/my_robot_controller:/home/aakash/practice_ws/install/my_robot_controller:/opt/ros/humble:/home/aakash/catkin_ws/devel:/home/aakash/summer_camp_ws/devel /usr/bin/cmake --install /home/aakash/bumperbot_ws/build/bumperbot_msgs
[2.569s] Level 1:colcon.colcon_core.environment:create_environment_scripts_only(bumperbot_controller)
[2.570s] Level 1:colcon.colcon_core.environment:checking '/home/aakash/bumperbot_ws/install/bumperbot_controller' for CMake module files
[2.571s] DEBUG:colcon.colcon_core.event_handler.log_command:Invoked command in '/home/aakash/bumperbot_ws/build/bumperbot_controller' returned '0': CMAKE_PREFIX_PATH=/home/aakash/bumperbot_ws/install/bumperbot_msgs:/home/aakash/bumperbot_ws/install/bumperbot_firmware:/home/aakash/bumperbot_ws/install/bumperbot_description:/home/aakash/bumperbot_ws/install/bumperbot_cpp_examples:/home/aakash/bumperbot_ws/install/bumperbot_controller:/home/aakash/eyantra_ws/install/ur5_moveit:/home/aakash/eyantra_ws/install/ur_description:/home/aakash/eyantra_ws/install/realsense_gazebo_plugin:/home/aakash/eyantra_ws/install/pymoveit2:/home/aakash/eyantra_ws/install/linkattacher_msgs:/home/aakash/eyantra_ws/install/gazebo_ros2_control:/home/aakash/eyantra_ws/install/eyantra_warehouse:/home/aakash/eyantra_ws/install/ebot_nav2:/home/aakash/eyantra_ws/install/ebot_description:/home/aakash/eyantra_ws/install/ebot_docking:/home/aakash/eyantra_ws/install/aws_robomaker_small_warehouse_world:/home/aakash/intelligent_quads/ardu_ws/install/mavlink:/home/aakash/simulation2_ws/install/move_robot_as:/home/aakash/simulation2_ws/install/t3_action_msg:/home/aakash/simulation2_ws/install/ros2_mapping:/home/aakash/simulation2_ws/install/neo_simulation2:/home/aakash/neobotix_workspace/install/neo_srvs2:/home/aakash/neobotix_workspace/install/neo_simulation2:/home/aakash/neobotix_workspace/install/neo_nav2_bringup:/home/aakash/neobotix_workspace/install/neo_msgs2:/home/aakash/neobotix_workspace/install/neo_localization2:/home/aakash/neobotix_workspace/install/neo_local_planner2:/home/aakash/neobotix_workspace/install/neo_common2:/home/aakash/turtlebot3_ws/install/turtlebot3:/home/aakash/turtlebot3_ws/install/turtlebot3_simulations:/home/aakash/turtlebot3_ws/install/turtlebot3_bringup:/home/aakash/turtlebot3_ws/install/turtlebot3_node:/home/aakash/turtlebot3_ws/install/turtlebot3_navigation2:/home/aakash/turtlebot3_ws/install/turtlebot3_fake_node:/home/aakash/turtlebot3_ws/install/turtlebot3_msgs:/home/aakash/turtlebot3_ws/install/turtlebot3_gazebo:/home/aakash/turtlebot3_ws/install/turtlebot3_description:/home/aakash/turtlebot3_ws/install/turtlebot3_cartographer:/home/aakash/turtlebot3_ws/install/hls_lfcd_lds_driver:/home/aakash/turtlebot3_ws/install/dynamixel_sdk_examples:/home/aakash/turtlebot3_ws/install/dynamixel_sdk_custom_interfaces:/home/aakash/turtlebot3_ws/install/dynamixel_sdk:/home/aakash/bumperbot_ws/install/bumperbot_py_examples:/home/aakash/flytbase_ws/install/turtle_assignment:/home/aakash/flytbase/ros2_ws/install/uav_deconfliction:/home/aakash/simulation2_ws/install/services_pkg:/home/aakash/turtlebot3_ws/install/turtlebot3_teleop:/home/aakash/turtlebot3_ws/install/turtlebot3_example:/home/aakash/turtlebot3_ws/install/tb3_sim:/home/aakash/ros2practice/install/my_robot_controller:/home/aakash/practice_ws/install/my_robot_controller:/opt/ros/humble:/home/aakash/catkin_ws/devel:/home/aakash/summer_camp_ws/devel /usr/bin/cmake --install /home/aakash/bumperbot_ws/build/bumperbot_controller
[2.571s] Level 1:colcon.colcon_core.environment:checking '/home/aakash/bumperbot_ws/install/bumperbot_controller' for CMake config files
[2.571s] Level 1:colcon.colcon_core.shell:create_environment_hook('bumperbot_controller', 'cmake_prefix_path')
[2.572s] INFO:colcon.colcon_core.shell:Creating environment hook '/home/aakash/bumperbot_ws/install/bumperbot_controller/share/bumperbot_controller/hook/cmake_prefix_path.ps1'
[2.573s] INFO:colcon.colcon_core.shell:Creating environment descriptor '/home/aakash/bumperbot_ws/install/bumperbot_controller/share/bumperbot_controller/hook/cmake_prefix_path.dsv'
[2.574s] INFO:colcon.colcon_core.shell:Creating environment hook '/home/aakash/bumperbot_ws/install/bumperbot_controller/share/bumperbot_controller/hook/cmake_prefix_path.sh'
[2.576s] Level 1:colcon.colcon_core.environment:checking '/home/aakash/bumperbot_ws/install/bumperbot_controller/lib'
[2.577s] Level 1:colcon.colcon_core.environment:checking '/home/aakash/bumperbot_ws/install/bumperbot_controller/bin'
[2.577s] Level 1:colcon.colcon_core.environment:checking '/home/aakash/bumperbot_ws/install/bumperbot_controller/lib/pkgconfig/bumperbot_controller.pc'
[2.577s] Level 1:colcon.colcon_core.environment:checking '/home/aakash/bumperbot_ws/install/bumperbot_controller/lib/python3.10/site-packages'
[2.578s] Level 1:colcon.colcon_core.environment:checking '/home/aakash/bumperbot_ws/install/bumperbot_controller/bin'
[2.580s] INFO:colcon.colcon_core.shell:Creating package script '/home/aakash/bumperbot_ws/install/bumperbot_controller/share/bumperbot_controller/package.ps1'
[2.582s] INFO:colcon.colcon_core.shell:Creating package descriptor '/home/aakash/bumperbot_ws/install/bumperbot_controller/share/bumperbot_controller/package.dsv'
[2.584s] INFO:colcon.colcon_core.shell:Creating package script '/home/aakash/bumperbot_ws/install/bumperbot_controller/share/bumperbot_controller/package.sh'
[2.589s] INFO:colcon.colcon_core.shell:Creating package script '/home/aakash/bumperbot_ws/install/bumperbot_controller/share/bumperbot_controller/package.bash'
[2.595s] INFO:colcon.colcon_core.shell:Creating package script '/home/aakash/bumperbot_ws/install/bumperbot_controller/share/bumperbot_controller/package.zsh'
[2.600s] Level 1:colcon.colcon_core.environment:create_file_with_runtime_dependencies(/home/aakash/bumperbot_ws/install/bumperbot_controller/share/colcon-core/packages/bumperbot_controller)
[2.606s] Level 1:colcon.colcon_core.environment:create_environment_scripts_only(bumperbot_controller)
[2.607s] Level 1:colcon.colcon_core.environment:checking '/home/aakash/bumperbot_ws/install/bumperbot_controller' for CMake module files
[2.610s] Level 1:colcon.colcon_core.environment:checking '/home/aakash/bumperbot_ws/install/bumperbot_controller' for CMake config files
[2.611s] Level 1:colcon.colcon_core.shell:create_environment_hook('bumperbot_controller', 'cmake_prefix_path')
[2.612s] INFO:colcon.colcon_core.shell:Creating environment hook '/home/aakash/bumperbot_ws/install/bumperbot_controller/share/bumperbot_controller/hook/cmake_prefix_path.ps1'
[2.612s] INFO:colcon.colcon_core.shell:Creating environment descriptor '/home/aakash/bumperbot_ws/install/bumperbot_controller/share/bumperbot_controller/hook/cmake_prefix_path.dsv'
[2.614s] INFO:colcon.colcon_core.shell:Creating environment hook '/home/aakash/bumperbot_ws/install/bumperbot_controller/share/bumperbot_controller/hook/cmake_prefix_path.sh'
[2.621s] Level 1:colcon.colcon_core.environment:checking '/home/aakash/bumperbot_ws/install/bumperbot_controller/lib'
[2.622s] Level 1:colcon.colcon_core.environment:checking '/home/aakash/bumperbot_ws/install/bumperbot_controller/bin'
[2.622s] Level 1:colcon.colcon_core.environment:checking '/home/aakash/bumperbot_ws/install/bumperbot_controller/lib/pkgconfig/bumperbot_controller.pc'
[2.623s] Level 1:colcon.colcon_core.environment:checking '/home/aakash/bumperbot_ws/install/bumperbot_controller/lib/python3.10/site-packages'
[2.627s] Level 1:colcon.colcon_core.environment:checking '/home/aakash/bumperbot_ws/install/bumperbot_controller/bin'
[2.630s] INFO:colcon.colcon_core.shell:Creating package script '/home/aakash/bumperbot_ws/install/bumperbot_controller/share/bumperbot_controller/package.ps1'
[2.637s] INFO:colcon.colcon_core.shell:Creating package descriptor '/home/aakash/bumperbot_ws/install/bumperbot_controller/share/bumperbot_controller/package.dsv'
[2.641s] INFO:colcon.colcon_core.shell:Creating package script '/home/aakash/bumperbot_ws/install/bumperbot_controller/share/bumperbot_controller/package.sh'
[2.646s] INFO:colcon.colcon_core.shell:Creating package script '/home/aakash/bumperbot_ws/install/bumperbot_controller/share/bumperbot_controller/package.bash'
[2.653s] INFO:colcon.colcon_core.shell:Creating package script '/home/aakash/bumperbot_ws/install/bumperbot_controller/share/bumperbot_controller/package.zsh'
[2.667s] Level 1:colcon.colcon_core.environment:create_file_with_runtime_dependencies(/home/aakash/bumperbot_ws/install/bumperbot_controller/share/colcon-core/packages/bumperbot_controller)
[2.679s] Level 1:colcon.colcon_core.environment:create_environment_scripts_only(bumperbot_firmware)
[2.681s] Level 1:colcon.colcon_core.environment:checking '/home/aakash/bumperbot_ws/install/bumperbot_firmware' for CMake module files
[2.683s] Level 1:colcon.colcon_core.environment:checking '/home/aakash/bumperbot_ws/install/bumperbot_firmware' for CMake config files
[2.686s] DEBUG:colcon.colcon_core.event_handler.log_command:Invoked command in '/home/aakash/bumperbot_ws/build/bumperbot_firmware' returned '0': CMAKE_PREFIX_PATH=/home/aakash/bumperbot_ws/install/bumperbot_msgs:/home/aakash/bumperbot_ws/install/bumperbot_firmware:/home/aakash/bumperbot_ws/install/bumperbot_description:/home/aakash/bumperbot_ws/install/bumperbot_cpp_examples:/home/aakash/bumperbot_ws/install/bumperbot_controller:/home/aakash/eyantra_ws/install/ur5_moveit:/home/aakash/eyantra_ws/install/ur_description:/home/aakash/eyantra_ws/install/realsense_gazebo_plugin:/home/aakash/eyantra_ws/install/pymoveit2:/home/aakash/eyantra_ws/install/linkattacher_msgs:/home/aakash/eyantra_ws/install/gazebo_ros2_control:/home/aakash/eyantra_ws/install/eyantra_warehouse:/home/aakash/eyantra_ws/install/ebot_nav2:/home/aakash/eyantra_ws/install/ebot_description:/home/aakash/eyantra_ws/install/ebot_docking:/home/aakash/eyantra_ws/install/aws_robomaker_small_warehouse_world:/home/aakash/intelligent_quads/ardu_ws/install/mavlink:/home/aakash/simulation2_ws/install/move_robot_as:/home/aakash/simulation2_ws/install/t3_action_msg:/home/aakash/simulation2_ws/install/ros2_mapping:/home/aakash/simulation2_ws/install/neo_simulation2:/home/aakash/neobotix_workspace/install/neo_srvs2:/home/aakash/neobotix_workspace/install/neo_simulation2:/home/aakash/neobotix_workspace/install/neo_nav2_bringup:/home/aakash/neobotix_workspace/install/neo_msgs2:/home/aakash/neobotix_workspace/install/neo_localization2:/home/aakash/neobotix_workspace/install/neo_local_planner2:/home/aakash/neobotix_workspace/install/neo_common2:/home/aakash/turtlebot3_ws/install/turtlebot3:/home/aakash/turtlebot3_ws/install/turtlebot3_simulations:/home/aakash/turtlebot3_ws/install/turtlebot3_bringup:/home/aakash/turtlebot3_ws/install/turtlebot3_node:/home/aakash/turtlebot3_ws/install/turtlebot3_navigation2:/home/aakash/turtlebot3_ws/install/turtlebot3_fake_node:/home/aakash/turtlebot3_ws/install/turtlebot3_msgs:/home/aakash/turtlebot3_ws/install/turtlebot3_gazebo:/home/aakash/turtlebot3_ws/install/turtlebot3_description:/home/aakash/turtlebot3_ws/install/turtlebot3_cartographer:/home/aakash/turtlebot3_ws/install/hls_lfcd_lds_driver:/home/aakash/turtlebot3_ws/install/dynamixel_sdk_examples:/home/aakash/turtlebot3_ws/install/dynamixel_sdk_custom_interfaces:/home/aakash/turtlebot3_ws/install/dynamixel_sdk:/home/aakash/bumperbot_ws/install/bumperbot_py_examples:/home/aakash/flytbase_ws/install/turtle_assignment:/home/aakash/flytbase/ros2_ws/install/uav_deconfliction:/home/aakash/simulation2_ws/install/services_pkg:/home/aakash/turtlebot3_ws/install/turtlebot3_teleop:/home/aakash/turtlebot3_ws/install/turtlebot3_example:/home/aakash/turtlebot3_ws/install/tb3_sim:/home/aakash/ros2practice/install/my_robot_controller:/home/aakash/practice_ws/install/my_robot_controller:/opt/ros/humble:/home/aakash/catkin_ws/devel:/home/aakash/summer_camp_ws/devel /usr/bin/cmake --install /home/aakash/bumperbot_ws/build/bumperbot_firmware
[2.687s] Level 1:colcon.colcon_core.shell:create_environment_hook('bumperbot_firmware', 'cmake_prefix_path')
[2.688s] INFO:colcon.colcon_core.shell:Creating environment hook '/home/aakash/bumperbot_ws/install/bumperbot_firmware/share/bumperbot_firmware/hook/cmake_prefix_path.ps1'
[2.689s] INFO:colcon.colcon_core.shell:Creating environment descriptor '/home/aakash/bumperbot_ws/install/bumperbot_firmware/share/bumperbot_firmware/hook/cmake_prefix_path.dsv'
[2.690s] INFO:colcon.colcon_core.shell:Creating environment hook '/home/aakash/bumperbot_ws/install/bumperbot_firmware/share/bumperbot_firmware/hook/cmake_prefix_path.sh'
[2.691s] Level 1:colcon.colcon_core.environment:checking '/home/aakash/bumperbot_ws/install/bumperbot_firmware/lib'
[2.692s] Level 1:colcon.colcon_core.environment:checking '/home/aakash/bumperbot_ws/install/bumperbot_firmware/bin'
[2.692s] Level 1:colcon.colcon_core.environment:checking '/home/aakash/bumperbot_ws/install/bumperbot_firmware/lib/pkgconfig/bumperbot_firmware.pc'
[2.693s] Level 1:colcon.colcon_core.environment:checking '/home/aakash/bumperbot_ws/install/bumperbot_firmware/lib/python3.10/site-packages'
[2.693s] Level 1:colcon.colcon_core.environment:checking '/home/aakash/bumperbot_ws/install/bumperbot_firmware/bin'
[2.694s] INFO:colcon.colcon_core.shell:Creating package script '/home/aakash/bumperbot_ws/install/bumperbot_firmware/share/bumperbot_firmware/package.ps1'
[2.697s] INFO:colcon.colcon_core.shell:Creating package descriptor '/home/aakash/bumperbot_ws/install/bumperbot_firmware/share/bumperbot_firmware/package.dsv'
[2.700s] INFO:colcon.colcon_core.shell:Creating package script '/home/aakash/bumperbot_ws/install/bumperbot_firmware/share/bumperbot_firmware/package.sh'
[2.702s] INFO:colcon.colcon_core.shell:Creating package script '/home/aakash/bumperbot_ws/install/bumperbot_firmware/share/bumperbot_firmware/package.bash'
[2.703s] INFO:colcon.colcon_core.shell:Creating package script '/home/aakash/bumperbot_ws/install/bumperbot_firmware/share/bumperbot_firmware/package.zsh'
[2.704s] Level 1:colcon.colcon_core.environment:create_file_with_runtime_dependencies(/home/aakash/bumperbot_ws/install/bumperbot_firmware/share/colcon-core/packages/bumperbot_firmware)
[2.705s] Level 1:colcon.colcon_core.environment:create_environment_scripts_only(bumperbot_firmware)
[2.705s] Level 1:colcon.colcon_core.environment:checking '/home/aakash/bumperbot_ws/install/bumperbot_firmware' for CMake module files
[2.706s] Level 1:colcon.colcon_core.environment:checking '/home/aakash/bumperbot_ws/install/bumperbot_firmware' for CMake config files
[2.706s] Level 1:colcon.colcon_core.shell:create_environment_hook('bumperbot_firmware', 'cmake_prefix_path')
[2.706s] INFO:colcon.colcon_core.shell:Creating environment hook '/home/aakash/bumperbot_ws/install/bumperbot_firmware/share/bumperbot_firmware/hook/cmake_prefix_path.ps1'
[2.708s] INFO:colcon.colcon_core.shell:Creating environment descriptor '/home/aakash/bumperbot_ws/install/bumperbot_firmware/share/bumperbot_firmware/hook/cmake_prefix_path.dsv'
[2.709s] INFO:colcon.colcon_core.shell:Creating environment hook '/home/aakash/bumperbot_ws/install/bumperbot_firmware/share/bumperbot_firmware/hook/cmake_prefix_path.sh'
[2.711s] Level 1:colcon.colcon_core.environment:checking '/home/aakash/bumperbot_ws/install/bumperbot_firmware/lib'
[2.711s] Level 1:colcon.colcon_core.environment:checking '/home/aakash/bumperbot_ws/install/bumperbot_firmware/bin'
[2.711s] Level 1:colcon.colcon_core.environment:checking '/home/aakash/bumperbot_ws/install/bumperbot_firmware/lib/pkgconfig/bumperbot_firmware.pc'
[2.711s] Level 1:colcon.colcon_core.environment:checking '/home/aakash/bumperbot_ws/install/bumperbot_firmware/lib/python3.10/site-packages'
[2.711s] Level 1:colcon.colcon_core.environment:checking '/home/aakash/bumperbot_ws/install/bumperbot_firmware/bin'
[2.712s] INFO:colcon.colcon_core.shell:Creating package script '/home/aakash/bumperbot_ws/install/bumperbot_firmware/share/bumperbot_firmware/package.ps1'
[2.713s] INFO:colcon.colcon_core.shell:Creating package descriptor '/home/aakash/bumperbot_ws/install/bumperbot_firmware/share/bumperbot_firmware/package.dsv'
[2.713s] INFO:colcon.colcon_core.shell:Creating package script '/home/aakash/bumperbot_ws/install/bumperbot_firmware/share/bumperbot_firmware/package.sh'
[2.714s] INFO:colcon.colcon_core.shell:Creating package script '/home/aakash/bumperbot_ws/install/bumperbot_firmware/share/bumperbot_firmware/package.bash'
[2.715s] INFO:colcon.colcon_core.shell:Creating package script '/home/aakash/bumperbot_ws/install/bumperbot_firmware/share/bumperbot_firmware/package.zsh'
[2.716s] Level 1:colcon.colcon_core.environment:create_file_with_runtime_dependencies(/home/aakash/bumperbot_ws/install/bumperbot_firmware/share/colcon-core/packages/bumperbot_firmware)
[2.722s] Level 1:colcon.colcon_core.environment:create_environment_scripts_only(bumperbot_msgs)
[2.723s] Level 1:colcon.colcon_core.environment:checking '/home/aakash/bumperbot_ws/install/bumperbot_msgs' for CMake module files
[2.724s] DEBUG:colcon.colcon_core.event_handler.log_command:Invoked command in '/home/aakash/bumperbot_ws/build/bumperbot_msgs' returned '0': CMAKE_PREFIX_PATH=/home/aakash/bumperbot_ws/install/bumperbot_msgs:/home/aakash/bumperbot_ws/install/bumperbot_firmware:/home/aakash/bumperbot_ws/install/bumperbot_description:/home/aakash/bumperbot_ws/install/bumperbot_cpp_examples:/home/aakash/bumperbot_ws/install/bumperbot_controller:/home/aakash/eyantra_ws/install/ur5_moveit:/home/aakash/eyantra_ws/install/ur_description:/home/aakash/eyantra_ws/install/realsense_gazebo_plugin:/home/aakash/eyantra_ws/install/pymoveit2:/home/aakash/eyantra_ws/install/linkattacher_msgs:/home/aakash/eyantra_ws/install/gazebo_ros2_control:/home/aakash/eyantra_ws/install/eyantra_warehouse:/home/aakash/eyantra_ws/install/ebot_nav2:/home/aakash/eyantra_ws/install/ebot_description:/home/aakash/eyantra_ws/install/ebot_docking:/home/aakash/eyantra_ws/install/aws_robomaker_small_warehouse_world:/home/aakash/intelligent_quads/ardu_ws/install/mavlink:/home/aakash/simulation2_ws/install/move_robot_as:/home/aakash/simulation2_ws/install/t3_action_msg:/home/aakash/simulation2_ws/install/ros2_mapping:/home/aakash/simulation2_ws/install/neo_simulation2:/home/aakash/neobotix_workspace/install/neo_srvs2:/home/aakash/neobotix_workspace/install/neo_simulation2:/home/aakash/neobotix_workspace/install/neo_nav2_bringup:/home/aakash/neobotix_workspace/install/neo_msgs2:/home/aakash/neobotix_workspace/install/neo_localization2:/home/aakash/neobotix_workspace/install/neo_local_planner2:/home/aakash/neobotix_workspace/install/neo_common2:/home/aakash/turtlebot3_ws/install/turtlebot3:/home/aakash/turtlebot3_ws/install/turtlebot3_simulations:/home/aakash/turtlebot3_ws/install/turtlebot3_bringup:/home/aakash/turtlebot3_ws/install/turtlebot3_node:/home/aakash/turtlebot3_ws/install/turtlebot3_navigation2:/home/aakash/turtlebot3_ws/install/turtlebot3_fake_node:/home/aakash/turtlebot3_ws/install/turtlebot3_msgs:/home/aakash/turtlebot3_ws/install/turtlebot3_gazebo:/home/aakash/turtlebot3_ws/install/turtlebot3_description:/home/aakash/turtlebot3_ws/install/turtlebot3_cartographer:/home/aakash/turtlebot3_ws/install/hls_lfcd_lds_driver:/home/aakash/turtlebot3_ws/install/dynamixel_sdk_examples:/home/aakash/turtlebot3_ws/install/dynamixel_sdk_custom_interfaces:/home/aakash/turtlebot3_ws/install/dynamixel_sdk:/home/aakash/bumperbot_ws/install/bumperbot_py_examples:/home/aakash/flytbase_ws/install/turtle_assignment:/home/aakash/flytbase/ros2_ws/install/uav_deconfliction:/home/aakash/simulation2_ws/install/services_pkg:/home/aakash/turtlebot3_ws/install/turtlebot3_teleop:/home/aakash/turtlebot3_ws/install/turtlebot3_example:/home/aakash/turtlebot3_ws/install/tb3_sim:/home/aakash/ros2practice/install/my_robot_controller:/home/aakash/practice_ws/install/my_robot_controller:/opt/ros/humble:/home/aakash/catkin_ws/devel:/home/aakash/summer_camp_ws/devel /usr/bin/cmake --install /home/aakash/bumperbot_ws/build/bumperbot_msgs
[2.725s] Level 1:colcon.colcon_core.environment:checking '/home/aakash/bumperbot_ws/install/bumperbot_msgs' for CMake config files
[2.725s] Level 1:colcon.colcon_core.shell:create_environment_hook('bumperbot_msgs', 'cmake_prefix_path')
[2.726s] INFO:colcon.colcon_core.shell:Creating environment hook '/home/aakash/bumperbot_ws/install/bumperbot_msgs/share/bumperbot_msgs/hook/cmake_prefix_path.ps1'
[2.727s] INFO:colcon.colcon_core.shell:Creating environment descriptor '/home/aakash/bumperbot_ws/install/bumperbot_msgs/share/bumperbot_msgs/hook/cmake_prefix_path.dsv'
[2.728s] INFO:colcon.colcon_core.shell:Creating environment hook '/home/aakash/bumperbot_ws/install/bumperbot_msgs/share/bumperbot_msgs/hook/cmake_prefix_path.sh'
[2.729s] Level 1:colcon.colcon_core.environment:checking '/home/aakash/bumperbot_ws/install/bumperbot_msgs/lib'
[2.729s] Level 1:colcon.colcon_core.shell:create_environment_hook('bumperbot_msgs', 'ld_library_path_lib')
[2.730s] INFO:colcon.colcon_core.shell:Creating environment hook '/home/aakash/bumperbot_ws/install/bumperbot_msgs/share/bumperbot_msgs/hook/ld_library_path_lib.ps1'
[2.732s] INFO:colcon.colcon_core.shell:Creating environment descriptor '/home/aakash/bumperbot_ws/install/bumperbot_msgs/share/bumperbot_msgs/hook/ld_library_path_lib.dsv'
[2.733s] INFO:colcon.colcon_core.shell:Creating environment hook '/home/aakash/bumperbot_ws/install/bumperbot_msgs/share/bumperbot_msgs/hook/ld_library_path_lib.sh'
[2.734s] Level 1:colcon.colcon_core.environment:checking '/home/aakash/bumperbot_ws/install/bumperbot_msgs/bin'
[2.734s] Level 1:colcon.colcon_core.environment:checking '/home/aakash/bumperbot_ws/install/bumperbot_msgs/lib/pkgconfig/bumperbot_msgs.pc'
[2.735s] Level 1:colcon.colcon_core.environment:checking '/home/aakash/bumperbot_ws/install/bumperbot_msgs/lib/python3.10/site-packages'
[2.735s] Level 1:colcon.colcon_core.environment:checking '/home/aakash/bumperbot_ws/install/bumperbot_msgs/bin'
[2.735s] INFO:colcon.colcon_core.shell:Creating package script '/home/aakash/bumperbot_ws/install/bumperbot_msgs/share/bumperbot_msgs/package.ps1'
[2.736s] INFO:colcon.colcon_core.shell:Creating package descriptor '/home/aakash/bumperbot_ws/install/bumperbot_msgs/share/bumperbot_msgs/package.dsv'
[2.737s] INFO:colcon.colcon_core.shell:Creating package script '/home/aakash/bumperbot_ws/install/bumperbot_msgs/share/bumperbot_msgs/package.sh'
[2.739s] INFO:colcon.colcon_core.shell:Creating package script '/home/aakash/bumperbot_ws/install/bumperbot_msgs/share/bumperbot_msgs/package.bash'
[2.741s] INFO:colcon.colcon_core.shell:Creating package script '/home/aakash/bumperbot_ws/install/bumperbot_msgs/share/bumperbot_msgs/package.zsh'
[2.742s] Level 1:colcon.colcon_core.environment:create_file_with_runtime_dependencies(/home/aakash/bumperbot_ws/install/bumperbot_msgs/share/colcon-core/packages/bumperbot_msgs)
[2.744s] Level 1:colcon.colcon_core.environment:create_environment_scripts_only(bumperbot_msgs)
[2.744s] Level 1:colcon.colcon_core.environment:checking '/home/aakash/bumperbot_ws/install/bumperbot_msgs' for CMake module files
[2.745s] Level 1:colcon.colcon_core.environment:checking '/home/aakash/bumperbot_ws/install/bumperbot_msgs' for CMake config files
[2.745s] Level 1:colcon.colcon_core.shell:create_environment_hook('bumperbot_msgs', 'cmake_prefix_path')
[2.746s] INFO:colcon.colcon_core.shell:Creating environment hook '/home/aakash/bumperbot_ws/install/bumperbot_msgs/share/bumperbot_msgs/hook/cmake_prefix_path.ps1'
[2.747s] INFO:colcon.colcon_core.shell:Creating environment descriptor '/home/aakash/bumperbot_ws/install/bumperbot_msgs/share/bumperbot_msgs/hook/cmake_prefix_path.dsv'
[2.748s] INFO:colcon.colcon_core.shell:Creating environment hook '/home/aakash/bumperbot_ws/install/bumperbot_msgs/share/bumperbot_msgs/hook/cmake_prefix_path.sh'
[2.752s] Level 1:colcon.colcon_core.environment:checking '/home/aakash/bumperbot_ws/install/bumperbot_msgs/lib'
[2.752s] Level 1:colcon.colcon_core.shell:create_environment_hook('bumperbot_msgs', 'ld_library_path_lib')
[2.753s] INFO:colcon.colcon_core.shell:Creating environment hook '/home/aakash/bumperbot_ws/install/bumperbot_msgs/share/bumperbot_msgs/hook/ld_library_path_lib.ps1'
[2.754s] INFO:colcon.colcon_core.shell:Creating environment descriptor '/home/aakash/bumperbot_ws/install/bumperbot_msgs/share/bumperbot_msgs/hook/ld_library_path_lib.dsv'
[2.754s] INFO:colcon.colcon_core.shell:Creating environment hook '/home/aakash/bumperbot_ws/install/bumperbot_msgs/share/bumperbot_msgs/hook/ld_library_path_lib.sh'
[2.754s] Level 1:colcon.colcon_core.environment:checking '/home/aakash/bumperbot_ws/install/bumperbot_msgs/bin'
[2.755s] Level 1:colcon.colcon_core.environment:checking '/home/aakash/bumperbot_ws/install/bumperbot_msgs/lib/pkgconfig/bumperbot_msgs.pc'
[2.755s] Level 1:colcon.colcon_core.environment:checking '/home/aakash/bumperbot_ws/install/bumperbot_msgs/lib/python3.10/site-packages'
[2.756s] Level 1:colcon.colcon_core.environment:checking '/home/aakash/bumperbot_ws/install/bumperbot_msgs/bin'
[2.756s] INFO:colcon.colcon_core.shell:Creating package script '/home/aakash/bumperbot_ws/install/bumperbot_msgs/share/bumperbot_msgs/package.ps1'
[2.757s] INFO:colcon.colcon_core.shell:Creating package descriptor '/home/aakash/bumperbot_ws/install/bumperbot_msgs/share/bumperbot_msgs/package.dsv'
[2.759s] INFO:colcon.colcon_core.shell:Creating package script '/home/aakash/bumperbot_ws/install/bumperbot_msgs/share/bumperbot_msgs/package.sh'
[2.760s] INFO:colcon.colcon_core.shell:Creating package script '/home/aakash/bumperbot_ws/install/bumperbot_msgs/share/bumperbot_msgs/package.bash'
[2.762s] INFO:colcon.colcon_core.shell:Creating package script '/home/aakash/bumperbot_ws/install/bumperbot_msgs/share/bumperbot_msgs/package.zsh'
[2.763s] Level 1:colcon.colcon_core.environment:create_file_with_runtime_dependencies(/home/aakash/bumperbot_ws/install/bumperbot_msgs/share/colcon-core/packages/bumperbot_msgs)
[2.764s] INFO:colcon.colcon_ros.task.ament_python.build:Building ROS package in '/home/aakash/bumperbot_ws/src/bumperbot_py_examples' with build type 'ament_python'
[2.764s] Level 1:colcon.colcon_core.shell:create_environment_hook('bumperbot_py_examples', 'ament_prefix_path')
[2.765s] INFO:colcon.colcon_core.shell:Creating environment hook '/home/aakash/bumperbot_ws/install/bumperbot_py_examples/share/bumperbot_py_examples/hook/ament_prefix_path.ps1'
[2.767s] INFO:colcon.colcon_core.shell:Creating environment descriptor '/home/aakash/bumperbot_ws/install/bumperbot_py_examples/share/bumperbot_py_examples/hook/ament_prefix_path.dsv'
[2.768s] INFO:colcon.colcon_core.shell:Creating environment hook '/home/aakash/bumperbot_ws/install/bumperbot_py_examples/share/bumperbot_py_examples/hook/ament_prefix_path.sh'
[2.769s] INFO:colcon.colcon_core.shell:Skip shell extension 'powershell' for command environment: Not usable outside of PowerShell
[2.770s] DEBUG:colcon.colcon_core.shell:Skip shell extension 'dsv' for command environment
[2.779s] DEBUG:colcon.colcon_core.shell:Ignoring prefix path '/home/aakash/catkin_ws/devel'
[2.779s] DEBUG:colcon.colcon_core.shell:Ignoring prefix path '/home/aakash/summer_camp_ws/devel'
[3.188s] INFO:colcon.colcon_core.task.python.build:Building Python package in '/home/aakash/bumperbot_ws/src/bumperbot_py_examples'
[3.189s] INFO:colcon.colcon_core.shell:Skip shell extension 'powershell' for command environment: Not usable outside of PowerShell
[3.189s] DEBUG:colcon.colcon_core.shell:Skip shell extension 'dsv' for command environment
[3.208s] DEBUG:colcon.colcon_core.shell:Ignoring prefix path '/home/aakash/catkin_ws/devel'
[3.209s] DEBUG:colcon.colcon_core.shell:Ignoring prefix path '/home/aakash/summer_camp_ws/devel'
[4.550s] DEBUG:colcon.colcon_core.event_handler.log_command:Invoking command in '/home/aakash/bumperbot_ws/src/bumperbot_py_examples': PYTHONPATH=/home/aakash/bumperbot_ws/build/bumperbot_py_examples/prefix_override:/usr/lib/python3/dist-packages/colcon_core/task/python/colcon_distutils_commands:/home/aakash/bumperbot_ws/install/bumperbot_py_examples/lib/python3.10/site-packages:${PYTHONPATH} /usr/bin/python3 -W ignore:setup.py install is deprecated -W ignore:easy_install command is deprecated setup.py egg_info --egg-base ../../build/bumperbot_py_examples build --build-base /home/aakash/bumperbot_ws/build/bumperbot_py_examples/build install --record /home/aakash/bumperbot_ws/build/bumperbot_py_examples/install.log --single-version-externally-managed install_data
[5.278s] Level 1:colcon.colcon_core.environment:checking '/home/aakash/bumperbot_ws/install/bumperbot_py_examples' for CMake module files
[5.279s] DEBUG:colcon.colcon_core.event_handler.log_command:Invoked command in '/home/aakash/bumperbot_ws/src/bumperbot_py_examples' returned '0': PYTHONPATH=/home/aakash/bumperbot_ws/build/bumperbot_py_examples/prefix_override:/usr/lib/python3/dist-packages/colcon_core/task/python/colcon_distutils_commands:/home/aakash/bumperbot_ws/install/bumperbot_py_examples/lib/python3.10/site-packages:${PYTHONPATH} /usr/bin/python3 -W ignore:setup.py install is deprecated -W ignore:easy_install command is deprecated setup.py egg_info --egg-base ../../build/bumperbot_py_examples build --build-base /home/aakash/bumperbot_ws/build/bumperbot_py_examples/build install --record /home/aakash/bumperbot_ws/build/bumperbot_py_examples/install.log --single-version-externally-managed install_data
[5.279s] Level 1:colcon.colcon_core.environment:checking '/home/aakash/bumperbot_ws/install/bumperbot_py_examples' for CMake config files
[5.280s] Level 1:colcon.colcon_core.environment:checking '/home/aakash/bumperbot_ws/install/bumperbot_py_examples/lib'
[5.280s] Level 1:colcon.colcon_core.environment:checking '/home/aakash/bumperbot_ws/install/bumperbot_py_examples/bin'
[5.280s] Level 1:colcon.colcon_core.environment:checking '/home/aakash/bumperbot_ws/install/bumperbot_py_examples/lib/pkgconfig/bumperbot_py_examples.pc'
[5.280s] Level 1:colcon.colcon_core.environment:checking '/home/aakash/bumperbot_ws/install/bumperbot_py_examples/lib/python3.10/site-packages'
[5.280s] Level 1:colcon.colcon_core.shell:create_environment_hook('bumperbot_py_examples', 'pythonpath')
[5.281s] INFO:colcon.colcon_core.shell:Creating environment hook '/home/aakash/bumperbot_ws/install/bumperbot_py_examples/share/bumperbot_py_examples/hook/pythonpath.ps1'
[5.282s] INFO:colcon.colcon_core.shell:Creating environment descriptor '/home/aakash/bumperbot_ws/install/bumperbot_py_examples/share/bumperbot_py_examples/hook/pythonpath.dsv'
[5.283s] INFO:colcon.colcon_core.shell:Creating environment hook '/home/aakash/bumperbot_ws/install/bumperbot_py_examples/share/bumperbot_py_examples/hook/pythonpath.sh'
[5.284s] Level 1:colcon.colcon_core.environment:checking '/home/aakash/bumperbot_ws/install/bumperbot_py_examples/bin'
[5.285s] Level 1:colcon.colcon_core.environment:create_environment_scripts_only(bumperbot_py_examples)
[5.285s] INFO:colcon.colcon_core.shell:Creating package script '/home/aakash/bumperbot_ws/install/bumperbot_py_examples/share/bumperbot_py_examples/package.ps1'
[5.286s] INFO:colcon.colcon_core.shell:Creating package descriptor '/home/aakash/bumperbot_ws/install/bumperbot_py_examples/share/bumperbot_py_examples/package.dsv'
[5.287s] INFO:colcon.colcon_core.shell:Creating package script '/home/aakash/bumperbot_ws/install/bumperbot_py_examples/share/bumperbot_py_examples/package.sh'
[5.288s] INFO:colcon.colcon_core.shell:Creating package script '/home/aakash/bumperbot_ws/install/bumperbot_py_examples/share/bumperbot_py_examples/package.bash'
[5.290s] INFO:colcon.colcon_core.shell:Creating package script '/home/aakash/bumperbot_ws/install/bumperbot_py_examples/share/bumperbot_py_examples/package.zsh'
[5.290s] Level 1:colcon.colcon_core.environment:create_file_with_runtime_dependencies(/home/aakash/bumperbot_ws/install/bumperbot_py_examples/share/colcon-core/packages/bumperbot_py_examples)
[5.291s] DEBUG:colcon.colcon_parallel_executor.executor.parallel:closing loop
[5.291s] DEBUG:colcon.colcon_parallel_executor.executor.parallel:loop closed
[5.291s] DEBUG:colcon.colcon_parallel_executor.executor.parallel:run_until_complete finished with '0'
[5.291s] DEBUG:colcon.colcon_core.event_reactor:joining thread
[5.331s] INFO:colcon.colcon_core.plugin_system:Skipping extension 'colcon_notification.desktop_notification.terminal_notifier': Not used on non-Darwin systems
[5.332s] INFO:colcon.colcon_core.plugin_system:Skipping extension 'colcon_notification.desktop_notification.win32': Not used on non-Windows systems
[5.332s] INFO:colcon.colcon_notification.desktop_notification:Sending desktop notification using 'notify2'
[5.368s] DEBUG:colcon.colcon_core.event_reactor:joined thread
[5.369s] INFO:colcon.colcon_core.shell:Creating prefix script '/home/aakash/bumperbot_ws/install/local_setup.ps1'
[5.389s] INFO:colcon.colcon_core.shell:Creating prefix util module '/home/aakash/bumperbot_ws/install/_local_setup_util_ps1.py'
[5.403s] INFO:colcon.colcon_core.shell:Creating prefix chain script '/home/aakash/bumperbot_ws/install/setup.ps1'
[5.411s] INFO:colcon.colcon_core.shell:Creating prefix script '/home/aakash/bumperbot_ws/install/local_setup.sh'
[5.413s] INFO:colcon.colcon_core.shell:Creating prefix util module '/home/aakash/bumperbot_ws/install/_local_setup_util_sh.py'
[5.415s] INFO:colcon.colcon_core.shell:Creating prefix chain script '/home/aakash/bumperbot_ws/install/setup.sh'
[5.426s] INFO:colcon.colcon_core.shell:Creating prefix script '/home/aakash/bumperbot_ws/install/local_setup.bash'
[5.427s] INFO:colcon.colcon_core.shell:Creating prefix chain script '/home/aakash/bumperbot_ws/install/setup.bash'
[5.435s] INFO:colcon.colcon_core.shell:Creating prefix script '/home/aakash/bumperbot_ws/install/local_setup.zsh'
[5.436s] INFO:colcon.colcon_core.shell:Creating prefix chain script '/home/aakash/bumperbot_ws/install/setup.zsh'
