[0.155s] DEBUG:colcon:Command line arguments: ['/usr/bin/colcon', 'build']
[0.155s] DEBUG:colcon:Parsed command line arguments: Namespace(log_base=None, log_level=None, verb_name='build', build_base='build', install_base='install', merge_install=False, symlink_install=False, test_result_base=None, continue_on_error=False, executor='parallel', parallel_workers=12, event_handlers=None, ignore_user_meta=False, metas=['./colcon.meta'], base_paths=['.'], packages_ignore=None, packages_ignore_regex=None, paths=None, packages_up_to=None, packages_up_to_regex=None, packages_above=None, packages_above_and_dependencies=None, packages_above_depth=None, packages_select_by_dep=None, packages_skip_by_dep=None, packages_skip_up_to=None, packages_select_build_failed=False, packages_skip_build_finished=False, packages_select_test_failures=False, packages_skip_test_passed=False, packages_select=None, packages_skip=None, packages_select_regex=None, packages_skip_regex=None, packages_start=None, packages_end=None, allow_overriding=[], cmake_args=None, cmake_target=None, cmake_target_skip_unavailable=False, cmake_clean_cache=False, cmake_clean_first=False, cmake_force_configure=False, ament_cmake_args=None, catkin_cmake_args=None, catkin_skip_building_tests=False, mixin_files=None, mixin=None, verb_parser=<colcon_mixin.mixin.mixin_argument.MixinArgumentDecorator object at 0x7fc3671976a0>, verb_extension=<colcon_core.verb.build.BuildVerb object at 0x7fc367149150>, main=<bound method BuildVerb.main of <colcon_core.verb.build.BuildVerb object at 0x7fc367149150>>, mixin_verb=('build',))
[0.200s] Level 1:colcon.colcon_core.package_discovery:discover_packages(colcon_meta) check parameters
[0.200s] Level 1:colcon.colcon_core.package_discovery:discover_packages(recursive) check parameters
[0.200s] Level 1:colcon.colcon_core.package_discovery:discover_packages(ignore) check parameters
[0.200s] Level 1:colcon.colcon_core.package_discovery:discover_packages(path) check parameters
[0.200s] Level 1:colcon.colcon_core.package_discovery:discover_packages(colcon_meta) discover
[0.200s] Level 1:colcon.colcon_core.package_discovery:discover_packages(recursive) discover
[0.200s] INFO:colcon.colcon_core.package_discovery:Crawling recursively for packages in '/home/aakash/bumperbot_ws'
[0.200s] Level 1:colcon.colcon_core.package_identification:_identify(.) by extensions ['ignore', 'ignore_ament_install']
[0.201s] Level 1:colcon.colcon_core.package_identification:_identify(.) by extension 'ignore'
[0.201s] Level 1:colcon.colcon_core.package_identification:_identify(.) by extension 'ignore_ament_install'
[0.201s] Level 1:colcon.colcon_core.package_identification:_identify(.) by extensions ['colcon_pkg']
[0.201s] Level 1:colcon.colcon_core.package_identification:_identify(.) by extension 'colcon_pkg'
[0.201s] Level 1:colcon.colcon_core.package_identification:_identify(.) by extensions ['colcon_meta']
[0.201s] Level 1:colcon.colcon_core.package_identification:_identify(.) by extension 'colcon_meta'
[0.201s] Level 1:colcon.colcon_core.package_identification:_identify(.) by extensions ['ros']
[0.201s] Level 1:colcon.colcon_core.package_identification:_identify(.) by extension 'ros'
[0.215s] Level 1:colcon.colcon_core.package_identification:_identify(.) by extensions ['cmake', 'python']
[0.215s] Level 1:colcon.colcon_core.package_identification:_identify(.) by extension 'cmake'
[0.215s] Level 1:colcon.colcon_core.package_identification:_identify(.) by extension 'python'
[0.215s] Level 1:colcon.colcon_core.package_identification:_identify(.) by extensions ['python_setup_py']
[0.215s] Level 1:colcon.colcon_core.package_identification:_identify(.) by extension 'python_setup_py'
[0.215s] Level 1:colcon.colcon_core.package_identification:_identify(build) by extensions ['ignore', 'ignore_ament_install']
[0.215s] Level 1:colcon.colcon_core.package_identification:_identify(build) by extension 'ignore'
[0.215s] Level 1:colcon.colcon_core.package_identification:_identify(build) ignored
[0.215s] Level 1:colcon.colcon_core.package_identification:_identify(install) by extensions ['ignore', 'ignore_ament_install']
[0.215s] Level 1:colcon.colcon_core.package_identification:_identify(install) by extension 'ignore'
[0.216s] Level 1:colcon.colcon_core.package_identification:_identify(install) ignored
[0.216s] Level 1:colcon.colcon_core.package_identification:_identify(log) by extensions ['ignore', 'ignore_ament_install']
[0.216s] Level 1:colcon.colcon_core.package_identification:_identify(log) by extension 'ignore'
[0.216s] Level 1:colcon.colcon_core.package_identification:_identify(log) ignored
[0.216s] Level 1:colcon.colcon_core.package_identification:_identify(src) by extensions ['ignore', 'ignore_ament_install']
[0.216s] Level 1:colcon.colcon_core.package_identification:_identify(src) by extension 'ignore'
[0.216s] Level 1:colcon.colcon_core.package_identification:_identify(src) by extension 'ignore_ament_install'
[0.216s] Level 1:colcon.colcon_core.package_identification:_identify(src) by extensions ['colcon_pkg']
[0.216s] Level 1:colcon.colcon_core.package_identification:_identify(src) by extension 'colcon_pkg'
[0.216s] Level 1:colcon.colcon_core.package_identification:_identify(src) by extensions ['colcon_meta']
[0.216s] Level 1:colcon.colcon_core.package_identification:_identify(src) by extension 'colcon_meta'
[0.216s] Level 1:colcon.colcon_core.package_identification:_identify(src) by extensions ['ros']
[0.216s] Level 1:colcon.colcon_core.package_identification:_identify(src) by extension 'ros'
[0.216s] Level 1:colcon.colcon_core.package_identification:_identify(src) by extensions ['cmake', 'python']
[0.216s] Level 1:colcon.colcon_core.package_identification:_identify(src) by extension 'cmake'
[0.216s] Level 1:colcon.colcon_core.package_identification:_identify(src) by extension 'python'
[0.216s] Level 1:colcon.colcon_core.package_identification:_identify(src) by extensions ['python_setup_py']
[0.216s] Level 1:colcon.colcon_core.package_identification:_identify(src) by extension 'python_setup_py'
[0.216s] Level 1:colcon.colcon_core.package_identification:_identify(src/bumperbot_controller) by extensions ['ignore', 'ignore_ament_install']
[0.216s] Level 1:colcon.colcon_core.package_identification:_identify(src/bumperbot_controller) by extension 'ignore'
[0.216s] Level 1:colcon.colcon_core.package_identification:_identify(src/bumperbot_controller) by extension 'ignore_ament_install'
[0.217s] Level 1:colcon.colcon_core.package_identification:_identify(src/bumperbot_controller) by extensions ['colcon_pkg']
[0.217s] Level 1:colcon.colcon_core.package_identification:_identify(src/bumperbot_controller) by extension 'colcon_pkg'
[0.217s] Level 1:colcon.colcon_core.package_identification:_identify(src/bumperbot_controller) by extensions ['colcon_meta']
[0.217s] Level 1:colcon.colcon_core.package_identification:_identify(src/bumperbot_controller) by extension 'colcon_meta'
[0.217s] Level 1:colcon.colcon_core.package_identification:_identify(src/bumperbot_controller) by extensions ['ros']
[0.217s] Level 1:colcon.colcon_core.package_identification:_identify(src/bumperbot_controller) by extension 'ros'
[0.220s] DEBUG:colcon.colcon_core.package_identification:Package 'src/bumperbot_controller' with type 'ros.ament_cmake' and name 'bumperbot_controller'
[0.220s] Level 1:colcon.colcon_core.package_identification:_identify(src/bumperbot_cpp_examples) by extensions ['ignore', 'ignore_ament_install']
[0.220s] Level 1:colcon.colcon_core.package_identification:_identify(src/bumperbot_cpp_examples) by extension 'ignore'
[0.220s] Level 1:colcon.colcon_core.package_identification:_identify(src/bumperbot_cpp_examples) by extension 'ignore_ament_install'
[0.220s] Level 1:colcon.colcon_core.package_identification:_identify(src/bumperbot_cpp_examples) by extensions ['colcon_pkg']
[0.220s] Level 1:colcon.colcon_core.package_identification:_identify(src/bumperbot_cpp_examples) by extension 'colcon_pkg'
[0.220s] Level 1:colcon.colcon_core.package_identification:_identify(src/bumperbot_cpp_examples) by extensions ['colcon_meta']
[0.220s] Level 1:colcon.colcon_core.package_identification:_identify(src/bumperbot_cpp_examples) by extension 'colcon_meta'
[0.220s] Level 1:colcon.colcon_core.package_identification:_identify(src/bumperbot_cpp_examples) by extensions ['ros']
[0.220s] Level 1:colcon.colcon_core.package_identification:_identify(src/bumperbot_cpp_examples) by extension 'ros'
[0.221s] DEBUG:colcon.colcon_core.package_identification:Package 'src/bumperbot_cpp_examples' with type 'ros.ament_cmake' and name 'bumperbot_cpp_examples'
[0.221s] Level 1:colcon.colcon_core.package_identification:_identify(src/bumperbot_description) by extensions ['ignore', 'ignore_ament_install']
[0.221s] Level 1:colcon.colcon_core.package_identification:_identify(src/bumperbot_description) by extension 'ignore'
[0.221s] Level 1:colcon.colcon_core.package_identification:_identify(src/bumperbot_description) by extension 'ignore_ament_install'
[0.221s] Level 1:colcon.colcon_core.package_identification:_identify(src/bumperbot_description) by extensions ['colcon_pkg']
[0.221s] Level 1:colcon.colcon_core.package_identification:_identify(src/bumperbot_description) by extension 'colcon_pkg'
[0.221s] Level 1:colcon.colcon_core.package_identification:_identify(src/bumperbot_description) by extensions ['colcon_meta']
[0.221s] Level 1:colcon.colcon_core.package_identification:_identify(src/bumperbot_description) by extension 'colcon_meta'
[0.221s] Level 1:colcon.colcon_core.package_identification:_identify(src/bumperbot_description) by extensions ['ros']
[0.221s] Level 1:colcon.colcon_core.package_identification:_identify(src/bumperbot_description) by extension 'ros'
[0.223s] DEBUG:colcon.colcon_core.package_identification:Package 'src/bumperbot_description' with type 'ros.ament_cmake' and name 'bumperbot_description'
[0.224s] Level 1:colcon.colcon_core.package_identification:_identify(src/bumperbot_firmware) by extensions ['ignore', 'ignore_ament_install']
[0.224s] Level 1:colcon.colcon_core.package_identification:_identify(src/bumperbot_firmware) by extension 'ignore'
[0.224s] Level 1:colcon.colcon_core.package_identification:_identify(src/bumperbot_firmware) by extension 'ignore_ament_install'
[0.224s] Level 1:colcon.colcon_core.package_identification:_identify(src/bumperbot_firmware) by extensions ['colcon_pkg']
[0.224s] Level 1:colcon.colcon_core.package_identification:_identify(src/bumperbot_firmware) by extension 'colcon_pkg'
[0.224s] Level 1:colcon.colcon_core.package_identification:_identify(src/bumperbot_firmware) by extensions ['colcon_meta']
[0.224s] Level 1:colcon.colcon_core.package_identification:_identify(src/bumperbot_firmware) by extension 'colcon_meta'
[0.224s] Level 1:colcon.colcon_core.package_identification:_identify(src/bumperbot_firmware) by extensions ['ros']
[0.224s] Level 1:colcon.colcon_core.package_identification:_identify(src/bumperbot_firmware) by extension 'ros'
[0.225s] DEBUG:colcon.colcon_core.package_identification:Package 'src/bumperbot_firmware' with type 'ros.ament_cmake' and name 'bumperbot_firmware'
[0.225s] Level 1:colcon.colcon_core.package_identification:_identify(src/bumperbot_msgs) by extensions ['ignore', 'ignore_ament_install']
[0.225s] Level 1:colcon.colcon_core.package_identification:_identify(src/bumperbot_msgs) by extension 'ignore'
[0.225s] Level 1:colcon.colcon_core.package_identification:_identify(src/bumperbot_msgs) by extension 'ignore_ament_install'
[0.225s] Level 1:colcon.colcon_core.package_identification:_identify(src/bumperbot_msgs) by extensions ['colcon_pkg']
[0.225s] Level 1:colcon.colcon_core.package_identification:_identify(src/bumperbot_msgs) by extension 'colcon_pkg'
[0.225s] Level 1:colcon.colcon_core.package_identification:_identify(src/bumperbot_msgs) by extensions ['colcon_meta']
[0.225s] Level 1:colcon.colcon_core.package_identification:_identify(src/bumperbot_msgs) by extension 'colcon_meta'
[0.225s] Level 1:colcon.colcon_core.package_identification:_identify(src/bumperbot_msgs) by extensions ['ros']
[0.225s] Level 1:colcon.colcon_core.package_identification:_identify(src/bumperbot_msgs) by extension 'ros'
[0.226s] DEBUG:colcon.colcon_core.package_identification:Package 'src/bumperbot_msgs' with type 'ros.ament_cmake' and name 'bumperbot_msgs'
[0.226s] Level 1:colcon.colcon_core.package_identification:_identify(src/bumperbot_py_examples) by extensions ['ignore', 'ignore_ament_install']
[0.226s] Level 1:colcon.colcon_core.package_identification:_identify(src/bumperbot_py_examples) by extension 'ignore'
[0.226s] Level 1:colcon.colcon_core.package_identification:_identify(src/bumperbot_py_examples) by extension 'ignore_ament_install'
[0.226s] Level 1:colcon.colcon_core.package_identification:_identify(src/bumperbot_py_examples) by extensions ['colcon_pkg']
[0.226s] Level 1:colcon.colcon_core.package_identification:_identify(src/bumperbot_py_examples) by extension 'colcon_pkg'
[0.226s] Level 1:colcon.colcon_core.package_identification:_identify(src/bumperbot_py_examples) by extensions ['colcon_meta']
[0.226s] Level 1:colcon.colcon_core.package_identification:_identify(src/bumperbot_py_examples) by extension 'colcon_meta'
[0.226s] Level 1:colcon.colcon_core.package_identification:_identify(src/bumperbot_py_examples) by extensions ['ros']
[0.226s] Level 1:colcon.colcon_core.package_identification:_identify(src/bumperbot_py_examples) by extension 'ros'
[0.227s] DEBUG:colcon.colcon_core.package_identification:Package 'src/bumperbot_py_examples' with type 'ros.ament_python' and name 'bumperbot_py_examples'
[0.227s] Level 1:colcon.colcon_core.package_discovery:discover_packages(recursive) using defaults
[0.227s] Level 1:colcon.colcon_core.package_discovery:discover_packages(ignore) discover
[0.227s] Level 1:colcon.colcon_core.package_discovery:discover_packages(ignore) using defaults
[0.228s] Level 1:colcon.colcon_core.package_discovery:discover_packages(path) discover
[0.228s] Level 1:colcon.colcon_core.package_discovery:discover_packages(path) using defaults
[0.254s] Level 1:colcon.colcon_core.package_discovery:discover_packages(prefix_path) check parameters
[0.254s] Level 1:colcon.colcon_core.package_discovery:discover_packages(prefix_path) discover
[0.259s] DEBUG:colcon.colcon_installed_package_information.package_discovery:Found 6 installed packages in /home/aakash/bumperbot_ws/install
[0.260s] DEBUG:colcon.colcon_installed_package_information.package_discovery:Found 11 installed packages in /home/aakash/eyantra_ws/install
[0.260s] DEBUG:colcon.colcon_installed_package_information.package_discovery:Found 1 installed packages in /home/aakash/flytbase_ws/install
[0.260s] DEBUG:colcon.colcon_installed_package_information.package_discovery:Found 1 installed packages in /home/aakash/flytbase/ros_ws/install
[0.261s] DEBUG:colcon.colcon_installed_package_information.package_discovery:Found 1 installed packages in /home/aakash/flytbase/ros2_ws/install
[0.261s] DEBUG:colcon.colcon_installed_package_information.package_discovery:Found 0 installed packages in /home/aakash/ros2_ws/install
[0.262s] DEBUG:colcon.colcon_installed_package_information.package_discovery:Found 5 installed packages in /home/aakash/intelligent_quads/ardu_ws/install
[0.262s] DEBUG:colcon.colcon_installed_package_information.package_discovery:Found 5 installed packages in /home/aakash/simulation2_ws/install
[0.263s] DEBUG:colcon.colcon_installed_package_information.package_discovery:Found 7 installed packages in /home/aakash/neobotix_workspace/install
[0.263s] DEBUG:colcon.colcon_installed_package_information.package_discovery:Found 17 installed packages in /home/aakash/turtlebot3_ws/install
[0.265s] DEBUG:colcon.colcon_installed_package_information.package_discovery:Found 1 installed packages in /home/aakash/ros2practice/install
[0.266s] DEBUG:colcon.colcon_installed_package_information.package_discovery:Found 1 installed packages in /home/aakash/practice_ws/install
[0.267s] DEBUG:colcon.colcon_installed_package_information.package_discovery:Found 344 installed packages in /opt/ros/humble
[0.270s] Level 1:colcon.colcon_core.package_discovery:discover_packages(prefix_path) using defaults
[0.315s] Level 5:colcon.colcon_core.verb:set package 'bumperbot_controller' build argument 'cmake_args' from command line to 'None'
[0.315s] Level 5:colcon.colcon_core.verb:set package 'bumperbot_controller' build argument 'cmake_target' from command line to 'None'
[0.315s] Level 5:colcon.colcon_core.verb:set package 'bumperbot_controller' build argument 'cmake_target_skip_unavailable' from command line to 'False'
[0.315s] Level 5:colcon.colcon_core.verb:set package 'bumperbot_controller' build argument 'cmake_clean_cache' from command line to 'False'
[0.316s] Level 5:colcon.colcon_core.verb:set package 'bumperbot_controller' build argument 'cmake_clean_first' from command line to 'False'
[0.316s] Level 5:colcon.colcon_core.verb:set package 'bumperbot_controller' build argument 'cmake_force_configure' from command line to 'False'
[0.316s] Level 5:colcon.colcon_core.verb:set package 'bumperbot_controller' build argument 'ament_cmake_args' from command line to 'None'
[0.316s] Level 5:colcon.colcon_core.verb:set package 'bumperbot_controller' build argument 'catkin_cmake_args' from command line to 'None'
[0.316s] Level 5:colcon.colcon_core.verb:set package 'bumperbot_controller' build argument 'catkin_skip_building_tests' from command line to 'False'
[0.316s] DEBUG:colcon.colcon_core.verb:Building package 'bumperbot_controller' with the following arguments: {'ament_cmake_args': None, 'build_base': '/home/aakash/bumperbot_ws/build/bumperbot_controller', 'catkin_cmake_args': None, 'catkin_skip_building_tests': False, 'cmake_args': None, 'cmake_clean_cache': False, 'cmake_clean_first': False, 'cmake_force_configure': False, 'cmake_target': None, 'cmake_target_skip_unavailable': False, 'install_base': '/home/aakash/bumperbot_ws/install/bumperbot_controller', 'merge_install': False, 'path': '/home/aakash/bumperbot_ws/src/bumperbot_controller', 'symlink_install': False, 'test_result_base': None}
[0.316s] Level 5:colcon.colcon_core.verb:set package 'bumperbot_cpp_examples' build argument 'cmake_args' from command line to 'None'
[0.316s] Level 5:colcon.colcon_core.verb:set package 'bumperbot_cpp_examples' build argument 'cmake_target' from command line to 'None'
[0.316s] Level 5:colcon.colcon_core.verb:set package 'bumperbot_cpp_examples' build argument 'cmake_target_skip_unavailable' from command line to 'False'
[0.316s] Level 5:colcon.colcon_core.verb:set package 'bumperbot_cpp_examples' build argument 'cmake_clean_cache' from command line to 'False'
[0.316s] Level 5:colcon.colcon_core.verb:set package 'bumperbot_cpp_examples' build argument 'cmake_clean_first' from command line to 'False'
[0.316s] Level 5:colcon.colcon_core.verb:set package 'bumperbot_cpp_examples' build argument 'cmake_force_configure' from command line to 'False'
[0.316s] Level 5:colcon.colcon_core.verb:set package 'bumperbot_cpp_examples' build argument 'ament_cmake_args' from command line to 'None'
[0.316s] Level 5:colcon.colcon_core.verb:set package 'bumperbot_cpp_examples' build argument 'catkin_cmake_args' from command line to 'None'
[0.316s] Level 5:colcon.colcon_core.verb:set package 'bumperbot_cpp_examples' build argument 'catkin_skip_building_tests' from command line to 'False'
[0.316s] DEBUG:colcon.colcon_core.verb:Building package 'bumperbot_cpp_examples' with the following arguments: {'ament_cmake_args': None, 'build_base': '/home/aakash/bumperbot_ws/build/bumperbot_cpp_examples', 'catkin_cmake_args': None, 'catkin_skip_building_tests': False, 'cmake_args': None, 'cmake_clean_cache': False, 'cmake_clean_first': False, 'cmake_force_configure': False, 'cmake_target': None, 'cmake_target_skip_unavailable': False, 'install_base': '/home/aakash/bumperbot_ws/install/bumperbot_cpp_examples', 'merge_install': False, 'path': '/home/aakash/bumperbot_ws/src/bumperbot_cpp_examples', 'symlink_install': False, 'test_result_base': None}
[0.316s] Level 5:colcon.colcon_core.verb:set package 'bumperbot_description' build argument 'cmake_args' from command line to 'None'
[0.316s] Level 5:colcon.colcon_core.verb:set package 'bumperbot_description' build argument 'cmake_target' from command line to 'None'
[0.316s] Level 5:colcon.colcon_core.verb:set package 'bumperbot_description' build argument 'cmake_target_skip_unavailable' from command line to 'False'
[0.317s] Level 5:colcon.colcon_core.verb:set package 'bumperbot_description' build argument 'cmake_clean_cache' from command line to 'False'
[0.317s] Level 5:colcon.colcon_core.verb:set package 'bumperbot_description' build argument 'cmake_clean_first' from command line to 'False'
[0.317s] Level 5:colcon.colcon_core.verb:set package 'bumperbot_description' build argument 'cmake_force_configure' from command line to 'False'
[0.317s] Level 5:colcon.colcon_core.verb:set package 'bumperbot_description' build argument 'ament_cmake_args' from command line to 'None'
[0.317s] Level 5:colcon.colcon_core.verb:set package 'bumperbot_description' build argument 'catkin_cmake_args' from command line to 'None'
[0.317s] Level 5:colcon.colcon_core.verb:set package 'bumperbot_description' build argument 'catkin_skip_building_tests' from command line to 'False'
[0.317s] DEBUG:colcon.colcon_core.verb:Building package 'bumperbot_description' with the following arguments: {'ament_cmake_args': None, 'build_base': '/home/aakash/bumperbot_ws/build/bumperbot_description', 'catkin_cmake_args': None, 'catkin_skip_building_tests': False, 'cmake_args': None, 'cmake_clean_cache': False, 'cmake_clean_first': False, 'cmake_force_configure': False, 'cmake_target': None, 'cmake_target_skip_unavailable': False, 'install_base': '/home/aakash/bumperbot_ws/install/bumperbot_description', 'merge_install': False, 'path': '/home/aakash/bumperbot_ws/src/bumperbot_description', 'symlink_install': False, 'test_result_base': None}
[0.317s] Level 5:colcon.colcon_core.verb:set package 'bumperbot_firmware' build argument 'cmake_args' from command line to 'None'
[0.317s] Level 5:colcon.colcon_core.verb:set package 'bumperbot_firmware' build argument 'cmake_target' from command line to 'None'
[0.317s] Level 5:colcon.colcon_core.verb:set package 'bumperbot_firmware' build argument 'cmake_target_skip_unavailable' from command line to 'False'
[0.317s] Level 5:colcon.colcon_core.verb:set package 'bumperbot_firmware' build argument 'cmake_clean_cache' from command line to 'False'
[0.317s] Level 5:colcon.colcon_core.verb:set package 'bumperbot_firmware' build argument 'cmake_clean_first' from command line to 'False'
[0.317s] Level 5:colcon.colcon_core.verb:set package 'bumperbot_firmware' build argument 'cmake_force_configure' from command line to 'False'
[0.317s] Level 5:colcon.colcon_core.verb:set package 'bumperbot_firmware' build argument 'ament_cmake_args' from command line to 'None'
[0.317s] Level 5:colcon.colcon_core.verb:set package 'bumperbot_firmware' build argument 'catkin_cmake_args' from command line to 'None'
[0.317s] Level 5:colcon.colcon_core.verb:set package 'bumperbot_firmware' build argument 'catkin_skip_building_tests' from command line to 'False'
[0.317s] DEBUG:colcon.colcon_core.verb:Building package 'bumperbot_firmware' with the following arguments: {'ament_cmake_args': None, 'build_base': '/home/aakash/bumperbot_ws/build/bumperbot_firmware', 'catkin_cmake_args': None, 'catkin_skip_building_tests': False, 'cmake_args': None, 'cmake_clean_cache': False, 'cmake_clean_first': False, 'cmake_force_configure': False, 'cmake_target': None, 'cmake_target_skip_unavailable': False, 'install_base': '/home/aakash/bumperbot_ws/install/bumperbot_firmware', 'merge_install': False, 'path': '/home/aakash/bumperbot_ws/src/bumperbot_firmware', 'symlink_install': False, 'test_result_base': None}
[0.317s] Level 5:colcon.colcon_core.verb:set package 'bumperbot_msgs' build argument 'cmake_args' from command line to 'None'
[0.317s] Level 5:colcon.colcon_core.verb:set package 'bumperbot_msgs' build argument 'cmake_target' from command line to 'None'
[0.317s] Level 5:colcon.colcon_core.verb:set package 'bumperbot_msgs' build argument 'cmake_target_skip_unavailable' from command line to 'False'
[0.317s] Level 5:colcon.colcon_core.verb:set package 'bumperbot_msgs' build argument 'cmake_clean_cache' from command line to 'False'
[0.317s] Level 5:colcon.colcon_core.verb:set package 'bumperbot_msgs' build argument 'cmake_clean_first' from command line to 'False'
[0.317s] Level 5:colcon.colcon_core.verb:set package 'bumperbot_msgs' build argument 'cmake_force_configure' from command line to 'False'
[0.317s] Level 5:colcon.colcon_core.verb:set package 'bumperbot_msgs' build argument 'ament_cmake_args' from command line to 'None'
[0.318s] Level 5:colcon.colcon_core.verb:set package 'bumperbot_msgs' build argument 'catkin_cmake_args' from command line to 'None'
[0.318s] Level 5:colcon.colcon_core.verb:set package 'bumperbot_msgs' build argument 'catkin_skip_building_tests' from command line to 'False'
[0.318s] DEBUG:colcon.colcon_core.verb:Building package 'bumperbot_msgs' with the following arguments: {'ament_cmake_args': None, 'build_base': '/home/aakash/bumperbot_ws/build/bumperbot_msgs', 'catkin_cmake_args': None, 'catkin_skip_building_tests': False, 'cmake_args': None, 'cmake_clean_cache': False, 'cmake_clean_first': False, 'cmake_force_configure': False, 'cmake_target': None, 'cmake_target_skip_unavailable': False, 'install_base': '/home/aakash/bumperbot_ws/install/bumperbot_msgs', 'merge_install': False, 'path': '/home/aakash/bumperbot_ws/src/bumperbot_msgs', 'symlink_install': False, 'test_result_base': None}
[0.318s] Level 5:colcon.colcon_core.verb:set package 'bumperbot_py_examples' build argument 'cmake_args' from command line to 'None'
[0.318s] Level 5:colcon.colcon_core.verb:set package 'bumperbot_py_examples' build argument 'cmake_target' from command line to 'None'
[0.318s] Level 5:colcon.colcon_core.verb:set package 'bumperbot_py_examples' build argument 'cmake_target_skip_unavailable' from command line to 'False'
[0.318s] Level 5:colcon.colcon_core.verb:set package 'bumperbot_py_examples' build argument 'cmake_clean_cache' from command line to 'False'
[0.318s] Level 5:colcon.colcon_core.verb:set package 'bumperbot_py_examples' build argument 'cmake_clean_first' from command line to 'False'
[0.318s] Level 5:colcon.colcon_core.verb:set package 'bumperbot_py_examples' build argument 'cmake_force_configure' from command line to 'False'
[0.318s] Level 5:colcon.colcon_core.verb:set package 'bumperbot_py_examples' build argument 'ament_cmake_args' from command line to 'None'
[0.318s] Level 5:colcon.colcon_core.verb:set package 'bumperbot_py_examples' build argument 'catkin_cmake_args' from command line to 'None'
[0.318s] Level 5:colcon.colcon_core.verb:set package 'bumperbot_py_examples' build argument 'catkin_skip_building_tests' from command line to 'False'
[0.318s] DEBUG:colcon.colcon_core.verb:Building package 'bumperbot_py_examples' with the following arguments: {'ament_cmake_args': None, 'build_base': '/home/aakash/bumperbot_ws/build/bumperbot_py_examples', 'catkin_cmake_args': None, 'catkin_skip_building_tests': False, 'cmake_args': None, 'cmake_clean_cache': False, 'cmake_clean_first': False, 'cmake_force_configure': False, 'cmake_target': None, 'cmake_target_skip_unavailable': False, 'install_base': '/home/aakash/bumperbot_ws/install/bumperbot_py_examples', 'merge_install': False, 'path': '/home/aakash/bumperbot_ws/src/bumperbot_py_examples', 'symlink_install': False, 'test_result_base': None}
[0.318s] INFO:colcon.colcon_core.executor:Executing jobs using 'parallel' executor
[0.319s] DEBUG:colcon.colcon_parallel_executor.executor.parallel:run_until_complete
[0.320s] INFO:colcon.colcon_ros.task.ament_cmake.build:Building ROS package in '/home/aakash/bumperbot_ws/src/bumperbot_msgs' with build type 'ament_cmake'
[0.320s] INFO:colcon.colcon_cmake.task.cmake.build:Building CMake package in '/home/aakash/bumperbot_ws/src/bumperbot_msgs'
[0.322s] INFO:colcon.colcon_core.plugin_system:Skipping extension 'colcon_core.shell.bat': Not used on non-Windows systems
[0.322s] INFO:colcon.colcon_core.shell:Skip shell extension 'powershell' for command environment: Not usable outside of PowerShell
[0.322s] DEBUG:colcon.colcon_core.shell:Skip shell extension 'dsv' for command environment
[0.352s] DEBUG:colcon.colcon_core.shell:Ignoring prefix path '/home/aakash/catkin_ws/devel'
[0.352s] DEBUG:colcon.colcon_core.shell:Ignoring prefix path '/home/aakash/summer_camp_ws/devel'
[0.353s] INFO:colcon.colcon_ros.task.ament_cmake.build:Building ROS package in '/home/aakash/bumperbot_ws/src/bumperbot_controller' with build type 'ament_cmake'
[0.354s] INFO:colcon.colcon_cmake.task.cmake.build:Building CMake package in '/home/aakash/bumperbot_ws/src/bumperbot_controller'
[0.354s] INFO:colcon.colcon_core.shell:Skip shell extension 'powershell' for command environment: Not usable outside of PowerShell
[0.354s] DEBUG:colcon.colcon_core.shell:Skip shell extension 'dsv' for command environment
[0.362s] DEBUG:colcon.colcon_core.shell:Ignoring prefix path '/home/aakash/catkin_ws/devel'
[0.362s] DEBUG:colcon.colcon_core.shell:Ignoring prefix path '/home/aakash/summer_camp_ws/devel'
[0.364s] INFO:colcon.colcon_ros.task.ament_cmake.build:Building ROS package in '/home/aakash/bumperbot_ws/src/bumperbot_cpp_examples' with build type 'ament_cmake'
[0.364s] INFO:colcon.colcon_cmake.task.cmake.build:Building CMake package in '/home/aakash/bumperbot_ws/src/bumperbot_cpp_examples'
[0.364s] INFO:colcon.colcon_core.shell:Skip shell extension 'powershell' for command environment: Not usable outside of PowerShell
[0.364s] DEBUG:colcon.colcon_core.shell:Skip shell extension 'dsv' for command environment
[0.374s] DEBUG:colcon.colcon_core.shell:Ignoring prefix path '/home/aakash/catkin_ws/devel'
[0.374s] DEBUG:colcon.colcon_core.shell:Ignoring prefix path '/home/aakash/summer_camp_ws/devel'
[0.376s] INFO:colcon.colcon_ros.task.ament_cmake.build:Building ROS package in '/home/aakash/bumperbot_ws/src/bumperbot_description' with build type 'ament_cmake'
[0.376s] INFO:colcon.colcon_cmake.task.cmake.build:Building CMake package in '/home/aakash/bumperbot_ws/src/bumperbot_description'
[0.376s] INFO:colcon.colcon_core.shell:Skip shell extension 'powershell' for command environment: Not usable outside of PowerShell
[0.376s] DEBUG:colcon.colcon_core.shell:Skip shell extension 'dsv' for command environment
[0.387s] DEBUG:colcon.colcon_core.shell:Ignoring prefix path '/home/aakash/catkin_ws/devel'
[0.388s] DEBUG:colcon.colcon_core.shell:Ignoring prefix path '/home/aakash/summer_camp_ws/devel'
[0.389s] INFO:colcon.colcon_ros.task.ament_cmake.build:Building ROS package in '/home/aakash/bumperbot_ws/src/bumperbot_firmware' with build type 'ament_cmake'
[0.389s] INFO:colcon.colcon_cmake.task.cmake.build:Building CMake package in '/home/aakash/bumperbot_ws/src/bumperbot_firmware'
[0.389s] INFO:colcon.colcon_core.shell:Skip shell extension 'powershell' for command environment: Not usable outside of PowerShell
[0.389s] DEBUG:colcon.colcon_core.shell:Skip shell extension 'dsv' for command environment
[0.399s] DEBUG:colcon.colcon_core.shell:Ignoring prefix path '/home/aakash/catkin_ws/devel'
[0.399s] DEBUG:colcon.colcon_core.shell:Ignoring prefix path '/home/aakash/summer_camp_ws/devel'
[0.410s] DEBUG:colcon.colcon_core.event_handler.log_command:Invoking command in '/home/aakash/bumperbot_ws/build/bumperbot_msgs': CMAKE_PREFIX_PATH=/home/aakash/bumperbot_ws/install/bumperbot_msgs:/home/aakash/bumperbot_ws/install/bumperbot_firmware:/home/aakash/bumperbot_ws/install/bumperbot_description:/home/aakash/bumperbot_ws/install/bumperbot_cpp_examples:/home/aakash/bumperbot_ws/install/bumperbot_controller:/home/aakash/eyantra_ws/install/ur5_moveit:/home/aakash/eyantra_ws/install/ur_description:/home/aakash/eyantra_ws/install/realsense_gazebo_plugin:/home/aakash/eyantra_ws/install/pymoveit2:/home/aakash/eyantra_ws/install/linkattacher_msgs:/home/aakash/eyantra_ws/install/gazebo_ros2_control:/home/aakash/eyantra_ws/install/eyantra_warehouse:/home/aakash/eyantra_ws/install/ebot_nav2:/home/aakash/eyantra_ws/install/ebot_description:/home/aakash/eyantra_ws/install/ebot_docking:/home/aakash/eyantra_ws/install/aws_robomaker_small_warehouse_world:/home/aakash/intelligent_quads/ardu_ws/install/mavlink:/home/aakash/simulation2_ws/install/move_robot_as:/home/aakash/simulation2_ws/install/t3_action_msg:/home/aakash/simulation2_ws/install/ros2_mapping:/home/aakash/simulation2_ws/install/neo_simulation2:/home/aakash/neobotix_workspace/install/neo_srvs2:/home/aakash/neobotix_workspace/install/neo_simulation2:/home/aakash/neobotix_workspace/install/neo_nav2_bringup:/home/aakash/neobotix_workspace/install/neo_msgs2:/home/aakash/neobotix_workspace/install/neo_localization2:/home/aakash/neobotix_workspace/install/neo_local_planner2:/home/aakash/neobotix_workspace/install/neo_common2:/home/aakash/turtlebot3_ws/install/turtlebot3:/home/aakash/turtlebot3_ws/install/turtlebot3_simulations:/home/aakash/turtlebot3_ws/install/turtlebot3_bringup:/home/aakash/turtlebot3_ws/install/turtlebot3_node:/home/aakash/turtlebot3_ws/install/turtlebot3_navigation2:/home/aakash/turtlebot3_ws/install/turtlebot3_fake_node:/home/aakash/turtlebot3_ws/install/turtlebot3_msgs:/home/aakash/turtlebot3_ws/install/turtlebot3_gazebo:/home/aakash/turtlebot3_ws/install/turtlebot3_description:/home/aakash/turtlebot3_ws/install/turtlebot3_cartographer:/home/aakash/turtlebot3_ws/install/hls_lfcd_lds_driver:/home/aakash/turtlebot3_ws/install/dynamixel_sdk_examples:/home/aakash/turtlebot3_ws/install/dynamixel_sdk_custom_interfaces:/home/aakash/turtlebot3_ws/install/dynamixel_sdk:/home/aakash/bumperbot_ws/install/bumperbot_py_examples:/home/aakash/flytbase_ws/install/turtle_assignment:/home/aakash/flytbase/ros2_ws/install/uav_deconfliction:/home/aakash/simulation2_ws/install/services_pkg:/home/aakash/turtlebot3_ws/install/turtlebot3_teleop:/home/aakash/turtlebot3_ws/install/turtlebot3_example:/home/aakash/turtlebot3_ws/install/tb3_sim:/home/aakash/ros2practice/install/my_robot_controller:/home/aakash/practice_ws/install/my_robot_controller:/opt/ros/humble:/home/aakash/catkin_ws/devel:/home/aakash/summer_camp_ws/devel /usr/bin/cmake --build /home/aakash/bumperbot_ws/build/bumperbot_msgs -- -j12 -l12
[0.416s] DEBUG:colcon.colcon_core.event_handler.log_command:Invoking command in '/home/aakash/bumperbot_ws/build/bumperbot_controller': CMAKE_PREFIX_PATH=/home/aakash/bumperbot_ws/install/bumperbot_msgs:/home/aakash/bumperbot_ws/install/bumperbot_firmware:/home/aakash/bumperbot_ws/install/bumperbot_description:/home/aakash/bumperbot_ws/install/bumperbot_cpp_examples:/home/aakash/bumperbot_ws/install/bumperbot_controller:/home/aakash/eyantra_ws/install/ur5_moveit:/home/aakash/eyantra_ws/install/ur_description:/home/aakash/eyantra_ws/install/realsense_gazebo_plugin:/home/aakash/eyantra_ws/install/pymoveit2:/home/aakash/eyantra_ws/install/linkattacher_msgs:/home/aakash/eyantra_ws/install/gazebo_ros2_control:/home/aakash/eyantra_ws/install/eyantra_warehouse:/home/aakash/eyantra_ws/install/ebot_nav2:/home/aakash/eyantra_ws/install/ebot_description:/home/aakash/eyantra_ws/install/ebot_docking:/home/aakash/eyantra_ws/install/aws_robomaker_small_warehouse_world:/home/aakash/intelligent_quads/ardu_ws/install/mavlink:/home/aakash/simulation2_ws/install/move_robot_as:/home/aakash/simulation2_ws/install/t3_action_msg:/home/aakash/simulation2_ws/install/ros2_mapping:/home/aakash/simulation2_ws/install/neo_simulation2:/home/aakash/neobotix_workspace/install/neo_srvs2:/home/aakash/neobotix_workspace/install/neo_simulation2:/home/aakash/neobotix_workspace/install/neo_nav2_bringup:/home/aakash/neobotix_workspace/install/neo_msgs2:/home/aakash/neobotix_workspace/install/neo_localization2:/home/aakash/neobotix_workspace/install/neo_local_planner2:/home/aakash/neobotix_workspace/install/neo_common2:/home/aakash/turtlebot3_ws/install/turtlebot3:/home/aakash/turtlebot3_ws/install/turtlebot3_simulations:/home/aakash/turtlebot3_ws/install/turtlebot3_bringup:/home/aakash/turtlebot3_ws/install/turtlebot3_node:/home/aakash/turtlebot3_ws/install/turtlebot3_navigation2:/home/aakash/turtlebot3_ws/install/turtlebot3_fake_node:/home/aakash/turtlebot3_ws/install/turtlebot3_msgs:/home/aakash/turtlebot3_ws/install/turtlebot3_gazebo:/home/aakash/turtlebot3_ws/install/turtlebot3_description:/home/aakash/turtlebot3_ws/install/turtlebot3_cartographer:/home/aakash/turtlebot3_ws/install/hls_lfcd_lds_driver:/home/aakash/turtlebot3_ws/install/dynamixel_sdk_examples:/home/aakash/turtlebot3_ws/install/dynamixel_sdk_custom_interfaces:/home/aakash/turtlebot3_ws/install/dynamixel_sdk:/home/aakash/bumperbot_ws/install/bumperbot_py_examples:/home/aakash/flytbase_ws/install/turtle_assignment:/home/aakash/flytbase/ros2_ws/install/uav_deconfliction:/home/aakash/simulation2_ws/install/services_pkg:/home/aakash/turtlebot3_ws/install/turtlebot3_teleop:/home/aakash/turtlebot3_ws/install/turtlebot3_example:/home/aakash/turtlebot3_ws/install/tb3_sim:/home/aakash/ros2practice/install/my_robot_controller:/home/aakash/practice_ws/install/my_robot_controller:/opt/ros/humble:/home/aakash/catkin_ws/devel:/home/aakash/summer_camp_ws/devel /usr/bin/cmake --build /home/aakash/bumperbot_ws/build/bumperbot_controller -- -j12 -l12
[0.421s] DEBUG:colcon.colcon_core.event_handler.log_command:Invoking command in '/home/aakash/bumperbot_ws/build/bumperbot_cpp_examples': CMAKE_PREFIX_PATH=/home/aakash/bumperbot_ws/install/bumperbot_msgs:/home/aakash/bumperbot_ws/install/bumperbot_firmware:/home/aakash/bumperbot_ws/install/bumperbot_description:/home/aakash/bumperbot_ws/install/bumperbot_cpp_examples:/home/aakash/bumperbot_ws/install/bumperbot_controller:/home/aakash/eyantra_ws/install/ur5_moveit:/home/aakash/eyantra_ws/install/ur_description:/home/aakash/eyantra_ws/install/realsense_gazebo_plugin:/home/aakash/eyantra_ws/install/pymoveit2:/home/aakash/eyantra_ws/install/linkattacher_msgs:/home/aakash/eyantra_ws/install/gazebo_ros2_control:/home/aakash/eyantra_ws/install/eyantra_warehouse:/home/aakash/eyantra_ws/install/ebot_nav2:/home/aakash/eyantra_ws/install/ebot_description:/home/aakash/eyantra_ws/install/ebot_docking:/home/aakash/eyantra_ws/install/aws_robomaker_small_warehouse_world:/home/aakash/intelligent_quads/ardu_ws/install/mavlink:/home/aakash/simulation2_ws/install/move_robot_as:/home/aakash/simulation2_ws/install/t3_action_msg:/home/aakash/simulation2_ws/install/ros2_mapping:/home/aakash/simulation2_ws/install/neo_simulation2:/home/aakash/neobotix_workspace/install/neo_srvs2:/home/aakash/neobotix_workspace/install/neo_simulation2:/home/aakash/neobotix_workspace/install/neo_nav2_bringup:/home/aakash/neobotix_workspace/install/neo_msgs2:/home/aakash/neobotix_workspace/install/neo_localization2:/home/aakash/neobotix_workspace/install/neo_local_planner2:/home/aakash/neobotix_workspace/install/neo_common2:/home/aakash/turtlebot3_ws/install/turtlebot3:/home/aakash/turtlebot3_ws/install/turtlebot3_simulations:/home/aakash/turtlebot3_ws/install/turtlebot3_bringup:/home/aakash/turtlebot3_ws/install/turtlebot3_node:/home/aakash/turtlebot3_ws/install/turtlebot3_navigation2:/home/aakash/turtlebot3_ws/install/turtlebot3_fake_node:/home/aakash/turtlebot3_ws/install/turtlebot3_msgs:/home/aakash/turtlebot3_ws/install/turtlebot3_gazebo:/home/aakash/turtlebot3_ws/install/turtlebot3_description:/home/aakash/turtlebot3_ws/install/turtlebot3_cartographer:/home/aakash/turtlebot3_ws/install/hls_lfcd_lds_driver:/home/aakash/turtlebot3_ws/install/dynamixel_sdk_examples:/home/aakash/turtlebot3_ws/install/dynamixel_sdk_custom_interfaces:/home/aakash/turtlebot3_ws/install/dynamixel_sdk:/home/aakash/bumperbot_ws/install/bumperbot_py_examples:/home/aakash/flytbase_ws/install/turtle_assignment:/home/aakash/flytbase/ros2_ws/install/uav_deconfliction:/home/aakash/simulation2_ws/install/services_pkg:/home/aakash/turtlebot3_ws/install/turtlebot3_teleop:/home/aakash/turtlebot3_ws/install/turtlebot3_example:/home/aakash/turtlebot3_ws/install/tb3_sim:/home/aakash/ros2practice/install/my_robot_controller:/home/aakash/practice_ws/install/my_robot_controller:/opt/ros/humble:/home/aakash/catkin_ws/devel:/home/aakash/summer_camp_ws/devel /usr/bin/cmake --build /home/aakash/bumperbot_ws/build/bumperbot_cpp_examples -- -j12 -l12
[0.426s] DEBUG:colcon.colcon_core.event_handler.log_command:Invoking command in '/home/aakash/bumperbot_ws/build/bumperbot_description': CMAKE_PREFIX_PATH=/home/aakash/bumperbot_ws/install/bumperbot_msgs:/home/aakash/bumperbot_ws/install/bumperbot_firmware:/home/aakash/bumperbot_ws/install/bumperbot_description:/home/aakash/bumperbot_ws/install/bumperbot_cpp_examples:/home/aakash/bumperbot_ws/install/bumperbot_controller:/home/aakash/eyantra_ws/install/ur5_moveit:/home/aakash/eyantra_ws/install/ur_description:/home/aakash/eyantra_ws/install/realsense_gazebo_plugin:/home/aakash/eyantra_ws/install/pymoveit2:/home/aakash/eyantra_ws/install/linkattacher_msgs:/home/aakash/eyantra_ws/install/gazebo_ros2_control:/home/aakash/eyantra_ws/install/eyantra_warehouse:/home/aakash/eyantra_ws/install/ebot_nav2:/home/aakash/eyantra_ws/install/ebot_description:/home/aakash/eyantra_ws/install/ebot_docking:/home/aakash/eyantra_ws/install/aws_robomaker_small_warehouse_world:/home/aakash/intelligent_quads/ardu_ws/install/mavlink:/home/aakash/simulation2_ws/install/move_robot_as:/home/aakash/simulation2_ws/install/t3_action_msg:/home/aakash/simulation2_ws/install/ros2_mapping:/home/aakash/simulation2_ws/install/neo_simulation2:/home/aakash/neobotix_workspace/install/neo_srvs2:/home/aakash/neobotix_workspace/install/neo_simulation2:/home/aakash/neobotix_workspace/install/neo_nav2_bringup:/home/aakash/neobotix_workspace/install/neo_msgs2:/home/aakash/neobotix_workspace/install/neo_localization2:/home/aakash/neobotix_workspace/install/neo_local_planner2:/home/aakash/neobotix_workspace/install/neo_common2:/home/aakash/turtlebot3_ws/install/turtlebot3:/home/aakash/turtlebot3_ws/install/turtlebot3_simulations:/home/aakash/turtlebot3_ws/install/turtlebot3_bringup:/home/aakash/turtlebot3_ws/install/turtlebot3_node:/home/aakash/turtlebot3_ws/install/turtlebot3_navigation2:/home/aakash/turtlebot3_ws/install/turtlebot3_fake_node:/home/aakash/turtlebot3_ws/install/turtlebot3_msgs:/home/aakash/turtlebot3_ws/install/turtlebot3_gazebo:/home/aakash/turtlebot3_ws/install/turtlebot3_description:/home/aakash/turtlebot3_ws/install/turtlebot3_cartographer:/home/aakash/turtlebot3_ws/install/hls_lfcd_lds_driver:/home/aakash/turtlebot3_ws/install/dynamixel_sdk_examples:/home/aakash/turtlebot3_ws/install/dynamixel_sdk_custom_interfaces:/home/aakash/turtlebot3_ws/install/dynamixel_sdk:/home/aakash/bumperbot_ws/install/bumperbot_py_examples:/home/aakash/flytbase_ws/install/turtle_assignment:/home/aakash/flytbase/ros2_ws/install/uav_deconfliction:/home/aakash/simulation2_ws/install/services_pkg:/home/aakash/turtlebot3_ws/install/turtlebot3_teleop:/home/aakash/turtlebot3_ws/install/turtlebot3_example:/home/aakash/turtlebot3_ws/install/tb3_sim:/home/aakash/ros2practice/install/my_robot_controller:/home/aakash/practice_ws/install/my_robot_controller:/opt/ros/humble:/home/aakash/catkin_ws/devel:/home/aakash/summer_camp_ws/devel /usr/bin/cmake --build /home/aakash/bumperbot_ws/build/bumperbot_description -- -j12 -l12
[0.433s] DEBUG:colcon.colcon_core.event_handler.log_command:Invoking command in '/home/aakash/bumperbot_ws/build/bumperbot_firmware': CMAKE_PREFIX_PATH=/home/aakash/bumperbot_ws/install/bumperbot_msgs:/home/aakash/bumperbot_ws/install/bumperbot_firmware:/home/aakash/bumperbot_ws/install/bumperbot_description:/home/aakash/bumperbot_ws/install/bumperbot_cpp_examples:/home/aakash/bumperbot_ws/install/bumperbot_controller:/home/aakash/eyantra_ws/install/ur5_moveit:/home/aakash/eyantra_ws/install/ur_description:/home/aakash/eyantra_ws/install/realsense_gazebo_plugin:/home/aakash/eyantra_ws/install/pymoveit2:/home/aakash/eyantra_ws/install/linkattacher_msgs:/home/aakash/eyantra_ws/install/gazebo_ros2_control:/home/aakash/eyantra_ws/install/eyantra_warehouse:/home/aakash/eyantra_ws/install/ebot_nav2:/home/aakash/eyantra_ws/install/ebot_description:/home/aakash/eyantra_ws/install/ebot_docking:/home/aakash/eyantra_ws/install/aws_robomaker_small_warehouse_world:/home/aakash/intelligent_quads/ardu_ws/install/mavlink:/home/aakash/simulation2_ws/install/move_robot_as:/home/aakash/simulation2_ws/install/t3_action_msg:/home/aakash/simulation2_ws/install/ros2_mapping:/home/aakash/simulation2_ws/install/neo_simulation2:/home/aakash/neobotix_workspace/install/neo_srvs2:/home/aakash/neobotix_workspace/install/neo_simulation2:/home/aakash/neobotix_workspace/install/neo_nav2_bringup:/home/aakash/neobotix_workspace/install/neo_msgs2:/home/aakash/neobotix_workspace/install/neo_localization2:/home/aakash/neobotix_workspace/install/neo_local_planner2:/home/aakash/neobotix_workspace/install/neo_common2:/home/aakash/turtlebot3_ws/install/turtlebot3:/home/aakash/turtlebot3_ws/install/turtlebot3_simulations:/home/aakash/turtlebot3_ws/install/turtlebot3_bringup:/home/aakash/turtlebot3_ws/install/turtlebot3_node:/home/aakash/turtlebot3_ws/install/turtlebot3_navigation2:/home/aakash/turtlebot3_ws/install/turtlebot3_fake_node:/home/aakash/turtlebot3_ws/install/turtlebot3_msgs:/home/aakash/turtlebot3_ws/install/turtlebot3_gazebo:/home/aakash/turtlebot3_ws/install/turtlebot3_description:/home/aakash/turtlebot3_ws/install/turtlebot3_cartographer:/home/aakash/turtlebot3_ws/install/hls_lfcd_lds_driver:/home/aakash/turtlebot3_ws/install/dynamixel_sdk_examples:/home/aakash/turtlebot3_ws/install/dynamixel_sdk_custom_interfaces:/home/aakash/turtlebot3_ws/install/dynamixel_sdk:/home/aakash/bumperbot_ws/install/bumperbot_py_examples:/home/aakash/flytbase_ws/install/turtle_assignment:/home/aakash/flytbase/ros2_ws/install/uav_deconfliction:/home/aakash/simulation2_ws/install/services_pkg:/home/aakash/turtlebot3_ws/install/turtlebot3_teleop:/home/aakash/turtlebot3_ws/install/turtlebot3_example:/home/aakash/turtlebot3_ws/install/tb3_sim:/home/aakash/ros2practice/install/my_robot_controller:/home/aakash/practice_ws/install/my_robot_controller:/opt/ros/humble:/home/aakash/catkin_ws/devel:/home/aakash/summer_camp_ws/devel /usr/bin/cmake --build /home/aakash/bumperbot_ws/build/bumperbot_firmware -- -j12 -l12
[0.526s] DEBUG:colcon.colcon_core.event_handler.log_command:Invoked command in '/home/aakash/bumperbot_ws/build/bumperbot_description' returned '0': CMAKE_PREFIX_PATH=/home/aakash/bumperbot_ws/install/bumperbot_msgs:/home/aakash/bumperbot_ws/install/bumperbot_firmware:/home/aakash/bumperbot_ws/install/bumperbot_description:/home/aakash/bumperbot_ws/install/bumperbot_cpp_examples:/home/aakash/bumperbot_ws/install/bumperbot_controller:/home/aakash/eyantra_ws/install/ur5_moveit:/home/aakash/eyantra_ws/install/ur_description:/home/aakash/eyantra_ws/install/realsense_gazebo_plugin:/home/aakash/eyantra_ws/install/pymoveit2:/home/aakash/eyantra_ws/install/linkattacher_msgs:/home/aakash/eyantra_ws/install/gazebo_ros2_control:/home/aakash/eyantra_ws/install/eyantra_warehouse:/home/aakash/eyantra_ws/install/ebot_nav2:/home/aakash/eyantra_ws/install/ebot_description:/home/aakash/eyantra_ws/install/ebot_docking:/home/aakash/eyantra_ws/install/aws_robomaker_small_warehouse_world:/home/aakash/intelligent_quads/ardu_ws/install/mavlink:/home/aakash/simulation2_ws/install/move_robot_as:/home/aakash/simulation2_ws/install/t3_action_msg:/home/aakash/simulation2_ws/install/ros2_mapping:/home/aakash/simulation2_ws/install/neo_simulation2:/home/aakash/neobotix_workspace/install/neo_srvs2:/home/aakash/neobotix_workspace/install/neo_simulation2:/home/aakash/neobotix_workspace/install/neo_nav2_bringup:/home/aakash/neobotix_workspace/install/neo_msgs2:/home/aakash/neobotix_workspace/install/neo_localization2:/home/aakash/neobotix_workspace/install/neo_local_planner2:/home/aakash/neobotix_workspace/install/neo_common2:/home/aakash/turtlebot3_ws/install/turtlebot3:/home/aakash/turtlebot3_ws/install/turtlebot3_simulations:/home/aakash/turtlebot3_ws/install/turtlebot3_bringup:/home/aakash/turtlebot3_ws/install/turtlebot3_node:/home/aakash/turtlebot3_ws/install/turtlebot3_navigation2:/home/aakash/turtlebot3_ws/install/turtlebot3_fake_node:/home/aakash/turtlebot3_ws/install/turtlebot3_msgs:/home/aakash/turtlebot3_ws/install/turtlebot3_gazebo:/home/aakash/turtlebot3_ws/install/turtlebot3_description:/home/aakash/turtlebot3_ws/install/turtlebot3_cartographer:/home/aakash/turtlebot3_ws/install/hls_lfcd_lds_driver:/home/aakash/turtlebot3_ws/install/dynamixel_sdk_examples:/home/aakash/turtlebot3_ws/install/dynamixel_sdk_custom_interfaces:/home/aakash/turtlebot3_ws/install/dynamixel_sdk:/home/aakash/bumperbot_ws/install/bumperbot_py_examples:/home/aakash/flytbase_ws/install/turtle_assignment:/home/aakash/flytbase/ros2_ws/install/uav_deconfliction:/home/aakash/simulation2_ws/install/services_pkg:/home/aakash/turtlebot3_ws/install/turtlebot3_teleop:/home/aakash/turtlebot3_ws/install/turtlebot3_example:/home/aakash/turtlebot3_ws/install/tb3_sim:/home/aakash/ros2practice/install/my_robot_controller:/home/aakash/practice_ws/install/my_robot_controller:/opt/ros/humble:/home/aakash/catkin_ws/devel:/home/aakash/summer_camp_ws/devel /usr/bin/cmake --build /home/aakash/bumperbot_ws/build/bumperbot_description -- -j12 -l12
[0.566s] DEBUG:colcon.colcon_core.event_handler.log_command:Invoking command in '/home/aakash/bumperbot_ws/build/bumperbot_description': CMAKE_PREFIX_PATH=/home/aakash/bumperbot_ws/install/bumperbot_msgs:/home/aakash/bumperbot_ws/install/bumperbot_firmware:/home/aakash/bumperbot_ws/install/bumperbot_description:/home/aakash/bumperbot_ws/install/bumperbot_cpp_examples:/home/aakash/bumperbot_ws/install/bumperbot_controller:/home/aakash/eyantra_ws/install/ur5_moveit:/home/aakash/eyantra_ws/install/ur_description:/home/aakash/eyantra_ws/install/realsense_gazebo_plugin:/home/aakash/eyantra_ws/install/pymoveit2:/home/aakash/eyantra_ws/install/linkattacher_msgs:/home/aakash/eyantra_ws/install/gazebo_ros2_control:/home/aakash/eyantra_ws/install/eyantra_warehouse:/home/aakash/eyantra_ws/install/ebot_nav2:/home/aakash/eyantra_ws/install/ebot_description:/home/aakash/eyantra_ws/install/ebot_docking:/home/aakash/eyantra_ws/install/aws_robomaker_small_warehouse_world:/home/aakash/intelligent_quads/ardu_ws/install/mavlink:/home/aakash/simulation2_ws/install/move_robot_as:/home/aakash/simulation2_ws/install/t3_action_msg:/home/aakash/simulation2_ws/install/ros2_mapping:/home/aakash/simulation2_ws/install/neo_simulation2:/home/aakash/neobotix_workspace/install/neo_srvs2:/home/aakash/neobotix_workspace/install/neo_simulation2:/home/aakash/neobotix_workspace/install/neo_nav2_bringup:/home/aakash/neobotix_workspace/install/neo_msgs2:/home/aakash/neobotix_workspace/install/neo_localization2:/home/aakash/neobotix_workspace/install/neo_local_planner2:/home/aakash/neobotix_workspace/install/neo_common2:/home/aakash/turtlebot3_ws/install/turtlebot3:/home/aakash/turtlebot3_ws/install/turtlebot3_simulations:/home/aakash/turtlebot3_ws/install/turtlebot3_bringup:/home/aakash/turtlebot3_ws/install/turtlebot3_node:/home/aakash/turtlebot3_ws/install/turtlebot3_navigation2:/home/aakash/turtlebot3_ws/install/turtlebot3_fake_node:/home/aakash/turtlebot3_ws/install/turtlebot3_msgs:/home/aakash/turtlebot3_ws/install/turtlebot3_gazebo:/home/aakash/turtlebot3_ws/install/turtlebot3_description:/home/aakash/turtlebot3_ws/install/turtlebot3_cartographer:/home/aakash/turtlebot3_ws/install/hls_lfcd_lds_driver:/home/aakash/turtlebot3_ws/install/dynamixel_sdk_examples:/home/aakash/turtlebot3_ws/install/dynamixel_sdk_custom_interfaces:/home/aakash/turtlebot3_ws/install/dynamixel_sdk:/home/aakash/bumperbot_ws/install/bumperbot_py_examples:/home/aakash/flytbase_ws/install/turtle_assignment:/home/aakash/flytbase/ros2_ws/install/uav_deconfliction:/home/aakash/simulation2_ws/install/services_pkg:/home/aakash/turtlebot3_ws/install/turtlebot3_teleop:/home/aakash/turtlebot3_ws/install/turtlebot3_example:/home/aakash/turtlebot3_ws/install/tb3_sim:/home/aakash/ros2practice/install/my_robot_controller:/home/aakash/practice_ws/install/my_robot_controller:/opt/ros/humble:/home/aakash/catkin_ws/devel:/home/aakash/summer_camp_ws/devel /usr/bin/cmake --install /home/aakash/bumperbot_ws/build/bumperbot_description
[0.582s] DEBUG:colcon.colcon_core.event_handler.log_command:Invoked command in '/home/aakash/bumperbot_ws/build/bumperbot_cpp_examples' returned '0': CMAKE_PREFIX_PATH=/home/aakash/bumperbot_ws/install/bumperbot_msgs:/home/aakash/bumperbot_ws/install/bumperbot_firmware:/home/aakash/bumperbot_ws/install/bumperbot_description:/home/aakash/bumperbot_ws/install/bumperbot_cpp_examples:/home/aakash/bumperbot_ws/install/bumperbot_controller:/home/aakash/eyantra_ws/install/ur5_moveit:/home/aakash/eyantra_ws/install/ur_description:/home/aakash/eyantra_ws/install/realsense_gazebo_plugin:/home/aakash/eyantra_ws/install/pymoveit2:/home/aakash/eyantra_ws/install/linkattacher_msgs:/home/aakash/eyantra_ws/install/gazebo_ros2_control:/home/aakash/eyantra_ws/install/eyantra_warehouse:/home/aakash/eyantra_ws/install/ebot_nav2:/home/aakash/eyantra_ws/install/ebot_description:/home/aakash/eyantra_ws/install/ebot_docking:/home/aakash/eyantra_ws/install/aws_robomaker_small_warehouse_world:/home/aakash/intelligent_quads/ardu_ws/install/mavlink:/home/aakash/simulation2_ws/install/move_robot_as:/home/aakash/simulation2_ws/install/t3_action_msg:/home/aakash/simulation2_ws/install/ros2_mapping:/home/aakash/simulation2_ws/install/neo_simulation2:/home/aakash/neobotix_workspace/install/neo_srvs2:/home/aakash/neobotix_workspace/install/neo_simulation2:/home/aakash/neobotix_workspace/install/neo_nav2_bringup:/home/aakash/neobotix_workspace/install/neo_msgs2:/home/aakash/neobotix_workspace/install/neo_localization2:/home/aakash/neobotix_workspace/install/neo_local_planner2:/home/aakash/neobotix_workspace/install/neo_common2:/home/aakash/turtlebot3_ws/install/turtlebot3:/home/aakash/turtlebot3_ws/install/turtlebot3_simulations:/home/aakash/turtlebot3_ws/install/turtlebot3_bringup:/home/aakash/turtlebot3_ws/install/turtlebot3_node:/home/aakash/turtlebot3_ws/install/turtlebot3_navigation2:/home/aakash/turtlebot3_ws/install/turtlebot3_fake_node:/home/aakash/turtlebot3_ws/install/turtlebot3_msgs:/home/aakash/turtlebot3_ws/install/turtlebot3_gazebo:/home/aakash/turtlebot3_ws/install/turtlebot3_description:/home/aakash/turtlebot3_ws/install/turtlebot3_cartographer:/home/aakash/turtlebot3_ws/install/hls_lfcd_lds_driver:/home/aakash/turtlebot3_ws/install/dynamixel_sdk_examples:/home/aakash/turtlebot3_ws/install/dynamixel_sdk_custom_interfaces:/home/aakash/turtlebot3_ws/install/dynamixel_sdk:/home/aakash/bumperbot_ws/install/bumperbot_py_examples:/home/aakash/flytbase_ws/install/turtle_assignment:/home/aakash/flytbase/ros2_ws/install/uav_deconfliction:/home/aakash/simulation2_ws/install/services_pkg:/home/aakash/turtlebot3_ws/install/turtlebot3_teleop:/home/aakash/turtlebot3_ws/install/turtlebot3_example:/home/aakash/turtlebot3_ws/install/tb3_sim:/home/aakash/ros2practice/install/my_robot_controller:/home/aakash/practice_ws/install/my_robot_controller:/opt/ros/humble:/home/aakash/catkin_ws/devel:/home/aakash/summer_camp_ws/devel /usr/bin/cmake --build /home/aakash/bumperbot_ws/build/bumperbot_cpp_examples -- -j12 -l12
[0.589s] DEBUG:colcon.colcon_core.event_handler.log_command:Invoking command in '/home/aakash/bumperbot_ws/build/bumperbot_cpp_examples': CMAKE_PREFIX_PATH=/home/aakash/bumperbot_ws/install/bumperbot_msgs:/home/aakash/bumperbot_ws/install/bumperbot_firmware:/home/aakash/bumperbot_ws/install/bumperbot_description:/home/aakash/bumperbot_ws/install/bumperbot_cpp_examples:/home/aakash/bumperbot_ws/install/bumperbot_controller:/home/aakash/eyantra_ws/install/ur5_moveit:/home/aakash/eyantra_ws/install/ur_description:/home/aakash/eyantra_ws/install/realsense_gazebo_plugin:/home/aakash/eyantra_ws/install/pymoveit2:/home/aakash/eyantra_ws/install/linkattacher_msgs:/home/aakash/eyantra_ws/install/gazebo_ros2_control:/home/aakash/eyantra_ws/install/eyantra_warehouse:/home/aakash/eyantra_ws/install/ebot_nav2:/home/aakash/eyantra_ws/install/ebot_description:/home/aakash/eyantra_ws/install/ebot_docking:/home/aakash/eyantra_ws/install/aws_robomaker_small_warehouse_world:/home/aakash/intelligent_quads/ardu_ws/install/mavlink:/home/aakash/simulation2_ws/install/move_robot_as:/home/aakash/simulation2_ws/install/t3_action_msg:/home/aakash/simulation2_ws/install/ros2_mapping:/home/aakash/simulation2_ws/install/neo_simulation2:/home/aakash/neobotix_workspace/install/neo_srvs2:/home/aakash/neobotix_workspace/install/neo_simulation2:/home/aakash/neobotix_workspace/install/neo_nav2_bringup:/home/aakash/neobotix_workspace/install/neo_msgs2:/home/aakash/neobotix_workspace/install/neo_localization2:/home/aakash/neobotix_workspace/install/neo_local_planner2:/home/aakash/neobotix_workspace/install/neo_common2:/home/aakash/turtlebot3_ws/install/turtlebot3:/home/aakash/turtlebot3_ws/install/turtlebot3_simulations:/home/aakash/turtlebot3_ws/install/turtlebot3_bringup:/home/aakash/turtlebot3_ws/install/turtlebot3_node:/home/aakash/turtlebot3_ws/install/turtlebot3_navigation2:/home/aakash/turtlebot3_ws/install/turtlebot3_fake_node:/home/aakash/turtlebot3_ws/install/turtlebot3_msgs:/home/aakash/turtlebot3_ws/install/turtlebot3_gazebo:/home/aakash/turtlebot3_ws/install/turtlebot3_description:/home/aakash/turtlebot3_ws/install/turtlebot3_cartographer:/home/aakash/turtlebot3_ws/install/hls_lfcd_lds_driver:/home/aakash/turtlebot3_ws/install/dynamixel_sdk_examples:/home/aakash/turtlebot3_ws/install/dynamixel_sdk_custom_interfaces:/home/aakash/turtlebot3_ws/install/dynamixel_sdk:/home/aakash/bumperbot_ws/install/bumperbot_py_examples:/home/aakash/flytbase_ws/install/turtle_assignment:/home/aakash/flytbase/ros2_ws/install/uav_deconfliction:/home/aakash/simulation2_ws/install/services_pkg:/home/aakash/turtlebot3_ws/install/turtlebot3_teleop:/home/aakash/turtlebot3_ws/install/turtlebot3_example:/home/aakash/turtlebot3_ws/install/tb3_sim:/home/aakash/ros2practice/install/my_robot_controller:/home/aakash/practice_ws/install/my_robot_controller:/opt/ros/humble:/home/aakash/catkin_ws/devel:/home/aakash/summer_camp_ws/devel /usr/bin/cmake --install /home/aakash/bumperbot_ws/build/bumperbot_cpp_examples
[0.619s] Level 1:colcon.colcon_core.environment:create_environment_scripts_only(bumperbot_description)
[0.622s] DEBUG:colcon.colcon_core.event_handler.log_command:Invoked command in '/home/aakash/bumperbot_ws/build/bumperbot_description' returned '0': CMAKE_PREFIX_PATH=/home/aakash/bumperbot_ws/install/bumperbot_msgs:/home/aakash/bumperbot_ws/install/bumperbot_firmware:/home/aakash/bumperbot_ws/install/bumperbot_description:/home/aakash/bumperbot_ws/install/bumperbot_cpp_examples:/home/aakash/bumperbot_ws/install/bumperbot_controller:/home/aakash/eyantra_ws/install/ur5_moveit:/home/aakash/eyantra_ws/install/ur_description:/home/aakash/eyantra_ws/install/realsense_gazebo_plugin:/home/aakash/eyantra_ws/install/pymoveit2:/home/aakash/eyantra_ws/install/linkattacher_msgs:/home/aakash/eyantra_ws/install/gazebo_ros2_control:/home/aakash/eyantra_ws/install/eyantra_warehouse:/home/aakash/eyantra_ws/install/ebot_nav2:/home/aakash/eyantra_ws/install/ebot_description:/home/aakash/eyantra_ws/install/ebot_docking:/home/aakash/eyantra_ws/install/aws_robomaker_small_warehouse_world:/home/aakash/intelligent_quads/ardu_ws/install/mavlink:/home/aakash/simulation2_ws/install/move_robot_as:/home/aakash/simulation2_ws/install/t3_action_msg:/home/aakash/simulation2_ws/install/ros2_mapping:/home/aakash/simulation2_ws/install/neo_simulation2:/home/aakash/neobotix_workspace/install/neo_srvs2:/home/aakash/neobotix_workspace/install/neo_simulation2:/home/aakash/neobotix_workspace/install/neo_nav2_bringup:/home/aakash/neobotix_workspace/install/neo_msgs2:/home/aakash/neobotix_workspace/install/neo_localization2:/home/aakash/neobotix_workspace/install/neo_local_planner2:/home/aakash/neobotix_workspace/install/neo_common2:/home/aakash/turtlebot3_ws/install/turtlebot3:/home/aakash/turtlebot3_ws/install/turtlebot3_simulations:/home/aakash/turtlebot3_ws/install/turtlebot3_bringup:/home/aakash/turtlebot3_ws/install/turtlebot3_node:/home/aakash/turtlebot3_ws/install/turtlebot3_navigation2:/home/aakash/turtlebot3_ws/install/turtlebot3_fake_node:/home/aakash/turtlebot3_ws/install/turtlebot3_msgs:/home/aakash/turtlebot3_ws/install/turtlebot3_gazebo:/home/aakash/turtlebot3_ws/install/turtlebot3_description:/home/aakash/turtlebot3_ws/install/turtlebot3_cartographer:/home/aakash/turtlebot3_ws/install/hls_lfcd_lds_driver:/home/aakash/turtlebot3_ws/install/dynamixel_sdk_examples:/home/aakash/turtlebot3_ws/install/dynamixel_sdk_custom_interfaces:/home/aakash/turtlebot3_ws/install/dynamixel_sdk:/home/aakash/bumperbot_ws/install/bumperbot_py_examples:/home/aakash/flytbase_ws/install/turtle_assignment:/home/aakash/flytbase/ros2_ws/install/uav_deconfliction:/home/aakash/simulation2_ws/install/services_pkg:/home/aakash/turtlebot3_ws/install/turtlebot3_teleop:/home/aakash/turtlebot3_ws/install/turtlebot3_example:/home/aakash/turtlebot3_ws/install/tb3_sim:/home/aakash/ros2practice/install/my_robot_controller:/home/aakash/practice_ws/install/my_robot_controller:/opt/ros/humble:/home/aakash/catkin_ws/devel:/home/aakash/summer_camp_ws/devel /usr/bin/cmake --install /home/aakash/bumperbot_ws/build/bumperbot_description
[0.628s] Level 1:colcon.colcon_core.environment:checking '/home/aakash/bumperbot_ws/install/bumperbot_description' for CMake module files
[0.629s] Level 1:colcon.colcon_core.environment:checking '/home/aakash/bumperbot_ws/install/bumperbot_description' for CMake config files
[0.629s] Level 1:colcon.colcon_core.shell:create_environment_hook('bumperbot_description', 'cmake_prefix_path')
[0.630s] INFO:colcon.colcon_core.shell:Creating environment hook '/home/aakash/bumperbot_ws/install/bumperbot_description/share/bumperbot_description/hook/cmake_prefix_path.ps1'
[0.630s] INFO:colcon.colcon_core.shell:Creating environment descriptor '/home/aakash/bumperbot_ws/install/bumperbot_description/share/bumperbot_description/hook/cmake_prefix_path.dsv'
[0.631s] INFO:colcon.colcon_core.shell:Creating environment hook '/home/aakash/bumperbot_ws/install/bumperbot_description/share/bumperbot_description/hook/cmake_prefix_path.sh'
[0.632s] Level 1:colcon.colcon_core.environment:checking '/home/aakash/bumperbot_ws/install/bumperbot_description/bin'
[0.632s] Level 1:colcon.colcon_core.environment:checking '/home/aakash/bumperbot_ws/install/bumperbot_description/lib/pkgconfig/bumperbot_description.pc'
[0.632s] Level 1:colcon.colcon_core.environment:checking '/home/aakash/bumperbot_ws/install/bumperbot_description/lib/python3.10/site-packages'
[0.632s] Level 1:colcon.colcon_core.environment:checking '/home/aakash/bumperbot_ws/install/bumperbot_description/bin'
[0.633s] INFO:colcon.colcon_core.shell:Creating package script '/home/aakash/bumperbot_ws/install/bumperbot_description/share/bumperbot_description/package.ps1'
[0.634s] INFO:colcon.colcon_core.shell:Creating package descriptor '/home/aakash/bumperbot_ws/install/bumperbot_description/share/bumperbot_description/package.dsv'
[0.636s] INFO:colcon.colcon_core.shell:Creating package script '/home/aakash/bumperbot_ws/install/bumperbot_description/share/bumperbot_description/package.sh'
[0.638s] INFO:colcon.colcon_core.shell:Creating package script '/home/aakash/bumperbot_ws/install/bumperbot_description/share/bumperbot_description/package.bash'
[0.640s] INFO:colcon.colcon_core.shell:Creating package script '/home/aakash/bumperbot_ws/install/bumperbot_description/share/bumperbot_description/package.zsh'
[0.648s] Level 1:colcon.colcon_core.environment:create_file_with_runtime_dependencies(/home/aakash/bumperbot_ws/install/bumperbot_description/share/colcon-core/packages/bumperbot_description)
[0.650s] Level 1:colcon.colcon_core.environment:create_environment_scripts_only(bumperbot_description)
[0.651s] Level 1:colcon.colcon_core.environment:checking '/home/aakash/bumperbot_ws/install/bumperbot_description' for CMake module files
[0.651s] Level 1:colcon.colcon_core.environment:checking '/home/aakash/bumperbot_ws/install/bumperbot_description' for CMake config files
[0.652s] Level 1:colcon.colcon_core.shell:create_environment_hook('bumperbot_description', 'cmake_prefix_path')
[0.652s] INFO:colcon.colcon_core.shell:Creating environment hook '/home/aakash/bumperbot_ws/install/bumperbot_description/share/bumperbot_description/hook/cmake_prefix_path.ps1'
[0.652s] INFO:colcon.colcon_core.shell:Creating environment descriptor '/home/aakash/bumperbot_ws/install/bumperbot_description/share/bumperbot_description/hook/cmake_prefix_path.dsv'
[0.653s] INFO:colcon.colcon_core.shell:Creating environment hook '/home/aakash/bumperbot_ws/install/bumperbot_description/share/bumperbot_description/hook/cmake_prefix_path.sh'
[0.653s] Level 1:colcon.colcon_core.environment:checking '/home/aakash/bumperbot_ws/install/bumperbot_description/bin'
[0.654s] Level 1:colcon.colcon_core.environment:checking '/home/aakash/bumperbot_ws/install/bumperbot_description/lib/pkgconfig/bumperbot_description.pc'
[0.654s] Level 1:colcon.colcon_core.environment:checking '/home/aakash/bumperbot_ws/install/bumperbot_description/lib/python3.10/site-packages'
[0.654s] Level 1:colcon.colcon_core.environment:checking '/home/aakash/bumperbot_ws/install/bumperbot_description/bin'
[0.654s] INFO:colcon.colcon_core.shell:Creating package script '/home/aakash/bumperbot_ws/install/bumperbot_description/share/bumperbot_description/package.ps1'
[0.655s] INFO:colcon.colcon_core.shell:Creating package descriptor '/home/aakash/bumperbot_ws/install/bumperbot_description/share/bumperbot_description/package.dsv'
[0.656s] INFO:colcon.colcon_core.shell:Creating package script '/home/aakash/bumperbot_ws/install/bumperbot_description/share/bumperbot_description/package.sh'
[0.656s] INFO:colcon.colcon_core.shell:Creating package script '/home/aakash/bumperbot_ws/install/bumperbot_description/share/bumperbot_description/package.bash'
[0.657s] INFO:colcon.colcon_core.shell:Creating package script '/home/aakash/bumperbot_ws/install/bumperbot_description/share/bumperbot_description/package.zsh'
[0.657s] Level 1:colcon.colcon_core.environment:create_file_with_runtime_dependencies(/home/aakash/bumperbot_ws/install/bumperbot_description/share/colcon-core/packages/bumperbot_description)
[0.659s] Level 1:colcon.colcon_core.environment:create_environment_scripts_only(bumperbot_cpp_examples)
[0.659s] Level 1:colcon.colcon_core.environment:checking '/home/aakash/bumperbot_ws/install/bumperbot_cpp_examples' for CMake module files
[0.660s] DEBUG:colcon.colcon_core.event_handler.log_command:Invoked command in '/home/aakash/bumperbot_ws/build/bumperbot_cpp_examples' returned '0': CMAKE_PREFIX_PATH=/home/aakash/bumperbot_ws/install/bumperbot_msgs:/home/aakash/bumperbot_ws/install/bumperbot_firmware:/home/aakash/bumperbot_ws/install/bumperbot_description:/home/aakash/bumperbot_ws/install/bumperbot_cpp_examples:/home/aakash/bumperbot_ws/install/bumperbot_controller:/home/aakash/eyantra_ws/install/ur5_moveit:/home/aakash/eyantra_ws/install/ur_description:/home/aakash/eyantra_ws/install/realsense_gazebo_plugin:/home/aakash/eyantra_ws/install/pymoveit2:/home/aakash/eyantra_ws/install/linkattacher_msgs:/home/aakash/eyantra_ws/install/gazebo_ros2_control:/home/aakash/eyantra_ws/install/eyantra_warehouse:/home/aakash/eyantra_ws/install/ebot_nav2:/home/aakash/eyantra_ws/install/ebot_description:/home/aakash/eyantra_ws/install/ebot_docking:/home/aakash/eyantra_ws/install/aws_robomaker_small_warehouse_world:/home/aakash/intelligent_quads/ardu_ws/install/mavlink:/home/aakash/simulation2_ws/install/move_robot_as:/home/aakash/simulation2_ws/install/t3_action_msg:/home/aakash/simulation2_ws/install/ros2_mapping:/home/aakash/simulation2_ws/install/neo_simulation2:/home/aakash/neobotix_workspace/install/neo_srvs2:/home/aakash/neobotix_workspace/install/neo_simulation2:/home/aakash/neobotix_workspace/install/neo_nav2_bringup:/home/aakash/neobotix_workspace/install/neo_msgs2:/home/aakash/neobotix_workspace/install/neo_localization2:/home/aakash/neobotix_workspace/install/neo_local_planner2:/home/aakash/neobotix_workspace/install/neo_common2:/home/aakash/turtlebot3_ws/install/turtlebot3:/home/aakash/turtlebot3_ws/install/turtlebot3_simulations:/home/aakash/turtlebot3_ws/install/turtlebot3_bringup:/home/aakash/turtlebot3_ws/install/turtlebot3_node:/home/aakash/turtlebot3_ws/install/turtlebot3_navigation2:/home/aakash/turtlebot3_ws/install/turtlebot3_fake_node:/home/aakash/turtlebot3_ws/install/turtlebot3_msgs:/home/aakash/turtlebot3_ws/install/turtlebot3_gazebo:/home/aakash/turtlebot3_ws/install/turtlebot3_description:/home/aakash/turtlebot3_ws/install/turtlebot3_cartographer:/home/aakash/turtlebot3_ws/install/hls_lfcd_lds_driver:/home/aakash/turtlebot3_ws/install/dynamixel_sdk_examples:/home/aakash/turtlebot3_ws/install/dynamixel_sdk_custom_interfaces:/home/aakash/turtlebot3_ws/install/dynamixel_sdk:/home/aakash/bumperbot_ws/install/bumperbot_py_examples:/home/aakash/flytbase_ws/install/turtle_assignment:/home/aakash/flytbase/ros2_ws/install/uav_deconfliction:/home/aakash/simulation2_ws/install/services_pkg:/home/aakash/turtlebot3_ws/install/turtlebot3_teleop:/home/aakash/turtlebot3_ws/install/turtlebot3_example:/home/aakash/turtlebot3_ws/install/tb3_sim:/home/aakash/ros2practice/install/my_robot_controller:/home/aakash/practice_ws/install/my_robot_controller:/opt/ros/humble:/home/aakash/catkin_ws/devel:/home/aakash/summer_camp_ws/devel /usr/bin/cmake --install /home/aakash/bumperbot_ws/build/bumperbot_cpp_examples
[0.660s] Level 1:colcon.colcon_core.environment:checking '/home/aakash/bumperbot_ws/install/bumperbot_cpp_examples' for CMake config files
[0.661s] Level 1:colcon.colcon_core.shell:create_environment_hook('bumperbot_cpp_examples', 'cmake_prefix_path')
[0.661s] INFO:colcon.colcon_core.shell:Creating environment hook '/home/aakash/bumperbot_ws/install/bumperbot_cpp_examples/share/bumperbot_cpp_examples/hook/cmake_prefix_path.ps1'
[0.662s] INFO:colcon.colcon_core.shell:Creating environment descriptor '/home/aakash/bumperbot_ws/install/bumperbot_cpp_examples/share/bumperbot_cpp_examples/hook/cmake_prefix_path.dsv'
[0.663s] INFO:colcon.colcon_core.shell:Creating environment hook '/home/aakash/bumperbot_ws/install/bumperbot_cpp_examples/share/bumperbot_cpp_examples/hook/cmake_prefix_path.sh'
[0.680s] Level 1:colcon.colcon_core.environment:checking '/home/aakash/bumperbot_ws/install/bumperbot_cpp_examples/lib'
[0.681s] Level 1:colcon.colcon_core.environment:checking '/home/aakash/bumperbot_ws/install/bumperbot_cpp_examples/bin'
[0.681s] Level 1:colcon.colcon_core.environment:checking '/home/aakash/bumperbot_ws/install/bumperbot_cpp_examples/lib/pkgconfig/bumperbot_cpp_examples.pc'
[0.681s] Level 1:colcon.colcon_core.environment:checking '/home/aakash/bumperbot_ws/install/bumperbot_cpp_examples/lib/python3.10/site-packages'
[0.681s] Level 1:colcon.colcon_core.environment:checking '/home/aakash/bumperbot_ws/install/bumperbot_cpp_examples/bin'
[0.682s] INFO:colcon.colcon_core.shell:Creating package script '/home/aakash/bumperbot_ws/install/bumperbot_cpp_examples/share/bumperbot_cpp_examples/package.ps1'
[0.683s] INFO:colcon.colcon_core.shell:Creating package descriptor '/home/aakash/bumperbot_ws/install/bumperbot_cpp_examples/share/bumperbot_cpp_examples/package.dsv'
[0.684s] INFO:colcon.colcon_core.shell:Creating package script '/home/aakash/bumperbot_ws/install/bumperbot_cpp_examples/share/bumperbot_cpp_examples/package.sh'
[0.685s] INFO:colcon.colcon_core.shell:Creating package script '/home/aakash/bumperbot_ws/install/bumperbot_cpp_examples/share/bumperbot_cpp_examples/package.bash'
[0.685s] INFO:colcon.colcon_core.shell:Creating package script '/home/aakash/bumperbot_ws/install/bumperbot_cpp_examples/share/bumperbot_cpp_examples/package.zsh'
[0.686s] Level 1:colcon.colcon_core.environment:create_file_with_runtime_dependencies(/home/aakash/bumperbot_ws/install/bumperbot_cpp_examples/share/colcon-core/packages/bumperbot_cpp_examples)
[0.687s] Level 1:colcon.colcon_core.environment:create_environment_scripts_only(bumperbot_cpp_examples)
[0.687s] Level 1:colcon.colcon_core.environment:checking '/home/aakash/bumperbot_ws/install/bumperbot_cpp_examples' for CMake module files
[0.688s] Level 1:colcon.colcon_core.environment:checking '/home/aakash/bumperbot_ws/install/bumperbot_cpp_examples' for CMake config files
[0.688s] Level 1:colcon.colcon_core.shell:create_environment_hook('bumperbot_cpp_examples', 'cmake_prefix_path')
[0.689s] INFO:colcon.colcon_core.shell:Creating environment hook '/home/aakash/bumperbot_ws/install/bumperbot_cpp_examples/share/bumperbot_cpp_examples/hook/cmake_prefix_path.ps1'
[0.690s] INFO:colcon.colcon_core.shell:Creating environment descriptor '/home/aakash/bumperbot_ws/install/bumperbot_cpp_examples/share/bumperbot_cpp_examples/hook/cmake_prefix_path.dsv'
[0.690s] INFO:colcon.colcon_core.shell:Creating environment hook '/home/aakash/bumperbot_ws/install/bumperbot_cpp_examples/share/bumperbot_cpp_examples/hook/cmake_prefix_path.sh'
[0.691s] Level 1:colcon.colcon_core.environment:checking '/home/aakash/bumperbot_ws/install/bumperbot_cpp_examples/lib'
[0.691s] Level 1:colcon.colcon_core.environment:checking '/home/aakash/bumperbot_ws/install/bumperbot_cpp_examples/bin'
[0.691s] Level 1:colcon.colcon_core.environment:checking '/home/aakash/bumperbot_ws/install/bumperbot_cpp_examples/lib/pkgconfig/bumperbot_cpp_examples.pc'
[0.692s] Level 1:colcon.colcon_core.environment:checking '/home/aakash/bumperbot_ws/install/bumperbot_cpp_examples/lib/python3.10/site-packages'
[0.692s] Level 1:colcon.colcon_core.environment:checking '/home/aakash/bumperbot_ws/install/bumperbot_cpp_examples/bin'
[0.692s] INFO:colcon.colcon_core.shell:Creating package script '/home/aakash/bumperbot_ws/install/bumperbot_cpp_examples/share/bumperbot_cpp_examples/package.ps1'
[0.693s] INFO:colcon.colcon_core.shell:Creating package descriptor '/home/aakash/bumperbot_ws/install/bumperbot_cpp_examples/share/bumperbot_cpp_examples/package.dsv'
[0.694s] INFO:colcon.colcon_core.shell:Creating package script '/home/aakash/bumperbot_ws/install/bumperbot_cpp_examples/share/bumperbot_cpp_examples/package.sh'
[0.694s] INFO:colcon.colcon_core.shell:Creating package script '/home/aakash/bumperbot_ws/install/bumperbot_cpp_examples/share/bumperbot_cpp_examples/package.bash'
[0.695s] INFO:colcon.colcon_core.shell:Creating package script '/home/aakash/bumperbot_ws/install/bumperbot_cpp_examples/share/bumperbot_cpp_examples/package.zsh'
[0.695s] Level 1:colcon.colcon_core.environment:create_file_with_runtime_dependencies(/home/aakash/bumperbot_ws/install/bumperbot_cpp_examples/share/colcon-core/packages/bumperbot_cpp_examples)
[1.175s] DEBUG:colcon.colcon_core.event_handler.log_command:Invoked command in '/home/aakash/bumperbot_ws/build/bumperbot_controller' returned '0': CMAKE_PREFIX_PATH=/home/aakash/bumperbot_ws/install/bumperbot_msgs:/home/aakash/bumperbot_ws/install/bumperbot_firmware:/home/aakash/bumperbot_ws/install/bumperbot_description:/home/aakash/bumperbot_ws/install/bumperbot_cpp_examples:/home/aakash/bumperbot_ws/install/bumperbot_controller:/home/aakash/eyantra_ws/install/ur5_moveit:/home/aakash/eyantra_ws/install/ur_description:/home/aakash/eyantra_ws/install/realsense_gazebo_plugin:/home/aakash/eyantra_ws/install/pymoveit2:/home/aakash/eyantra_ws/install/linkattacher_msgs:/home/aakash/eyantra_ws/install/gazebo_ros2_control:/home/aakash/eyantra_ws/install/eyantra_warehouse:/home/aakash/eyantra_ws/install/ebot_nav2:/home/aakash/eyantra_ws/install/ebot_description:/home/aakash/eyantra_ws/install/ebot_docking:/home/aakash/eyantra_ws/install/aws_robomaker_small_warehouse_world:/home/aakash/intelligent_quads/ardu_ws/install/mavlink:/home/aakash/simulation2_ws/install/move_robot_as:/home/aakash/simulation2_ws/install/t3_action_msg:/home/aakash/simulation2_ws/install/ros2_mapping:/home/aakash/simulation2_ws/install/neo_simulation2:/home/aakash/neobotix_workspace/install/neo_srvs2:/home/aakash/neobotix_workspace/install/neo_simulation2:/home/aakash/neobotix_workspace/install/neo_nav2_bringup:/home/aakash/neobotix_workspace/install/neo_msgs2:/home/aakash/neobotix_workspace/install/neo_localization2:/home/aakash/neobotix_workspace/install/neo_local_planner2:/home/aakash/neobotix_workspace/install/neo_common2:/home/aakash/turtlebot3_ws/install/turtlebot3:/home/aakash/turtlebot3_ws/install/turtlebot3_simulations:/home/aakash/turtlebot3_ws/install/turtlebot3_bringup:/home/aakash/turtlebot3_ws/install/turtlebot3_node:/home/aakash/turtlebot3_ws/install/turtlebot3_navigation2:/home/aakash/turtlebot3_ws/install/turtlebot3_fake_node:/home/aakash/turtlebot3_ws/install/turtlebot3_msgs:/home/aakash/turtlebot3_ws/install/turtlebot3_gazebo:/home/aakash/turtlebot3_ws/install/turtlebot3_description:/home/aakash/turtlebot3_ws/install/turtlebot3_cartographer:/home/aakash/turtlebot3_ws/install/hls_lfcd_lds_driver:/home/aakash/turtlebot3_ws/install/dynamixel_sdk_examples:/home/aakash/turtlebot3_ws/install/dynamixel_sdk_custom_interfaces:/home/aakash/turtlebot3_ws/install/dynamixel_sdk:/home/aakash/bumperbot_ws/install/bumperbot_py_examples:/home/aakash/flytbase_ws/install/turtle_assignment:/home/aakash/flytbase/ros2_ws/install/uav_deconfliction:/home/aakash/simulation2_ws/install/services_pkg:/home/aakash/turtlebot3_ws/install/turtlebot3_teleop:/home/aakash/turtlebot3_ws/install/turtlebot3_example:/home/aakash/turtlebot3_ws/install/tb3_sim:/home/aakash/ros2practice/install/my_robot_controller:/home/aakash/practice_ws/install/my_robot_controller:/opt/ros/humble:/home/aakash/catkin_ws/devel:/home/aakash/summer_camp_ws/devel /usr/bin/cmake --build /home/aakash/bumperbot_ws/build/bumperbot_controller -- -j12 -l12
[1.178s] DEBUG:colcon.colcon_core.event_handler.log_command:Invoking command in '/home/aakash/bumperbot_ws/build/bumperbot_controller': CMAKE_PREFIX_PATH=/home/aakash/bumperbot_ws/install/bumperbot_msgs:/home/aakash/bumperbot_ws/install/bumperbot_firmware:/home/aakash/bumperbot_ws/install/bumperbot_description:/home/aakash/bumperbot_ws/install/bumperbot_cpp_examples:/home/aakash/bumperbot_ws/install/bumperbot_controller:/home/aakash/eyantra_ws/install/ur5_moveit:/home/aakash/eyantra_ws/install/ur_description:/home/aakash/eyantra_ws/install/realsense_gazebo_plugin:/home/aakash/eyantra_ws/install/pymoveit2:/home/aakash/eyantra_ws/install/linkattacher_msgs:/home/aakash/eyantra_ws/install/gazebo_ros2_control:/home/aakash/eyantra_ws/install/eyantra_warehouse:/home/aakash/eyantra_ws/install/ebot_nav2:/home/aakash/eyantra_ws/install/ebot_description:/home/aakash/eyantra_ws/install/ebot_docking:/home/aakash/eyantra_ws/install/aws_robomaker_small_warehouse_world:/home/aakash/intelligent_quads/ardu_ws/install/mavlink:/home/aakash/simulation2_ws/install/move_robot_as:/home/aakash/simulation2_ws/install/t3_action_msg:/home/aakash/simulation2_ws/install/ros2_mapping:/home/aakash/simulation2_ws/install/neo_simulation2:/home/aakash/neobotix_workspace/install/neo_srvs2:/home/aakash/neobotix_workspace/install/neo_simulation2:/home/aakash/neobotix_workspace/install/neo_nav2_bringup:/home/aakash/neobotix_workspace/install/neo_msgs2:/home/aakash/neobotix_workspace/install/neo_localization2:/home/aakash/neobotix_workspace/install/neo_local_planner2:/home/aakash/neobotix_workspace/install/neo_common2:/home/aakash/turtlebot3_ws/install/turtlebot3:/home/aakash/turtlebot3_ws/install/turtlebot3_simulations:/home/aakash/turtlebot3_ws/install/turtlebot3_bringup:/home/aakash/turtlebot3_ws/install/turtlebot3_node:/home/aakash/turtlebot3_ws/install/turtlebot3_navigation2:/home/aakash/turtlebot3_ws/install/turtlebot3_fake_node:/home/aakash/turtlebot3_ws/install/turtlebot3_msgs:/home/aakash/turtlebot3_ws/install/turtlebot3_gazebo:/home/aakash/turtlebot3_ws/install/turtlebot3_description:/home/aakash/turtlebot3_ws/install/turtlebot3_cartographer:/home/aakash/turtlebot3_ws/install/hls_lfcd_lds_driver:/home/aakash/turtlebot3_ws/install/dynamixel_sdk_examples:/home/aakash/turtlebot3_ws/install/dynamixel_sdk_custom_interfaces:/home/aakash/turtlebot3_ws/install/dynamixel_sdk:/home/aakash/bumperbot_ws/install/bumperbot_py_examples:/home/aakash/flytbase_ws/install/turtle_assignment:/home/aakash/flytbase/ros2_ws/install/uav_deconfliction:/home/aakash/simulation2_ws/install/services_pkg:/home/aakash/turtlebot3_ws/install/turtlebot3_teleop:/home/aakash/turtlebot3_ws/install/turtlebot3_example:/home/aakash/turtlebot3_ws/install/tb3_sim:/home/aakash/ros2practice/install/my_robot_controller:/home/aakash/practice_ws/install/my_robot_controller:/opt/ros/humble:/home/aakash/catkin_ws/devel:/home/aakash/summer_camp_ws/devel /usr/bin/cmake --install /home/aakash/bumperbot_ws/build/bumperbot_controller
[1.188s] DEBUG:colcon.colcon_core.event_handler.log_command:Invoked command in '/home/aakash/bumperbot_ws/build/bumperbot_msgs' returned '0': CMAKE_PREFIX_PATH=/home/aakash/bumperbot_ws/install/bumperbot_msgs:/home/aakash/bumperbot_ws/install/bumperbot_firmware:/home/aakash/bumperbot_ws/install/bumperbot_description:/home/aakash/bumperbot_ws/install/bumperbot_cpp_examples:/home/aakash/bumperbot_ws/install/bumperbot_controller:/home/aakash/eyantra_ws/install/ur5_moveit:/home/aakash/eyantra_ws/install/ur_description:/home/aakash/eyantra_ws/install/realsense_gazebo_plugin:/home/aakash/eyantra_ws/install/pymoveit2:/home/aakash/eyantra_ws/install/linkattacher_msgs:/home/aakash/eyantra_ws/install/gazebo_ros2_control:/home/aakash/eyantra_ws/install/eyantra_warehouse:/home/aakash/eyantra_ws/install/ebot_nav2:/home/aakash/eyantra_ws/install/ebot_description:/home/aakash/eyantra_ws/install/ebot_docking:/home/aakash/eyantra_ws/install/aws_robomaker_small_warehouse_world:/home/aakash/intelligent_quads/ardu_ws/install/mavlink:/home/aakash/simulation2_ws/install/move_robot_as:/home/aakash/simulation2_ws/install/t3_action_msg:/home/aakash/simulation2_ws/install/ros2_mapping:/home/aakash/simulation2_ws/install/neo_simulation2:/home/aakash/neobotix_workspace/install/neo_srvs2:/home/aakash/neobotix_workspace/install/neo_simulation2:/home/aakash/neobotix_workspace/install/neo_nav2_bringup:/home/aakash/neobotix_workspace/install/neo_msgs2:/home/aakash/neobotix_workspace/install/neo_localization2:/home/aakash/neobotix_workspace/install/neo_local_planner2:/home/aakash/neobotix_workspace/install/neo_common2:/home/aakash/turtlebot3_ws/install/turtlebot3:/home/aakash/turtlebot3_ws/install/turtlebot3_simulations:/home/aakash/turtlebot3_ws/install/turtlebot3_bringup:/home/aakash/turtlebot3_ws/install/turtlebot3_node:/home/aakash/turtlebot3_ws/install/turtlebot3_navigation2:/home/aakash/turtlebot3_ws/install/turtlebot3_fake_node:/home/aakash/turtlebot3_ws/install/turtlebot3_msgs:/home/aakash/turtlebot3_ws/install/turtlebot3_gazebo:/home/aakash/turtlebot3_ws/install/turtlebot3_description:/home/aakash/turtlebot3_ws/install/turtlebot3_cartographer:/home/aakash/turtlebot3_ws/install/hls_lfcd_lds_driver:/home/aakash/turtlebot3_ws/install/dynamixel_sdk_examples:/home/aakash/turtlebot3_ws/install/dynamixel_sdk_custom_interfaces:/home/aakash/turtlebot3_ws/install/dynamixel_sdk:/home/aakash/bumperbot_ws/install/bumperbot_py_examples:/home/aakash/flytbase_ws/install/turtle_assignment:/home/aakash/flytbase/ros2_ws/install/uav_deconfliction:/home/aakash/simulation2_ws/install/services_pkg:/home/aakash/turtlebot3_ws/install/turtlebot3_teleop:/home/aakash/turtlebot3_ws/install/turtlebot3_example:/home/aakash/turtlebot3_ws/install/tb3_sim:/home/aakash/ros2practice/install/my_robot_controller:/home/aakash/practice_ws/install/my_robot_controller:/opt/ros/humble:/home/aakash/catkin_ws/devel:/home/aakash/summer_camp_ws/devel /usr/bin/cmake --build /home/aakash/bumperbot_ws/build/bumperbot_msgs -- -j12 -l12
[1.192s] DEBUG:colcon.colcon_core.event_handler.log_command:Invoking command in '/home/aakash/bumperbot_ws/build/bumperbot_msgs': CMAKE_PREFIX_PATH=/home/aakash/bumperbot_ws/install/bumperbot_msgs:/home/aakash/bumperbot_ws/install/bumperbot_firmware:/home/aakash/bumperbot_ws/install/bumperbot_description:/home/aakash/bumperbot_ws/install/bumperbot_cpp_examples:/home/aakash/bumperbot_ws/install/bumperbot_controller:/home/aakash/eyantra_ws/install/ur5_moveit:/home/aakash/eyantra_ws/install/ur_description:/home/aakash/eyantra_ws/install/realsense_gazebo_plugin:/home/aakash/eyantra_ws/install/pymoveit2:/home/aakash/eyantra_ws/install/linkattacher_msgs:/home/aakash/eyantra_ws/install/gazebo_ros2_control:/home/aakash/eyantra_ws/install/eyantra_warehouse:/home/aakash/eyantra_ws/install/ebot_nav2:/home/aakash/eyantra_ws/install/ebot_description:/home/aakash/eyantra_ws/install/ebot_docking:/home/aakash/eyantra_ws/install/aws_robomaker_small_warehouse_world:/home/aakash/intelligent_quads/ardu_ws/install/mavlink:/home/aakash/simulation2_ws/install/move_robot_as:/home/aakash/simulation2_ws/install/t3_action_msg:/home/aakash/simulation2_ws/install/ros2_mapping:/home/aakash/simulation2_ws/install/neo_simulation2:/home/aakash/neobotix_workspace/install/neo_srvs2:/home/aakash/neobotix_workspace/install/neo_simulation2:/home/aakash/neobotix_workspace/install/neo_nav2_bringup:/home/aakash/neobotix_workspace/install/neo_msgs2:/home/aakash/neobotix_workspace/install/neo_localization2:/home/aakash/neobotix_workspace/install/neo_local_planner2:/home/aakash/neobotix_workspace/install/neo_common2:/home/aakash/turtlebot3_ws/install/turtlebot3:/home/aakash/turtlebot3_ws/install/turtlebot3_simulations:/home/aakash/turtlebot3_ws/install/turtlebot3_bringup:/home/aakash/turtlebot3_ws/install/turtlebot3_node:/home/aakash/turtlebot3_ws/install/turtlebot3_navigation2:/home/aakash/turtlebot3_ws/install/turtlebot3_fake_node:/home/aakash/turtlebot3_ws/install/turtlebot3_msgs:/home/aakash/turtlebot3_ws/install/turtlebot3_gazebo:/home/aakash/turtlebot3_ws/install/turtlebot3_description:/home/aakash/turtlebot3_ws/install/turtlebot3_cartographer:/home/aakash/turtlebot3_ws/install/hls_lfcd_lds_driver:/home/aakash/turtlebot3_ws/install/dynamixel_sdk_examples:/home/aakash/turtlebot3_ws/install/dynamixel_sdk_custom_interfaces:/home/aakash/turtlebot3_ws/install/dynamixel_sdk:/home/aakash/bumperbot_ws/install/bumperbot_py_examples:/home/aakash/flytbase_ws/install/turtle_assignment:/home/aakash/flytbase/ros2_ws/install/uav_deconfliction:/home/aakash/simulation2_ws/install/services_pkg:/home/aakash/turtlebot3_ws/install/turtlebot3_teleop:/home/aakash/turtlebot3_ws/install/turtlebot3_example:/home/aakash/turtlebot3_ws/install/tb3_sim:/home/aakash/ros2practice/install/my_robot_controller:/home/aakash/practice_ws/install/my_robot_controller:/opt/ros/humble:/home/aakash/catkin_ws/devel:/home/aakash/summer_camp_ws/devel /usr/bin/cmake --install /home/aakash/bumperbot_ws/build/bumperbot_msgs
[1.194s] DEBUG:colcon.colcon_core.event_handler.log_command:Invoked command in '/home/aakash/bumperbot_ws/build/bumperbot_firmware' returned '0': CMAKE_PREFIX_PATH=/home/aakash/bumperbot_ws/install/bumperbot_msgs:/home/aakash/bumperbot_ws/install/bumperbot_firmware:/home/aakash/bumperbot_ws/install/bumperbot_description:/home/aakash/bumperbot_ws/install/bumperbot_cpp_examples:/home/aakash/bumperbot_ws/install/bumperbot_controller:/home/aakash/eyantra_ws/install/ur5_moveit:/home/aakash/eyantra_ws/install/ur_description:/home/aakash/eyantra_ws/install/realsense_gazebo_plugin:/home/aakash/eyantra_ws/install/pymoveit2:/home/aakash/eyantra_ws/install/linkattacher_msgs:/home/aakash/eyantra_ws/install/gazebo_ros2_control:/home/aakash/eyantra_ws/install/eyantra_warehouse:/home/aakash/eyantra_ws/install/ebot_nav2:/home/aakash/eyantra_ws/install/ebot_description:/home/aakash/eyantra_ws/install/ebot_docking:/home/aakash/eyantra_ws/install/aws_robomaker_small_warehouse_world:/home/aakash/intelligent_quads/ardu_ws/install/mavlink:/home/aakash/simulation2_ws/install/move_robot_as:/home/aakash/simulation2_ws/install/t3_action_msg:/home/aakash/simulation2_ws/install/ros2_mapping:/home/aakash/simulation2_ws/install/neo_simulation2:/home/aakash/neobotix_workspace/install/neo_srvs2:/home/aakash/neobotix_workspace/install/neo_simulation2:/home/aakash/neobotix_workspace/install/neo_nav2_bringup:/home/aakash/neobotix_workspace/install/neo_msgs2:/home/aakash/neobotix_workspace/install/neo_localization2:/home/aakash/neobotix_workspace/install/neo_local_planner2:/home/aakash/neobotix_workspace/install/neo_common2:/home/aakash/turtlebot3_ws/install/turtlebot3:/home/aakash/turtlebot3_ws/install/turtlebot3_simulations:/home/aakash/turtlebot3_ws/install/turtlebot3_bringup:/home/aakash/turtlebot3_ws/install/turtlebot3_node:/home/aakash/turtlebot3_ws/install/turtlebot3_navigation2:/home/aakash/turtlebot3_ws/install/turtlebot3_fake_node:/home/aakash/turtlebot3_ws/install/turtlebot3_msgs:/home/aakash/turtlebot3_ws/install/turtlebot3_gazebo:/home/aakash/turtlebot3_ws/install/turtlebot3_description:/home/aakash/turtlebot3_ws/install/turtlebot3_cartographer:/home/aakash/turtlebot3_ws/install/hls_lfcd_lds_driver:/home/aakash/turtlebot3_ws/install/dynamixel_sdk_examples:/home/aakash/turtlebot3_ws/install/dynamixel_sdk_custom_interfaces:/home/aakash/turtlebot3_ws/install/dynamixel_sdk:/home/aakash/bumperbot_ws/install/bumperbot_py_examples:/home/aakash/flytbase_ws/install/turtle_assignment:/home/aakash/flytbase/ros2_ws/install/uav_deconfliction:/home/aakash/simulation2_ws/install/services_pkg:/home/aakash/turtlebot3_ws/install/turtlebot3_teleop:/home/aakash/turtlebot3_ws/install/turtlebot3_example:/home/aakash/turtlebot3_ws/install/tb3_sim:/home/aakash/ros2practice/install/my_robot_controller:/home/aakash/practice_ws/install/my_robot_controller:/opt/ros/humble:/home/aakash/catkin_ws/devel:/home/aakash/summer_camp_ws/devel /usr/bin/cmake --build /home/aakash/bumperbot_ws/build/bumperbot_firmware -- -j12 -l12
[1.199s] DEBUG:colcon.colcon_core.event_handler.log_command:Invoking command in '/home/aakash/bumperbot_ws/build/bumperbot_firmware': CMAKE_PREFIX_PATH=/home/aakash/bumperbot_ws/install/bumperbot_msgs:/home/aakash/bumperbot_ws/install/bumperbot_firmware:/home/aakash/bumperbot_ws/install/bumperbot_description:/home/aakash/bumperbot_ws/install/bumperbot_cpp_examples:/home/aakash/bumperbot_ws/install/bumperbot_controller:/home/aakash/eyantra_ws/install/ur5_moveit:/home/aakash/eyantra_ws/install/ur_description:/home/aakash/eyantra_ws/install/realsense_gazebo_plugin:/home/aakash/eyantra_ws/install/pymoveit2:/home/aakash/eyantra_ws/install/linkattacher_msgs:/home/aakash/eyantra_ws/install/gazebo_ros2_control:/home/aakash/eyantra_ws/install/eyantra_warehouse:/home/aakash/eyantra_ws/install/ebot_nav2:/home/aakash/eyantra_ws/install/ebot_description:/home/aakash/eyantra_ws/install/ebot_docking:/home/aakash/eyantra_ws/install/aws_robomaker_small_warehouse_world:/home/aakash/intelligent_quads/ardu_ws/install/mavlink:/home/aakash/simulation2_ws/install/move_robot_as:/home/aakash/simulation2_ws/install/t3_action_msg:/home/aakash/simulation2_ws/install/ros2_mapping:/home/aakash/simulation2_ws/install/neo_simulation2:/home/aakash/neobotix_workspace/install/neo_srvs2:/home/aakash/neobotix_workspace/install/neo_simulation2:/home/aakash/neobotix_workspace/install/neo_nav2_bringup:/home/aakash/neobotix_workspace/install/neo_msgs2:/home/aakash/neobotix_workspace/install/neo_localization2:/home/aakash/neobotix_workspace/install/neo_local_planner2:/home/aakash/neobotix_workspace/install/neo_common2:/home/aakash/turtlebot3_ws/install/turtlebot3:/home/aakash/turtlebot3_ws/install/turtlebot3_simulations:/home/aakash/turtlebot3_ws/install/turtlebot3_bringup:/home/aakash/turtlebot3_ws/install/turtlebot3_node:/home/aakash/turtlebot3_ws/install/turtlebot3_navigation2:/home/aakash/turtlebot3_ws/install/turtlebot3_fake_node:/home/aakash/turtlebot3_ws/install/turtlebot3_msgs:/home/aakash/turtlebot3_ws/install/turtlebot3_gazebo:/home/aakash/turtlebot3_ws/install/turtlebot3_description:/home/aakash/turtlebot3_ws/install/turtlebot3_cartographer:/home/aakash/turtlebot3_ws/install/hls_lfcd_lds_driver:/home/aakash/turtlebot3_ws/install/dynamixel_sdk_examples:/home/aakash/turtlebot3_ws/install/dynamixel_sdk_custom_interfaces:/home/aakash/turtlebot3_ws/install/dynamixel_sdk:/home/aakash/bumperbot_ws/install/bumperbot_py_examples:/home/aakash/flytbase_ws/install/turtle_assignment:/home/aakash/flytbase/ros2_ws/install/uav_deconfliction:/home/aakash/simulation2_ws/install/services_pkg:/home/aakash/turtlebot3_ws/install/turtlebot3_teleop:/home/aakash/turtlebot3_ws/install/turtlebot3_example:/home/aakash/turtlebot3_ws/install/tb3_sim:/home/aakash/ros2practice/install/my_robot_controller:/home/aakash/practice_ws/install/my_robot_controller:/opt/ros/humble:/home/aakash/catkin_ws/devel:/home/aakash/summer_camp_ws/devel /usr/bin/cmake --install /home/aakash/bumperbot_ws/build/bumperbot_firmware
[1.304s] Level 1:colcon.colcon_core.environment:create_environment_scripts_only(bumperbot_firmware)
[1.304s] Level 1:colcon.colcon_core.environment:checking '/home/aakash/bumperbot_ws/install/bumperbot_firmware' for CMake module files
[1.307s] DEBUG:colcon.colcon_core.event_handler.log_command:Invoked command in '/home/aakash/bumperbot_ws/build/bumperbot_firmware' returned '0': CMAKE_PREFIX_PATH=/home/aakash/bumperbot_ws/install/bumperbot_msgs:/home/aakash/bumperbot_ws/install/bumperbot_firmware:/home/aakash/bumperbot_ws/install/bumperbot_description:/home/aakash/bumperbot_ws/install/bumperbot_cpp_examples:/home/aakash/bumperbot_ws/install/bumperbot_controller:/home/aakash/eyantra_ws/install/ur5_moveit:/home/aakash/eyantra_ws/install/ur_description:/home/aakash/eyantra_ws/install/realsense_gazebo_plugin:/home/aakash/eyantra_ws/install/pymoveit2:/home/aakash/eyantra_ws/install/linkattacher_msgs:/home/aakash/eyantra_ws/install/gazebo_ros2_control:/home/aakash/eyantra_ws/install/eyantra_warehouse:/home/aakash/eyantra_ws/install/ebot_nav2:/home/aakash/eyantra_ws/install/ebot_description:/home/aakash/eyantra_ws/install/ebot_docking:/home/aakash/eyantra_ws/install/aws_robomaker_small_warehouse_world:/home/aakash/intelligent_quads/ardu_ws/install/mavlink:/home/aakash/simulation2_ws/install/move_robot_as:/home/aakash/simulation2_ws/install/t3_action_msg:/home/aakash/simulation2_ws/install/ros2_mapping:/home/aakash/simulation2_ws/install/neo_simulation2:/home/aakash/neobotix_workspace/install/neo_srvs2:/home/aakash/neobotix_workspace/install/neo_simulation2:/home/aakash/neobotix_workspace/install/neo_nav2_bringup:/home/aakash/neobotix_workspace/install/neo_msgs2:/home/aakash/neobotix_workspace/install/neo_localization2:/home/aakash/neobotix_workspace/install/neo_local_planner2:/home/aakash/neobotix_workspace/install/neo_common2:/home/aakash/turtlebot3_ws/install/turtlebot3:/home/aakash/turtlebot3_ws/install/turtlebot3_simulations:/home/aakash/turtlebot3_ws/install/turtlebot3_bringup:/home/aakash/turtlebot3_ws/install/turtlebot3_node:/home/aakash/turtlebot3_ws/install/turtlebot3_navigation2:/home/aakash/turtlebot3_ws/install/turtlebot3_fake_node:/home/aakash/turtlebot3_ws/install/turtlebot3_msgs:/home/aakash/turtlebot3_ws/install/turtlebot3_gazebo:/home/aakash/turtlebot3_ws/install/turtlebot3_description:/home/aakash/turtlebot3_ws/install/turtlebot3_cartographer:/home/aakash/turtlebot3_ws/install/hls_lfcd_lds_driver:/home/aakash/turtlebot3_ws/install/dynamixel_sdk_examples:/home/aakash/turtlebot3_ws/install/dynamixel_sdk_custom_interfaces:/home/aakash/turtlebot3_ws/install/dynamixel_sdk:/home/aakash/bumperbot_ws/install/bumperbot_py_examples:/home/aakash/flytbase_ws/install/turtle_assignment:/home/aakash/flytbase/ros2_ws/install/uav_deconfliction:/home/aakash/simulation2_ws/install/services_pkg:/home/aakash/turtlebot3_ws/install/turtlebot3_teleop:/home/aakash/turtlebot3_ws/install/turtlebot3_example:/home/aakash/turtlebot3_ws/install/tb3_sim:/home/aakash/ros2practice/install/my_robot_controller:/home/aakash/practice_ws/install/my_robot_controller:/opt/ros/humble:/home/aakash/catkin_ws/devel:/home/aakash/summer_camp_ws/devel /usr/bin/cmake --install /home/aakash/bumperbot_ws/build/bumperbot_firmware
[1.308s] Level 1:colcon.colcon_core.environment:checking '/home/aakash/bumperbot_ws/install/bumperbot_firmware' for CMake config files
[1.308s] Level 1:colcon.colcon_core.shell:create_environment_hook('bumperbot_firmware', 'cmake_prefix_path')
[1.308s] INFO:colcon.colcon_core.shell:Creating environment hook '/home/aakash/bumperbot_ws/install/bumperbot_firmware/share/bumperbot_firmware/hook/cmake_prefix_path.ps1'
[1.309s] INFO:colcon.colcon_core.shell:Creating environment descriptor '/home/aakash/bumperbot_ws/install/bumperbot_firmware/share/bumperbot_firmware/hook/cmake_prefix_path.dsv'
[1.310s] INFO:colcon.colcon_core.shell:Creating environment hook '/home/aakash/bumperbot_ws/install/bumperbot_firmware/share/bumperbot_firmware/hook/cmake_prefix_path.sh'
[1.311s] Level 1:colcon.colcon_core.environment:checking '/home/aakash/bumperbot_ws/install/bumperbot_firmware/lib'
[1.311s] Level 1:colcon.colcon_core.environment:checking '/home/aakash/bumperbot_ws/install/bumperbot_firmware/bin'
[1.311s] Level 1:colcon.colcon_core.environment:checking '/home/aakash/bumperbot_ws/install/bumperbot_firmware/lib/pkgconfig/bumperbot_firmware.pc'
[1.312s] Level 1:colcon.colcon_core.environment:checking '/home/aakash/bumperbot_ws/install/bumperbot_firmware/lib/python3.10/site-packages'
[1.312s] Level 1:colcon.colcon_core.environment:checking '/home/aakash/bumperbot_ws/install/bumperbot_firmware/bin'
[1.313s] INFO:colcon.colcon_core.shell:Creating package script '/home/aakash/bumperbot_ws/install/bumperbot_firmware/share/bumperbot_firmware/package.ps1'
[1.314s] INFO:colcon.colcon_core.shell:Creating package descriptor '/home/aakash/bumperbot_ws/install/bumperbot_firmware/share/bumperbot_firmware/package.dsv'
[1.314s] INFO:colcon.colcon_core.shell:Creating package script '/home/aakash/bumperbot_ws/install/bumperbot_firmware/share/bumperbot_firmware/package.sh'
[1.315s] INFO:colcon.colcon_core.shell:Creating package script '/home/aakash/bumperbot_ws/install/bumperbot_firmware/share/bumperbot_firmware/package.bash'
[1.326s] INFO:colcon.colcon_core.shell:Creating package script '/home/aakash/bumperbot_ws/install/bumperbot_firmware/share/bumperbot_firmware/package.zsh'
[1.327s] Level 1:colcon.colcon_core.environment:create_file_with_runtime_dependencies(/home/aakash/bumperbot_ws/install/bumperbot_firmware/share/colcon-core/packages/bumperbot_firmware)
[1.328s] Level 1:colcon.colcon_core.environment:create_environment_scripts_only(bumperbot_firmware)
[1.328s] Level 1:colcon.colcon_core.environment:checking '/home/aakash/bumperbot_ws/install/bumperbot_firmware' for CMake module files
[1.328s] Level 1:colcon.colcon_core.environment:checking '/home/aakash/bumperbot_ws/install/bumperbot_firmware' for CMake config files
[1.328s] Level 1:colcon.colcon_core.shell:create_environment_hook('bumperbot_firmware', 'cmake_prefix_path')
[1.329s] INFO:colcon.colcon_core.shell:Creating environment hook '/home/aakash/bumperbot_ws/install/bumperbot_firmware/share/bumperbot_firmware/hook/cmake_prefix_path.ps1'
[1.329s] INFO:colcon.colcon_core.shell:Creating environment descriptor '/home/aakash/bumperbot_ws/install/bumperbot_firmware/share/bumperbot_firmware/hook/cmake_prefix_path.dsv'
[1.330s] INFO:colcon.colcon_core.shell:Creating environment hook '/home/aakash/bumperbot_ws/install/bumperbot_firmware/share/bumperbot_firmware/hook/cmake_prefix_path.sh'
[1.330s] Level 1:colcon.colcon_core.environment:checking '/home/aakash/bumperbot_ws/install/bumperbot_firmware/lib'
[1.330s] Level 1:colcon.colcon_core.environment:checking '/home/aakash/bumperbot_ws/install/bumperbot_firmware/bin'
[1.330s] Level 1:colcon.colcon_core.environment:checking '/home/aakash/bumperbot_ws/install/bumperbot_firmware/lib/pkgconfig/bumperbot_firmware.pc'
[1.331s] Level 1:colcon.colcon_core.environment:checking '/home/aakash/bumperbot_ws/install/bumperbot_firmware/lib/python3.10/site-packages'
[1.331s] Level 1:colcon.colcon_core.environment:checking '/home/aakash/bumperbot_ws/install/bumperbot_firmware/bin'
[1.331s] INFO:colcon.colcon_core.shell:Creating package script '/home/aakash/bumperbot_ws/install/bumperbot_firmware/share/bumperbot_firmware/package.ps1'
[1.332s] INFO:colcon.colcon_core.shell:Creating package descriptor '/home/aakash/bumperbot_ws/install/bumperbot_firmware/share/bumperbot_firmware/package.dsv'
[1.333s] INFO:colcon.colcon_core.shell:Creating package script '/home/aakash/bumperbot_ws/install/bumperbot_firmware/share/bumperbot_firmware/package.sh'
[1.334s] INFO:colcon.colcon_core.shell:Creating package script '/home/aakash/bumperbot_ws/install/bumperbot_firmware/share/bumperbot_firmware/package.bash'
[1.335s] INFO:colcon.colcon_core.shell:Creating package script '/home/aakash/bumperbot_ws/install/bumperbot_firmware/share/bumperbot_firmware/package.zsh'
[1.336s] Level 1:colcon.colcon_core.environment:create_file_with_runtime_dependencies(/home/aakash/bumperbot_ws/install/bumperbot_firmware/share/colcon-core/packages/bumperbot_firmware)
[1.341s] Level 1:colcon.colcon_core.environment:create_environment_scripts_only(bumperbot_controller)
[1.342s] Level 1:colcon.colcon_core.environment:checking '/home/aakash/bumperbot_ws/install/bumperbot_controller' for CMake module files
[1.345s] Level 1:colcon.colcon_core.environment:checking '/home/aakash/bumperbot_ws/install/bumperbot_controller' for CMake config files
[1.348s] Level 1:colcon.colcon_core.shell:create_environment_hook('bumperbot_controller', 'cmake_prefix_path')
[1.349s] INFO:colcon.colcon_core.shell:Creating environment hook '/home/aakash/bumperbot_ws/install/bumperbot_controller/share/bumperbot_controller/hook/cmake_prefix_path.ps1'
[1.351s] INFO:colcon.colcon_core.shell:Creating environment descriptor '/home/aakash/bumperbot_ws/install/bumperbot_controller/share/bumperbot_controller/hook/cmake_prefix_path.dsv'
[1.355s] INFO:colcon.colcon_core.shell:Creating environment hook '/home/aakash/bumperbot_ws/install/bumperbot_controller/share/bumperbot_controller/hook/cmake_prefix_path.sh'
[1.355s] DEBUG:colcon.colcon_core.event_handler.log_command:Invoked command in '/home/aakash/bumperbot_ws/build/bumperbot_controller' returned '0': CMAKE_PREFIX_PATH=/home/aakash/bumperbot_ws/install/bumperbot_msgs:/home/aakash/bumperbot_ws/install/bumperbot_firmware:/home/aakash/bumperbot_ws/install/bumperbot_description:/home/aakash/bumperbot_ws/install/bumperbot_cpp_examples:/home/aakash/bumperbot_ws/install/bumperbot_controller:/home/aakash/eyantra_ws/install/ur5_moveit:/home/aakash/eyantra_ws/install/ur_description:/home/aakash/eyantra_ws/install/realsense_gazebo_plugin:/home/aakash/eyantra_ws/install/pymoveit2:/home/aakash/eyantra_ws/install/linkattacher_msgs:/home/aakash/eyantra_ws/install/gazebo_ros2_control:/home/aakash/eyantra_ws/install/eyantra_warehouse:/home/aakash/eyantra_ws/install/ebot_nav2:/home/aakash/eyantra_ws/install/ebot_description:/home/aakash/eyantra_ws/install/ebot_docking:/home/aakash/eyantra_ws/install/aws_robomaker_small_warehouse_world:/home/aakash/intelligent_quads/ardu_ws/install/mavlink:/home/aakash/simulation2_ws/install/move_robot_as:/home/aakash/simulation2_ws/install/t3_action_msg:/home/aakash/simulation2_ws/install/ros2_mapping:/home/aakash/simulation2_ws/install/neo_simulation2:/home/aakash/neobotix_workspace/install/neo_srvs2:/home/aakash/neobotix_workspace/install/neo_simulation2:/home/aakash/neobotix_workspace/install/neo_nav2_bringup:/home/aakash/neobotix_workspace/install/neo_msgs2:/home/aakash/neobotix_workspace/install/neo_localization2:/home/aakash/neobotix_workspace/install/neo_local_planner2:/home/aakash/neobotix_workspace/install/neo_common2:/home/aakash/turtlebot3_ws/install/turtlebot3:/home/aakash/turtlebot3_ws/install/turtlebot3_simulations:/home/aakash/turtlebot3_ws/install/turtlebot3_bringup:/home/aakash/turtlebot3_ws/install/turtlebot3_node:/home/aakash/turtlebot3_ws/install/turtlebot3_navigation2:/home/aakash/turtlebot3_ws/install/turtlebot3_fake_node:/home/aakash/turtlebot3_ws/install/turtlebot3_msgs:/home/aakash/turtlebot3_ws/install/turtlebot3_gazebo:/home/aakash/turtlebot3_ws/install/turtlebot3_description:/home/aakash/turtlebot3_ws/install/turtlebot3_cartographer:/home/aakash/turtlebot3_ws/install/hls_lfcd_lds_driver:/home/aakash/turtlebot3_ws/install/dynamixel_sdk_examples:/home/aakash/turtlebot3_ws/install/dynamixel_sdk_custom_interfaces:/home/aakash/turtlebot3_ws/install/dynamixel_sdk:/home/aakash/bumperbot_ws/install/bumperbot_py_examples:/home/aakash/flytbase_ws/install/turtle_assignment:/home/aakash/flytbase/ros2_ws/install/uav_deconfliction:/home/aakash/simulation2_ws/install/services_pkg:/home/aakash/turtlebot3_ws/install/turtlebot3_teleop:/home/aakash/turtlebot3_ws/install/turtlebot3_example:/home/aakash/turtlebot3_ws/install/tb3_sim:/home/aakash/ros2practice/install/my_robot_controller:/home/aakash/practice_ws/install/my_robot_controller:/opt/ros/humble:/home/aakash/catkin_ws/devel:/home/aakash/summer_camp_ws/devel /usr/bin/cmake --install /home/aakash/bumperbot_ws/build/bumperbot_controller
[1.356s] Level 1:colcon.colcon_core.environment:checking '/home/aakash/bumperbot_ws/install/bumperbot_controller/lib'
[1.356s] Level 1:colcon.colcon_core.environment:checking '/home/aakash/bumperbot_ws/install/bumperbot_controller/bin'
[1.356s] Level 1:colcon.colcon_core.environment:checking '/home/aakash/bumperbot_ws/install/bumperbot_controller/lib/pkgconfig/bumperbot_controller.pc'
[1.357s] Level 1:colcon.colcon_core.environment:checking '/home/aakash/bumperbot_ws/install/bumperbot_controller/lib/python3.10/site-packages'
[1.357s] Level 1:colcon.colcon_core.environment:checking '/home/aakash/bumperbot_ws/install/bumperbot_controller/bin'
[1.357s] INFO:colcon.colcon_core.shell:Creating package script '/home/aakash/bumperbot_ws/install/bumperbot_controller/share/bumperbot_controller/package.ps1'
[1.358s] INFO:colcon.colcon_core.shell:Creating package descriptor '/home/aakash/bumperbot_ws/install/bumperbot_controller/share/bumperbot_controller/package.dsv'
[1.358s] INFO:colcon.colcon_core.shell:Creating package script '/home/aakash/bumperbot_ws/install/bumperbot_controller/share/bumperbot_controller/package.sh'
[1.359s] INFO:colcon.colcon_core.shell:Creating package script '/home/aakash/bumperbot_ws/install/bumperbot_controller/share/bumperbot_controller/package.bash'
[1.359s] INFO:colcon.colcon_core.shell:Creating package script '/home/aakash/bumperbot_ws/install/bumperbot_controller/share/bumperbot_controller/package.zsh'
[1.360s] Level 1:colcon.colcon_core.environment:create_file_with_runtime_dependencies(/home/aakash/bumperbot_ws/install/bumperbot_controller/share/colcon-core/packages/bumperbot_controller)
[1.360s] Level 1:colcon.colcon_core.environment:create_environment_scripts_only(bumperbot_controller)
[1.360s] Level 1:colcon.colcon_core.environment:checking '/home/aakash/bumperbot_ws/install/bumperbot_controller' for CMake module files
[1.361s] Level 1:colcon.colcon_core.environment:checking '/home/aakash/bumperbot_ws/install/bumperbot_controller' for CMake config files
[1.361s] Level 1:colcon.colcon_core.shell:create_environment_hook('bumperbot_controller', 'cmake_prefix_path')
[1.361s] INFO:colcon.colcon_core.shell:Creating environment hook '/home/aakash/bumperbot_ws/install/bumperbot_controller/share/bumperbot_controller/hook/cmake_prefix_path.ps1'
[1.362s] INFO:colcon.colcon_core.shell:Creating environment descriptor '/home/aakash/bumperbot_ws/install/bumperbot_controller/share/bumperbot_controller/hook/cmake_prefix_path.dsv'
[1.362s] INFO:colcon.colcon_core.shell:Creating environment hook '/home/aakash/bumperbot_ws/install/bumperbot_controller/share/bumperbot_controller/hook/cmake_prefix_path.sh'
[1.363s] Level 1:colcon.colcon_core.environment:checking '/home/aakash/bumperbot_ws/install/bumperbot_controller/lib'
[1.363s] Level 1:colcon.colcon_core.environment:checking '/home/aakash/bumperbot_ws/install/bumperbot_controller/bin'
[1.363s] Level 1:colcon.colcon_core.environment:checking '/home/aakash/bumperbot_ws/install/bumperbot_controller/lib/pkgconfig/bumperbot_controller.pc'
[1.363s] Level 1:colcon.colcon_core.environment:checking '/home/aakash/bumperbot_ws/install/bumperbot_controller/lib/python3.10/site-packages'
[1.363s] Level 1:colcon.colcon_core.environment:checking '/home/aakash/bumperbot_ws/install/bumperbot_controller/bin'
[1.364s] INFO:colcon.colcon_core.shell:Creating package script '/home/aakash/bumperbot_ws/install/bumperbot_controller/share/bumperbot_controller/package.ps1'
[1.365s] INFO:colcon.colcon_core.shell:Creating package descriptor '/home/aakash/bumperbot_ws/install/bumperbot_controller/share/bumperbot_controller/package.dsv'
[1.365s] INFO:colcon.colcon_core.shell:Creating package script '/home/aakash/bumperbot_ws/install/bumperbot_controller/share/bumperbot_controller/package.sh'
[1.366s] INFO:colcon.colcon_core.shell:Creating package script '/home/aakash/bumperbot_ws/install/bumperbot_controller/share/bumperbot_controller/package.bash'
[1.366s] INFO:colcon.colcon_core.shell:Creating package script '/home/aakash/bumperbot_ws/install/bumperbot_controller/share/bumperbot_controller/package.zsh'
[1.366s] Level 1:colcon.colcon_core.environment:create_file_with_runtime_dependencies(/home/aakash/bumperbot_ws/install/bumperbot_controller/share/colcon-core/packages/bumperbot_controller)
[1.368s] Level 1:colcon.colcon_core.environment:create_environment_scripts_only(bumperbot_msgs)
[1.368s] Level 1:colcon.colcon_core.environment:checking '/home/aakash/bumperbot_ws/install/bumperbot_msgs' for CMake module files
[1.370s] DEBUG:colcon.colcon_core.event_handler.log_command:Invoked command in '/home/aakash/bumperbot_ws/build/bumperbot_msgs' returned '0': CMAKE_PREFIX_PATH=/home/aakash/bumperbot_ws/install/bumperbot_msgs:/home/aakash/bumperbot_ws/install/bumperbot_firmware:/home/aakash/bumperbot_ws/install/bumperbot_description:/home/aakash/bumperbot_ws/install/bumperbot_cpp_examples:/home/aakash/bumperbot_ws/install/bumperbot_controller:/home/aakash/eyantra_ws/install/ur5_moveit:/home/aakash/eyantra_ws/install/ur_description:/home/aakash/eyantra_ws/install/realsense_gazebo_plugin:/home/aakash/eyantra_ws/install/pymoveit2:/home/aakash/eyantra_ws/install/linkattacher_msgs:/home/aakash/eyantra_ws/install/gazebo_ros2_control:/home/aakash/eyantra_ws/install/eyantra_warehouse:/home/aakash/eyantra_ws/install/ebot_nav2:/home/aakash/eyantra_ws/install/ebot_description:/home/aakash/eyantra_ws/install/ebot_docking:/home/aakash/eyantra_ws/install/aws_robomaker_small_warehouse_world:/home/aakash/intelligent_quads/ardu_ws/install/mavlink:/home/aakash/simulation2_ws/install/move_robot_as:/home/aakash/simulation2_ws/install/t3_action_msg:/home/aakash/simulation2_ws/install/ros2_mapping:/home/aakash/simulation2_ws/install/neo_simulation2:/home/aakash/neobotix_workspace/install/neo_srvs2:/home/aakash/neobotix_workspace/install/neo_simulation2:/home/aakash/neobotix_workspace/install/neo_nav2_bringup:/home/aakash/neobotix_workspace/install/neo_msgs2:/home/aakash/neobotix_workspace/install/neo_localization2:/home/aakash/neobotix_workspace/install/neo_local_planner2:/home/aakash/neobotix_workspace/install/neo_common2:/home/aakash/turtlebot3_ws/install/turtlebot3:/home/aakash/turtlebot3_ws/install/turtlebot3_simulations:/home/aakash/turtlebot3_ws/install/turtlebot3_bringup:/home/aakash/turtlebot3_ws/install/turtlebot3_node:/home/aakash/turtlebot3_ws/install/turtlebot3_navigation2:/home/aakash/turtlebot3_ws/install/turtlebot3_fake_node:/home/aakash/turtlebot3_ws/install/turtlebot3_msgs:/home/aakash/turtlebot3_ws/install/turtlebot3_gazebo:/home/aakash/turtlebot3_ws/install/turtlebot3_description:/home/aakash/turtlebot3_ws/install/turtlebot3_cartographer:/home/aakash/turtlebot3_ws/install/hls_lfcd_lds_driver:/home/aakash/turtlebot3_ws/install/dynamixel_sdk_examples:/home/aakash/turtlebot3_ws/install/dynamixel_sdk_custom_interfaces:/home/aakash/turtlebot3_ws/install/dynamixel_sdk:/home/aakash/bumperbot_ws/install/bumperbot_py_examples:/home/aakash/flytbase_ws/install/turtle_assignment:/home/aakash/flytbase/ros2_ws/install/uav_deconfliction:/home/aakash/simulation2_ws/install/services_pkg:/home/aakash/turtlebot3_ws/install/turtlebot3_teleop:/home/aakash/turtlebot3_ws/install/turtlebot3_example:/home/aakash/turtlebot3_ws/install/tb3_sim:/home/aakash/ros2practice/install/my_robot_controller:/home/aakash/practice_ws/install/my_robot_controller:/opt/ros/humble:/home/aakash/catkin_ws/devel:/home/aakash/summer_camp_ws/devel /usr/bin/cmake --install /home/aakash/bumperbot_ws/build/bumperbot_msgs
[1.370s] Level 1:colcon.colcon_core.environment:checking '/home/aakash/bumperbot_ws/install/bumperbot_msgs' for CMake config files
[1.371s] Level 1:colcon.colcon_core.shell:create_environment_hook('bumperbot_msgs', 'cmake_prefix_path')
[1.371s] INFO:colcon.colcon_core.shell:Creating environment hook '/home/aakash/bumperbot_ws/install/bumperbot_msgs/share/bumperbot_msgs/hook/cmake_prefix_path.ps1'
[1.372s] INFO:colcon.colcon_core.shell:Creating environment descriptor '/home/aakash/bumperbot_ws/install/bumperbot_msgs/share/bumperbot_msgs/hook/cmake_prefix_path.dsv'
[1.374s] INFO:colcon.colcon_core.shell:Creating environment hook '/home/aakash/bumperbot_ws/install/bumperbot_msgs/share/bumperbot_msgs/hook/cmake_prefix_path.sh'
[1.376s] Level 1:colcon.colcon_core.environment:checking '/home/aakash/bumperbot_ws/install/bumperbot_msgs/lib'
[1.377s] Level 1:colcon.colcon_core.shell:create_environment_hook('bumperbot_msgs', 'ld_library_path_lib')
[1.377s] INFO:colcon.colcon_core.shell:Creating environment hook '/home/aakash/bumperbot_ws/install/bumperbot_msgs/share/bumperbot_msgs/hook/ld_library_path_lib.ps1'
[1.378s] INFO:colcon.colcon_core.shell:Creating environment descriptor '/home/aakash/bumperbot_ws/install/bumperbot_msgs/share/bumperbot_msgs/hook/ld_library_path_lib.dsv'
[1.379s] INFO:colcon.colcon_core.shell:Creating environment hook '/home/aakash/bumperbot_ws/install/bumperbot_msgs/share/bumperbot_msgs/hook/ld_library_path_lib.sh'
[1.380s] Level 1:colcon.colcon_core.environment:checking '/home/aakash/bumperbot_ws/install/bumperbot_msgs/bin'
[1.380s] Level 1:colcon.colcon_core.environment:checking '/home/aakash/bumperbot_ws/install/bumperbot_msgs/lib/pkgconfig/bumperbot_msgs.pc'
[1.380s] Level 1:colcon.colcon_core.environment:checking '/home/aakash/bumperbot_ws/install/bumperbot_msgs/lib/python3.10/site-packages'
[1.380s] Level 1:colcon.colcon_core.environment:checking '/home/aakash/bumperbot_ws/install/bumperbot_msgs/bin'
[1.381s] INFO:colcon.colcon_core.shell:Creating package script '/home/aakash/bumperbot_ws/install/bumperbot_msgs/share/bumperbot_msgs/package.ps1'
[1.382s] INFO:colcon.colcon_core.shell:Creating package descriptor '/home/aakash/bumperbot_ws/install/bumperbot_msgs/share/bumperbot_msgs/package.dsv'
[1.384s] INFO:colcon.colcon_core.shell:Creating package script '/home/aakash/bumperbot_ws/install/bumperbot_msgs/share/bumperbot_msgs/package.sh'
[1.385s] INFO:colcon.colcon_core.shell:Creating package script '/home/aakash/bumperbot_ws/install/bumperbot_msgs/share/bumperbot_msgs/package.bash'
[1.387s] INFO:colcon.colcon_core.shell:Creating package script '/home/aakash/bumperbot_ws/install/bumperbot_msgs/share/bumperbot_msgs/package.zsh'
[1.388s] Level 1:colcon.colcon_core.environment:create_file_with_runtime_dependencies(/home/aakash/bumperbot_ws/install/bumperbot_msgs/share/colcon-core/packages/bumperbot_msgs)
[1.390s] Level 1:colcon.colcon_core.environment:create_environment_scripts_only(bumperbot_msgs)
[1.390s] Level 1:colcon.colcon_core.environment:checking '/home/aakash/bumperbot_ws/install/bumperbot_msgs' for CMake module files
[1.392s] Level 1:colcon.colcon_core.environment:checking '/home/aakash/bumperbot_ws/install/bumperbot_msgs' for CMake config files
[1.392s] Level 1:colcon.colcon_core.shell:create_environment_hook('bumperbot_msgs', 'cmake_prefix_path')
[1.393s] INFO:colcon.colcon_core.shell:Creating environment hook '/home/aakash/bumperbot_ws/install/bumperbot_msgs/share/bumperbot_msgs/hook/cmake_prefix_path.ps1'
[1.393s] INFO:colcon.colcon_core.shell:Creating environment descriptor '/home/aakash/bumperbot_ws/install/bumperbot_msgs/share/bumperbot_msgs/hook/cmake_prefix_path.dsv'
[1.394s] INFO:colcon.colcon_core.shell:Creating environment hook '/home/aakash/bumperbot_ws/install/bumperbot_msgs/share/bumperbot_msgs/hook/cmake_prefix_path.sh'
[1.395s] Level 1:colcon.colcon_core.environment:checking '/home/aakash/bumperbot_ws/install/bumperbot_msgs/lib'
[1.395s] Level 1:colcon.colcon_core.shell:create_environment_hook('bumperbot_msgs', 'ld_library_path_lib')
[1.396s] INFO:colcon.colcon_core.shell:Creating environment hook '/home/aakash/bumperbot_ws/install/bumperbot_msgs/share/bumperbot_msgs/hook/ld_library_path_lib.ps1'
[1.397s] INFO:colcon.colcon_core.shell:Creating environment descriptor '/home/aakash/bumperbot_ws/install/bumperbot_msgs/share/bumperbot_msgs/hook/ld_library_path_lib.dsv'
[1.397s] INFO:colcon.colcon_core.shell:Creating environment hook '/home/aakash/bumperbot_ws/install/bumperbot_msgs/share/bumperbot_msgs/hook/ld_library_path_lib.sh'
[1.398s] Level 1:colcon.colcon_core.environment:checking '/home/aakash/bumperbot_ws/install/bumperbot_msgs/bin'
[1.398s] Level 1:colcon.colcon_core.environment:checking '/home/aakash/bumperbot_ws/install/bumperbot_msgs/lib/pkgconfig/bumperbot_msgs.pc'
[1.398s] Level 1:colcon.colcon_core.environment:checking '/home/aakash/bumperbot_ws/install/bumperbot_msgs/lib/python3.10/site-packages'
[1.399s] Level 1:colcon.colcon_core.environment:checking '/home/aakash/bumperbot_ws/install/bumperbot_msgs/bin'
[1.399s] INFO:colcon.colcon_core.shell:Creating package script '/home/aakash/bumperbot_ws/install/bumperbot_msgs/share/bumperbot_msgs/package.ps1'
[1.400s] INFO:colcon.colcon_core.shell:Creating package descriptor '/home/aakash/bumperbot_ws/install/bumperbot_msgs/share/bumperbot_msgs/package.dsv'
[1.400s] INFO:colcon.colcon_core.shell:Creating package script '/home/aakash/bumperbot_ws/install/bumperbot_msgs/share/bumperbot_msgs/package.sh'
[1.401s] INFO:colcon.colcon_core.shell:Creating package script '/home/aakash/bumperbot_ws/install/bumperbot_msgs/share/bumperbot_msgs/package.bash'
[1.402s] INFO:colcon.colcon_core.shell:Creating package script '/home/aakash/bumperbot_ws/install/bumperbot_msgs/share/bumperbot_msgs/package.zsh'
[1.402s] Level 1:colcon.colcon_core.environment:create_file_with_runtime_dependencies(/home/aakash/bumperbot_ws/install/bumperbot_msgs/share/colcon-core/packages/bumperbot_msgs)
[1.403s] INFO:colcon.colcon_ros.task.ament_python.build:Building ROS package in '/home/aakash/bumperbot_ws/src/bumperbot_py_examples' with build type 'ament_python'
[1.403s] Level 1:colcon.colcon_core.shell:create_environment_hook('bumperbot_py_examples', 'ament_prefix_path')
[1.404s] INFO:colcon.colcon_core.shell:Creating environment hook '/home/aakash/bumperbot_ws/install/bumperbot_py_examples/share/bumperbot_py_examples/hook/ament_prefix_path.ps1'
[1.405s] INFO:colcon.colcon_core.shell:Creating environment descriptor '/home/aakash/bumperbot_ws/install/bumperbot_py_examples/share/bumperbot_py_examples/hook/ament_prefix_path.dsv'
[1.407s] INFO:colcon.colcon_core.shell:Creating environment hook '/home/aakash/bumperbot_ws/install/bumperbot_py_examples/share/bumperbot_py_examples/hook/ament_prefix_path.sh'
[1.409s] INFO:colcon.colcon_core.shell:Skip shell extension 'powershell' for command environment: Not usable outside of PowerShell
[1.409s] DEBUG:colcon.colcon_core.shell:Skip shell extension 'dsv' for command environment
[1.429s] DEBUG:colcon.colcon_core.shell:Ignoring prefix path '/home/aakash/catkin_ws/devel'
[1.430s] DEBUG:colcon.colcon_core.shell:Ignoring prefix path '/home/aakash/summer_camp_ws/devel'
[1.871s] INFO:colcon.colcon_core.task.python.build:Building Python package in '/home/aakash/bumperbot_ws/src/bumperbot_py_examples'
[1.872s] INFO:colcon.colcon_core.shell:Skip shell extension 'powershell' for command environment: Not usable outside of PowerShell
[1.872s] DEBUG:colcon.colcon_core.shell:Skip shell extension 'dsv' for command environment
[1.882s] DEBUG:colcon.colcon_core.shell:Ignoring prefix path '/home/aakash/catkin_ws/devel'
[1.883s] DEBUG:colcon.colcon_core.shell:Ignoring prefix path '/home/aakash/summer_camp_ws/devel'
[2.856s] DEBUG:colcon.colcon_core.event_handler.log_command:Invoking command in '/home/aakash/bumperbot_ws/src/bumperbot_py_examples': PYTHONPATH=/home/aakash/bumperbot_ws/build/bumperbot_py_examples/prefix_override:/usr/lib/python3/dist-packages/colcon_core/task/python/colcon_distutils_commands:/home/aakash/bumperbot_ws/install/bumperbot_py_examples/lib/python3.10/site-packages:${PYTHONPATH} /usr/bin/python3 -W ignore:setup.py install is deprecated -W ignore:easy_install command is deprecated setup.py egg_info --egg-base ../../build/bumperbot_py_examples build --build-base /home/aakash/bumperbot_ws/build/bumperbot_py_examples/build install --record /home/aakash/bumperbot_ws/build/bumperbot_py_examples/install.log --single-version-externally-managed install_data
[3.790s] Level 1:colcon.colcon_core.environment:checking '/home/aakash/bumperbot_ws/install/bumperbot_py_examples' for CMake module files
[3.791s] DEBUG:colcon.colcon_core.event_handler.log_command:Invoked command in '/home/aakash/bumperbot_ws/src/bumperbot_py_examples' returned '0': PYTHONPATH=/home/aakash/bumperbot_ws/build/bumperbot_py_examples/prefix_override:/usr/lib/python3/dist-packages/colcon_core/task/python/colcon_distutils_commands:/home/aakash/bumperbot_ws/install/bumperbot_py_examples/lib/python3.10/site-packages:${PYTHONPATH} /usr/bin/python3 -W ignore:setup.py install is deprecated -W ignore:easy_install command is deprecated setup.py egg_info --egg-base ../../build/bumperbot_py_examples build --build-base /home/aakash/bumperbot_ws/build/bumperbot_py_examples/build install --record /home/aakash/bumperbot_ws/build/bumperbot_py_examples/install.log --single-version-externally-managed install_data
[3.791s] Level 1:colcon.colcon_core.environment:checking '/home/aakash/bumperbot_ws/install/bumperbot_py_examples' for CMake config files
[3.792s] Level 1:colcon.colcon_core.environment:checking '/home/aakash/bumperbot_ws/install/bumperbot_py_examples/lib'
[3.792s] Level 1:colcon.colcon_core.environment:checking '/home/aakash/bumperbot_ws/install/bumperbot_py_examples/bin'
[3.792s] Level 1:colcon.colcon_core.environment:checking '/home/aakash/bumperbot_ws/install/bumperbot_py_examples/lib/pkgconfig/bumperbot_py_examples.pc'
[3.793s] Level 1:colcon.colcon_core.environment:checking '/home/aakash/bumperbot_ws/install/bumperbot_py_examples/lib/python3.10/site-packages'
[3.793s] Level 1:colcon.colcon_core.shell:create_environment_hook('bumperbot_py_examples', 'pythonpath')
[3.793s] INFO:colcon.colcon_core.shell:Creating environment hook '/home/aakash/bumperbot_ws/install/bumperbot_py_examples/share/bumperbot_py_examples/hook/pythonpath.ps1'
[3.795s] INFO:colcon.colcon_core.shell:Creating environment descriptor '/home/aakash/bumperbot_ws/install/bumperbot_py_examples/share/bumperbot_py_examples/hook/pythonpath.dsv'
[3.796s] INFO:colcon.colcon_core.shell:Creating environment hook '/home/aakash/bumperbot_ws/install/bumperbot_py_examples/share/bumperbot_py_examples/hook/pythonpath.sh'
[3.797s] Level 1:colcon.colcon_core.environment:checking '/home/aakash/bumperbot_ws/install/bumperbot_py_examples/bin'
[3.797s] Level 1:colcon.colcon_core.environment:create_environment_scripts_only(bumperbot_py_examples)
[3.797s] INFO:colcon.colcon_core.shell:Creating package script '/home/aakash/bumperbot_ws/install/bumperbot_py_examples/share/bumperbot_py_examples/package.ps1'
[3.798s] INFO:colcon.colcon_core.shell:Creating package descriptor '/home/aakash/bumperbot_ws/install/bumperbot_py_examples/share/bumperbot_py_examples/package.dsv'
[3.799s] INFO:colcon.colcon_core.shell:Creating package script '/home/aakash/bumperbot_ws/install/bumperbot_py_examples/share/bumperbot_py_examples/package.sh'
[3.800s] INFO:colcon.colcon_core.shell:Creating package script '/home/aakash/bumperbot_ws/install/bumperbot_py_examples/share/bumperbot_py_examples/package.bash'
[3.802s] INFO:colcon.colcon_core.shell:Creating package script '/home/aakash/bumperbot_ws/install/bumperbot_py_examples/share/bumperbot_py_examples/package.zsh'
[3.803s] Level 1:colcon.colcon_core.environment:create_file_with_runtime_dependencies(/home/aakash/bumperbot_ws/install/bumperbot_py_examples/share/colcon-core/packages/bumperbot_py_examples)
[3.804s] DEBUG:colcon.colcon_parallel_executor.executor.parallel:closing loop
[3.805s] DEBUG:colcon.colcon_parallel_executor.executor.parallel:loop closed
[3.806s] DEBUG:colcon.colcon_parallel_executor.executor.parallel:run_until_complete finished with '0'
[3.806s] DEBUG:colcon.colcon_core.event_reactor:joining thread
[3.818s] INFO:colcon.colcon_core.plugin_system:Skipping extension 'colcon_notification.desktop_notification.terminal_notifier': Not used on non-Darwin systems
[3.818s] INFO:colcon.colcon_core.plugin_system:Skipping extension 'colcon_notification.desktop_notification.win32': Not used on non-Windows systems
[3.818s] INFO:colcon.colcon_notification.desktop_notification:Sending desktop notification using 'notify2'
[3.841s] DEBUG:colcon.colcon_core.event_reactor:joined thread
[3.842s] INFO:colcon.colcon_core.shell:Creating prefix script '/home/aakash/bumperbot_ws/install/local_setup.ps1'
[3.844s] INFO:colcon.colcon_core.shell:Creating prefix util module '/home/aakash/bumperbot_ws/install/_local_setup_util_ps1.py'
[3.847s] INFO:colcon.colcon_core.shell:Creating prefix chain script '/home/aakash/bumperbot_ws/install/setup.ps1'
[3.854s] INFO:colcon.colcon_core.shell:Creating prefix script '/home/aakash/bumperbot_ws/install/local_setup.sh'
[3.855s] INFO:colcon.colcon_core.shell:Creating prefix util module '/home/aakash/bumperbot_ws/install/_local_setup_util_sh.py'
[3.857s] INFO:colcon.colcon_core.shell:Creating prefix chain script '/home/aakash/bumperbot_ws/install/setup.sh'
[3.868s] INFO:colcon.colcon_core.shell:Creating prefix script '/home/aakash/bumperbot_ws/install/local_setup.bash'
[3.871s] INFO:colcon.colcon_core.shell:Creating prefix chain script '/home/aakash/bumperbot_ws/install/setup.bash'
[3.879s] INFO:colcon.colcon_core.shell:Creating prefix script '/home/aakash/bumperbot_ws/install/local_setup.zsh'
[3.880s] INFO:colcon.colcon_core.shell:Creating prefix chain script '/home/aakash/bumperbot_ws/install/setup.zsh'
