[0.204s] DEBUG:colcon:Command line arguments: ['/usr/bin/colcon', 'build']
[0.204s] DEBUG:colcon:Parsed command line arguments: Namespace(log_base=None, log_level=None, verb_name='build', build_base='build', install_base='install', merge_install=False, symlink_install=False, test_result_base=None, continue_on_error=False, executor='parallel', parallel_workers=12, event_handlers=None, ignore_user_meta=False, metas=['./colcon.meta'], base_paths=['.'], packages_ignore=None, packages_ignore_regex=None, paths=None, packages_up_to=None, packages_up_to_regex=None, packages_above=None, packages_above_and_dependencies=None, packages_above_depth=None, packages_select_by_dep=None, packages_skip_by_dep=None, packages_skip_up_to=None, packages_select_build_failed=False, packages_skip_build_finished=False, packages_select_test_failures=False, packages_skip_test_passed=False, packages_select=None, packages_skip=None, packages_select_regex=None, packages_skip_regex=None, packages_start=None, packages_end=None, allow_overriding=[], cmake_args=None, cmake_target=None, cmake_target_skip_unavailable=False, cmake_clean_cache=False, cmake_clean_first=False, cmake_force_configure=False, ament_cmake_args=None, catkin_cmake_args=None, catkin_skip_building_tests=False, mixin_files=None, mixin=None, verb_parser=<colcon_mixin.mixin.mixin_argument.MixinArgumentDecorator object at 0x74a1e8ba3550>, verb_extension=<colcon_core.verb.build.BuildVerb object at 0x74a1e8b55000>, main=<bound method BuildVerb.main of <colcon_core.verb.build.BuildVerb object at 0x74a1e8b55000>>, mixin_verb=('build',))
[0.244s] Level 1:colcon.colcon_core.package_discovery:discover_packages(colcon_meta) check parameters
[0.244s] Level 1:colcon.colcon_core.package_discovery:discover_packages(recursive) check parameters
[0.244s] Level 1:colcon.colcon_core.package_discovery:discover_packages(ignore) check parameters
[0.244s] Level 1:colcon.colcon_core.package_discovery:discover_packages(path) check parameters
[0.244s] Level 1:colcon.colcon_core.package_discovery:discover_packages(colcon_meta) discover
[0.244s] Level 1:colcon.colcon_core.package_discovery:discover_packages(recursive) discover
[0.244s] INFO:colcon.colcon_core.package_discovery:Crawling recursively for packages in '/home/aakash/bumperbot_ws'
[0.244s] Level 1:colcon.colcon_core.package_identification:_identify(.) by extensions ['ignore', 'ignore_ament_install']
[0.245s] Level 1:colcon.colcon_core.package_identification:_identify(.) by extension 'ignore'
[0.245s] Level 1:colcon.colcon_core.package_identification:_identify(.) by extension 'ignore_ament_install'
[0.245s] Level 1:colcon.colcon_core.package_identification:_identify(.) by extensions ['colcon_pkg']
[0.245s] Level 1:colcon.colcon_core.package_identification:_identify(.) by extension 'colcon_pkg'
[0.245s] Level 1:colcon.colcon_core.package_identification:_identify(.) by extensions ['colcon_meta']
[0.245s] Level 1:colcon.colcon_core.package_identification:_identify(.) by extension 'colcon_meta'
[0.245s] Level 1:colcon.colcon_core.package_identification:_identify(.) by extensions ['ros']
[0.245s] Level 1:colcon.colcon_core.package_identification:_identify(.) by extension 'ros'
[0.261s] Level 1:colcon.colcon_core.package_identification:_identify(.) by extensions ['cmake', 'python']
[0.261s] Level 1:colcon.colcon_core.package_identification:_identify(.) by extension 'cmake'
[0.261s] Level 1:colcon.colcon_core.package_identification:_identify(.) by extension 'python'
[0.261s] Level 1:colcon.colcon_core.package_identification:_identify(.) by extensions ['python_setup_py']
[0.261s] Level 1:colcon.colcon_core.package_identification:_identify(.) by extension 'python_setup_py'
[0.261s] Level 1:colcon.colcon_core.package_identification:_identify(build) by extensions ['ignore', 'ignore_ament_install']
[0.261s] Level 1:colcon.colcon_core.package_identification:_identify(build) by extension 'ignore'
[0.261s] Level 1:colcon.colcon_core.package_identification:_identify(build) ignored
[0.261s] Level 1:colcon.colcon_core.package_identification:_identify(install) by extensions ['ignore', 'ignore_ament_install']
[0.261s] Level 1:colcon.colcon_core.package_identification:_identify(install) by extension 'ignore'
[0.261s] Level 1:colcon.colcon_core.package_identification:_identify(install) ignored
[0.261s] Level 1:colcon.colcon_core.package_identification:_identify(log) by extensions ['ignore', 'ignore_ament_install']
[0.261s] Level 1:colcon.colcon_core.package_identification:_identify(log) by extension 'ignore'
[0.261s] Level 1:colcon.colcon_core.package_identification:_identify(log) ignored
[0.262s] Level 1:colcon.colcon_core.package_identification:_identify(src) by extensions ['ignore', 'ignore_ament_install']
[0.262s] Level 1:colcon.colcon_core.package_identification:_identify(src) by extension 'ignore'
[0.262s] Level 1:colcon.colcon_core.package_identification:_identify(src) by extension 'ignore_ament_install'
[0.262s] Level 1:colcon.colcon_core.package_identification:_identify(src) by extensions ['colcon_pkg']
[0.262s] Level 1:colcon.colcon_core.package_identification:_identify(src) by extension 'colcon_pkg'
[0.262s] Level 1:colcon.colcon_core.package_identification:_identify(src) by extensions ['colcon_meta']
[0.262s] Level 1:colcon.colcon_core.package_identification:_identify(src) by extension 'colcon_meta'
[0.262s] Level 1:colcon.colcon_core.package_identification:_identify(src) by extensions ['ros']
[0.262s] Level 1:colcon.colcon_core.package_identification:_identify(src) by extension 'ros'
[0.262s] Level 1:colcon.colcon_core.package_identification:_identify(src) by extensions ['cmake', 'python']
[0.262s] Level 1:colcon.colcon_core.package_identification:_identify(src) by extension 'cmake'
[0.262s] Level 1:colcon.colcon_core.package_identification:_identify(src) by extension 'python'
[0.262s] Level 1:colcon.colcon_core.package_identification:_identify(src) by extensions ['python_setup_py']
[0.262s] Level 1:colcon.colcon_core.package_identification:_identify(src) by extension 'python_setup_py'
[0.262s] Level 1:colcon.colcon_core.package_identification:_identify(src/bumperbot_controller) by extensions ['ignore', 'ignore_ament_install']
[0.262s] Level 1:colcon.colcon_core.package_identification:_identify(src/bumperbot_controller) by extension 'ignore'
[0.262s] Level 1:colcon.colcon_core.package_identification:_identify(src/bumperbot_controller) by extension 'ignore_ament_install'
[0.262s] Level 1:colcon.colcon_core.package_identification:_identify(src/bumperbot_controller) by extensions ['colcon_pkg']
[0.262s] Level 1:colcon.colcon_core.package_identification:_identify(src/bumperbot_controller) by extension 'colcon_pkg'
[0.262s] Level 1:colcon.colcon_core.package_identification:_identify(src/bumperbot_controller) by extensions ['colcon_meta']
[0.262s] Level 1:colcon.colcon_core.package_identification:_identify(src/bumperbot_controller) by extension 'colcon_meta'
[0.262s] Level 1:colcon.colcon_core.package_identification:_identify(src/bumperbot_controller) by extensions ['ros']
[0.262s] Level 1:colcon.colcon_core.package_identification:_identify(src/bumperbot_controller) by extension 'ros'
[0.265s] DEBUG:colcon.colcon_core.package_identification:Package 'src/bumperbot_controller' with type 'ros.ament_cmake' and name 'bumperbot_controller'
[0.265s] Level 1:colcon.colcon_core.package_identification:_identify(src/bumperbot_cpp_examples) by extensions ['ignore', 'ignore_ament_install']
[0.265s] Level 1:colcon.colcon_core.package_identification:_identify(src/bumperbot_cpp_examples) by extension 'ignore'
[0.265s] Level 1:colcon.colcon_core.package_identification:_identify(src/bumperbot_cpp_examples) by extension 'ignore_ament_install'
[0.265s] Level 1:colcon.colcon_core.package_identification:_identify(src/bumperbot_cpp_examples) by extensions ['colcon_pkg']
[0.265s] Level 1:colcon.colcon_core.package_identification:_identify(src/bumperbot_cpp_examples) by extension 'colcon_pkg'
[0.265s] Level 1:colcon.colcon_core.package_identification:_identify(src/bumperbot_cpp_examples) by extensions ['colcon_meta']
[0.265s] Level 1:colcon.colcon_core.package_identification:_identify(src/bumperbot_cpp_examples) by extension 'colcon_meta'
[0.265s] Level 1:colcon.colcon_core.package_identification:_identify(src/bumperbot_cpp_examples) by extensions ['ros']
[0.265s] Level 1:colcon.colcon_core.package_identification:_identify(src/bumperbot_cpp_examples) by extension 'ros'
[0.266s] DEBUG:colcon.colcon_core.package_identification:Package 'src/bumperbot_cpp_examples' with type 'ros.ament_cmake' and name 'bumperbot_cpp_examples'
[0.266s] Level 1:colcon.colcon_core.package_identification:_identify(src/bumperbot_description) by extensions ['ignore', 'ignore_ament_install']
[0.266s] Level 1:colcon.colcon_core.package_identification:_identify(src/bumperbot_description) by extension 'ignore'
[0.266s] Level 1:colcon.colcon_core.package_identification:_identify(src/bumperbot_description) by extension 'ignore_ament_install'
[0.266s] Level 1:colcon.colcon_core.package_identification:_identify(src/bumperbot_description) by extensions ['colcon_pkg']
[0.266s] Level 1:colcon.colcon_core.package_identification:_identify(src/bumperbot_description) by extension 'colcon_pkg'
[0.266s] Level 1:colcon.colcon_core.package_identification:_identify(src/bumperbot_description) by extensions ['colcon_meta']
[0.266s] Level 1:colcon.colcon_core.package_identification:_identify(src/bumperbot_description) by extension 'colcon_meta'
[0.266s] Level 1:colcon.colcon_core.package_identification:_identify(src/bumperbot_description) by extensions ['ros']
[0.266s] Level 1:colcon.colcon_core.package_identification:_identify(src/bumperbot_description) by extension 'ros'
[0.268s] DEBUG:colcon.colcon_core.package_identification:Package 'src/bumperbot_description' with type 'ros.ament_cmake' and name 'bumperbot_description'
[0.269s] Level 1:colcon.colcon_core.package_identification:_identify(src/bumperbot_firmware) by extensions ['ignore', 'ignore_ament_install']
[0.269s] Level 1:colcon.colcon_core.package_identification:_identify(src/bumperbot_firmware) by extension 'ignore'
[0.269s] Level 1:colcon.colcon_core.package_identification:_identify(src/bumperbot_firmware) by extension 'ignore_ament_install'
[0.269s] Level 1:colcon.colcon_core.package_identification:_identify(src/bumperbot_firmware) by extensions ['colcon_pkg']
[0.269s] Level 1:colcon.colcon_core.package_identification:_identify(src/bumperbot_firmware) by extension 'colcon_pkg'
[0.269s] Level 1:colcon.colcon_core.package_identification:_identify(src/bumperbot_firmware) by extensions ['colcon_meta']
[0.269s] Level 1:colcon.colcon_core.package_identification:_identify(src/bumperbot_firmware) by extension 'colcon_meta'
[0.269s] Level 1:colcon.colcon_core.package_identification:_identify(src/bumperbot_firmware) by extensions ['ros']
[0.269s] Level 1:colcon.colcon_core.package_identification:_identify(src/bumperbot_firmware) by extension 'ros'
[0.270s] DEBUG:colcon.colcon_core.package_identification:Package 'src/bumperbot_firmware' with type 'ros.ament_cmake' and name 'bumperbot_firmware'
[0.270s] Level 1:colcon.colcon_core.package_identification:_identify(src/bumperbot_msgs) by extensions ['ignore', 'ignore_ament_install']
[0.270s] Level 1:colcon.colcon_core.package_identification:_identify(src/bumperbot_msgs) by extension 'ignore'
[0.270s] Level 1:colcon.colcon_core.package_identification:_identify(src/bumperbot_msgs) by extension 'ignore_ament_install'
[0.270s] Level 1:colcon.colcon_core.package_identification:_identify(src/bumperbot_msgs) by extensions ['colcon_pkg']
[0.270s] Level 1:colcon.colcon_core.package_identification:_identify(src/bumperbot_msgs) by extension 'colcon_pkg'
[0.270s] Level 1:colcon.colcon_core.package_identification:_identify(src/bumperbot_msgs) by extensions ['colcon_meta']
[0.270s] Level 1:colcon.colcon_core.package_identification:_identify(src/bumperbot_msgs) by extension 'colcon_meta'
[0.270s] Level 1:colcon.colcon_core.package_identification:_identify(src/bumperbot_msgs) by extensions ['ros']
[0.270s] Level 1:colcon.colcon_core.package_identification:_identify(src/bumperbot_msgs) by extension 'ros'
[0.271s] DEBUG:colcon.colcon_core.package_identification:Package 'src/bumperbot_msgs' with type 'ros.ament_cmake' and name 'bumperbot_msgs'
[0.271s] Level 1:colcon.colcon_core.package_identification:_identify(src/bumperbot_py_examples) by extensions ['ignore', 'ignore_ament_install']
[0.271s] Level 1:colcon.colcon_core.package_identification:_identify(src/bumperbot_py_examples) by extension 'ignore'
[0.271s] Level 1:colcon.colcon_core.package_identification:_identify(src/bumperbot_py_examples) by extension 'ignore_ament_install'
[0.271s] Level 1:colcon.colcon_core.package_identification:_identify(src/bumperbot_py_examples) by extensions ['colcon_pkg']
[0.271s] Level 1:colcon.colcon_core.package_identification:_identify(src/bumperbot_py_examples) by extension 'colcon_pkg'
[0.271s] Level 1:colcon.colcon_core.package_identification:_identify(src/bumperbot_py_examples) by extensions ['colcon_meta']
[0.271s] Level 1:colcon.colcon_core.package_identification:_identify(src/bumperbot_py_examples) by extension 'colcon_meta'
[0.271s] Level 1:colcon.colcon_core.package_identification:_identify(src/bumperbot_py_examples) by extensions ['ros']
[0.271s] Level 1:colcon.colcon_core.package_identification:_identify(src/bumperbot_py_examples) by extension 'ros'
[0.271s] DEBUG:colcon.colcon_core.package_identification:Package 'src/bumperbot_py_examples' with type 'ros.ament_python' and name 'bumperbot_py_examples'
[0.272s] Level 1:colcon.colcon_core.package_discovery:discover_packages(recursive) using defaults
[0.272s] Level 1:colcon.colcon_core.package_discovery:discover_packages(ignore) discover
[0.272s] Level 1:colcon.colcon_core.package_discovery:discover_packages(ignore) using defaults
[0.272s] Level 1:colcon.colcon_core.package_discovery:discover_packages(path) discover
[0.272s] Level 1:colcon.colcon_core.package_discovery:discover_packages(path) using defaults
[0.305s] Level 1:colcon.colcon_core.package_discovery:discover_packages(prefix_path) check parameters
[0.305s] Level 1:colcon.colcon_core.package_discovery:discover_packages(prefix_path) discover
[0.309s] DEBUG:colcon.colcon_installed_package_information.package_discovery:Found 6 installed packages in /home/aakash/bumperbot_ws/install
[0.310s] DEBUG:colcon.colcon_installed_package_information.package_discovery:Found 11 installed packages in /home/aakash/eyantra_ws/install
[0.311s] DEBUG:colcon.colcon_installed_package_information.package_discovery:Found 1 installed packages in /home/aakash/flytbase_ws/install
[0.311s] DEBUG:colcon.colcon_installed_package_information.package_discovery:Found 1 installed packages in /home/aakash/flytbase/ros_ws/install
[0.312s] DEBUG:colcon.colcon_installed_package_information.package_discovery:Found 1 installed packages in /home/aakash/flytbase/ros2_ws/install
[0.312s] DEBUG:colcon.colcon_installed_package_information.package_discovery:Found 0 installed packages in /home/aakash/ros2_ws/install
[0.312s] DEBUG:colcon.colcon_installed_package_information.package_discovery:Found 5 installed packages in /home/aakash/intelligent_quads/ardu_ws/install
[0.313s] DEBUG:colcon.colcon_installed_package_information.package_discovery:Found 5 installed packages in /home/aakash/simulation2_ws/install
[0.314s] DEBUG:colcon.colcon_installed_package_information.package_discovery:Found 7 installed packages in /home/aakash/neobotix_workspace/install
[0.315s] DEBUG:colcon.colcon_installed_package_information.package_discovery:Found 17 installed packages in /home/aakash/turtlebot3_ws/install
[0.315s] DEBUG:colcon.colcon_installed_package_information.package_discovery:Found 1 installed packages in /home/aakash/ros2practice/install
[0.315s] DEBUG:colcon.colcon_installed_package_information.package_discovery:Found 1 installed packages in /home/aakash/practice_ws/install
[0.317s] DEBUG:colcon.colcon_installed_package_information.package_discovery:Found 335 installed packages in /opt/ros/humble
[0.320s] Level 1:colcon.colcon_core.package_discovery:discover_packages(prefix_path) using defaults
[0.359s] Level 5:colcon.colcon_core.verb:set package 'bumperbot_controller' build argument 'cmake_args' from command line to 'None'
[0.359s] Level 5:colcon.colcon_core.verb:set package 'bumperbot_controller' build argument 'cmake_target' from command line to 'None'
[0.359s] Level 5:colcon.colcon_core.verb:set package 'bumperbot_controller' build argument 'cmake_target_skip_unavailable' from command line to 'False'
[0.359s] Level 5:colcon.colcon_core.verb:set package 'bumperbot_controller' build argument 'cmake_clean_cache' from command line to 'False'
[0.359s] Level 5:colcon.colcon_core.verb:set package 'bumperbot_controller' build argument 'cmake_clean_first' from command line to 'False'
[0.359s] Level 5:colcon.colcon_core.verb:set package 'bumperbot_controller' build argument 'cmake_force_configure' from command line to 'False'
[0.359s] Level 5:colcon.colcon_core.verb:set package 'bumperbot_controller' build argument 'ament_cmake_args' from command line to 'None'
[0.359s] Level 5:colcon.colcon_core.verb:set package 'bumperbot_controller' build argument 'catkin_cmake_args' from command line to 'None'
[0.359s] Level 5:colcon.colcon_core.verb:set package 'bumperbot_controller' build argument 'catkin_skip_building_tests' from command line to 'False'
[0.359s] DEBUG:colcon.colcon_core.verb:Building package 'bumperbot_controller' with the following arguments: {'ament_cmake_args': None, 'build_base': '/home/aakash/bumperbot_ws/build/bumperbot_controller', 'catkin_cmake_args': None, 'catkin_skip_building_tests': False, 'cmake_args': None, 'cmake_clean_cache': False, 'cmake_clean_first': False, 'cmake_force_configure': False, 'cmake_target': None, 'cmake_target_skip_unavailable': False, 'install_base': '/home/aakash/bumperbot_ws/install/bumperbot_controller', 'merge_install': False, 'path': '/home/aakash/bumperbot_ws/src/bumperbot_controller', 'symlink_install': False, 'test_result_base': None}
[0.359s] Level 5:colcon.colcon_core.verb:set package 'bumperbot_cpp_examples' build argument 'cmake_args' from command line to 'None'
[0.360s] Level 5:colcon.colcon_core.verb:set package 'bumperbot_cpp_examples' build argument 'cmake_target' from command line to 'None'
[0.360s] Level 5:colcon.colcon_core.verb:set package 'bumperbot_cpp_examples' build argument 'cmake_target_skip_unavailable' from command line to 'False'
[0.360s] Level 5:colcon.colcon_core.verb:set package 'bumperbot_cpp_examples' build argument 'cmake_clean_cache' from command line to 'False'
[0.360s] Level 5:colcon.colcon_core.verb:set package 'bumperbot_cpp_examples' build argument 'cmake_clean_first' from command line to 'False'
[0.360s] Level 5:colcon.colcon_core.verb:set package 'bumperbot_cpp_examples' build argument 'cmake_force_configure' from command line to 'False'
[0.360s] Level 5:colcon.colcon_core.verb:set package 'bumperbot_cpp_examples' build argument 'ament_cmake_args' from command line to 'None'
[0.360s] Level 5:colcon.colcon_core.verb:set package 'bumperbot_cpp_examples' build argument 'catkin_cmake_args' from command line to 'None'
[0.360s] Level 5:colcon.colcon_core.verb:set package 'bumperbot_cpp_examples' build argument 'catkin_skip_building_tests' from command line to 'False'
[0.360s] DEBUG:colcon.colcon_core.verb:Building package 'bumperbot_cpp_examples' with the following arguments: {'ament_cmake_args': None, 'build_base': '/home/aakash/bumperbot_ws/build/bumperbot_cpp_examples', 'catkin_cmake_args': None, 'catkin_skip_building_tests': False, 'cmake_args': None, 'cmake_clean_cache': False, 'cmake_clean_first': False, 'cmake_force_configure': False, 'cmake_target': None, 'cmake_target_skip_unavailable': False, 'install_base': '/home/aakash/bumperbot_ws/install/bumperbot_cpp_examples', 'merge_install': False, 'path': '/home/aakash/bumperbot_ws/src/bumperbot_cpp_examples', 'symlink_install': False, 'test_result_base': None}
[0.360s] Level 5:colcon.colcon_core.verb:set package 'bumperbot_description' build argument 'cmake_args' from command line to 'None'
[0.360s] Level 5:colcon.colcon_core.verb:set package 'bumperbot_description' build argument 'cmake_target' from command line to 'None'
[0.360s] Level 5:colcon.colcon_core.verb:set package 'bumperbot_description' build argument 'cmake_target_skip_unavailable' from command line to 'False'
[0.360s] Level 5:colcon.colcon_core.verb:set package 'bumperbot_description' build argument 'cmake_clean_cache' from command line to 'False'
[0.360s] Level 5:colcon.colcon_core.verb:set package 'bumperbot_description' build argument 'cmake_clean_first' from command line to 'False'
[0.360s] Level 5:colcon.colcon_core.verb:set package 'bumperbot_description' build argument 'cmake_force_configure' from command line to 'False'
[0.360s] Level 5:colcon.colcon_core.verb:set package 'bumperbot_description' build argument 'ament_cmake_args' from command line to 'None'
[0.360s] Level 5:colcon.colcon_core.verb:set package 'bumperbot_description' build argument 'catkin_cmake_args' from command line to 'None'
[0.360s] Level 5:colcon.colcon_core.verb:set package 'bumperbot_description' build argument 'catkin_skip_building_tests' from command line to 'False'
[0.360s] DEBUG:colcon.colcon_core.verb:Building package 'bumperbot_description' with the following arguments: {'ament_cmake_args': None, 'build_base': '/home/aakash/bumperbot_ws/build/bumperbot_description', 'catkin_cmake_args': None, 'catkin_skip_building_tests': False, 'cmake_args': None, 'cmake_clean_cache': False, 'cmake_clean_first': False, 'cmake_force_configure': False, 'cmake_target': None, 'cmake_target_skip_unavailable': False, 'install_base': '/home/aakash/bumperbot_ws/install/bumperbot_description', 'merge_install': False, 'path': '/home/aakash/bumperbot_ws/src/bumperbot_description', 'symlink_install': False, 'test_result_base': None}
[0.361s] Level 5:colcon.colcon_core.verb:set package 'bumperbot_firmware' build argument 'cmake_args' from command line to 'None'
[0.361s] Level 5:colcon.colcon_core.verb:set package 'bumperbot_firmware' build argument 'cmake_target' from command line to 'None'
[0.361s] Level 5:colcon.colcon_core.verb:set package 'bumperbot_firmware' build argument 'cmake_target_skip_unavailable' from command line to 'False'
[0.361s] Level 5:colcon.colcon_core.verb:set package 'bumperbot_firmware' build argument 'cmake_clean_cache' from command line to 'False'
[0.361s] Level 5:colcon.colcon_core.verb:set package 'bumperbot_firmware' build argument 'cmake_clean_first' from command line to 'False'
[0.361s] Level 5:colcon.colcon_core.verb:set package 'bumperbot_firmware' build argument 'cmake_force_configure' from command line to 'False'
[0.361s] Level 5:colcon.colcon_core.verb:set package 'bumperbot_firmware' build argument 'ament_cmake_args' from command line to 'None'
[0.361s] Level 5:colcon.colcon_core.verb:set package 'bumperbot_firmware' build argument 'catkin_cmake_args' from command line to 'None'
[0.361s] Level 5:colcon.colcon_core.verb:set package 'bumperbot_firmware' build argument 'catkin_skip_building_tests' from command line to 'False'
[0.361s] DEBUG:colcon.colcon_core.verb:Building package 'bumperbot_firmware' with the following arguments: {'ament_cmake_args': None, 'build_base': '/home/aakash/bumperbot_ws/build/bumperbot_firmware', 'catkin_cmake_args': None, 'catkin_skip_building_tests': False, 'cmake_args': None, 'cmake_clean_cache': False, 'cmake_clean_first': False, 'cmake_force_configure': False, 'cmake_target': None, 'cmake_target_skip_unavailable': False, 'install_base': '/home/aakash/bumperbot_ws/install/bumperbot_firmware', 'merge_install': False, 'path': '/home/aakash/bumperbot_ws/src/bumperbot_firmware', 'symlink_install': False, 'test_result_base': None}
[0.361s] Level 5:colcon.colcon_core.verb:set package 'bumperbot_msgs' build argument 'cmake_args' from command line to 'None'
[0.361s] Level 5:colcon.colcon_core.verb:set package 'bumperbot_msgs' build argument 'cmake_target' from command line to 'None'
[0.361s] Level 5:colcon.colcon_core.verb:set package 'bumperbot_msgs' build argument 'cmake_target_skip_unavailable' from command line to 'False'
[0.361s] Level 5:colcon.colcon_core.verb:set package 'bumperbot_msgs' build argument 'cmake_clean_cache' from command line to 'False'
[0.361s] Level 5:colcon.colcon_core.verb:set package 'bumperbot_msgs' build argument 'cmake_clean_first' from command line to 'False'
[0.361s] Level 5:colcon.colcon_core.verb:set package 'bumperbot_msgs' build argument 'cmake_force_configure' from command line to 'False'
[0.361s] Level 5:colcon.colcon_core.verb:set package 'bumperbot_msgs' build argument 'ament_cmake_args' from command line to 'None'
[0.361s] Level 5:colcon.colcon_core.verb:set package 'bumperbot_msgs' build argument 'catkin_cmake_args' from command line to 'None'
[0.362s] Level 5:colcon.colcon_core.verb:set package 'bumperbot_msgs' build argument 'catkin_skip_building_tests' from command line to 'False'
[0.362s] DEBUG:colcon.colcon_core.verb:Building package 'bumperbot_msgs' with the following arguments: {'ament_cmake_args': None, 'build_base': '/home/aakash/bumperbot_ws/build/bumperbot_msgs', 'catkin_cmake_args': None, 'catkin_skip_building_tests': False, 'cmake_args': None, 'cmake_clean_cache': False, 'cmake_clean_first': False, 'cmake_force_configure': False, 'cmake_target': None, 'cmake_target_skip_unavailable': False, 'install_base': '/home/aakash/bumperbot_ws/install/bumperbot_msgs', 'merge_install': False, 'path': '/home/aakash/bumperbot_ws/src/bumperbot_msgs', 'symlink_install': False, 'test_result_base': None}
[0.362s] Level 5:colcon.colcon_core.verb:set package 'bumperbot_py_examples' build argument 'cmake_args' from command line to 'None'
[0.362s] Level 5:colcon.colcon_core.verb:set package 'bumperbot_py_examples' build argument 'cmake_target' from command line to 'None'
[0.362s] Level 5:colcon.colcon_core.verb:set package 'bumperbot_py_examples' build argument 'cmake_target_skip_unavailable' from command line to 'False'
[0.362s] Level 5:colcon.colcon_core.verb:set package 'bumperbot_py_examples' build argument 'cmake_clean_cache' from command line to 'False'
[0.362s] Level 5:colcon.colcon_core.verb:set package 'bumperbot_py_examples' build argument 'cmake_clean_first' from command line to 'False'
[0.362s] Level 5:colcon.colcon_core.verb:set package 'bumperbot_py_examples' build argument 'cmake_force_configure' from command line to 'False'
[0.362s] Level 5:colcon.colcon_core.verb:set package 'bumperbot_py_examples' build argument 'ament_cmake_args' from command line to 'None'
[0.362s] Level 5:colcon.colcon_core.verb:set package 'bumperbot_py_examples' build argument 'catkin_cmake_args' from command line to 'None'
[0.362s] Level 5:colcon.colcon_core.verb:set package 'bumperbot_py_examples' build argument 'catkin_skip_building_tests' from command line to 'False'
[0.362s] DEBUG:colcon.colcon_core.verb:Building package 'bumperbot_py_examples' with the following arguments: {'ament_cmake_args': None, 'build_base': '/home/aakash/bumperbot_ws/build/bumperbot_py_examples', 'catkin_cmake_args': None, 'catkin_skip_building_tests': False, 'cmake_args': None, 'cmake_clean_cache': False, 'cmake_clean_first': False, 'cmake_force_configure': False, 'cmake_target': None, 'cmake_target_skip_unavailable': False, 'install_base': '/home/aakash/bumperbot_ws/install/bumperbot_py_examples', 'merge_install': False, 'path': '/home/aakash/bumperbot_ws/src/bumperbot_py_examples', 'symlink_install': False, 'test_result_base': None}
[0.362s] INFO:colcon.colcon_core.executor:Executing jobs using 'parallel' executor
[0.363s] DEBUG:colcon.colcon_parallel_executor.executor.parallel:run_until_complete
[0.364s] INFO:colcon.colcon_ros.task.ament_cmake.build:Building ROS package in '/home/aakash/bumperbot_ws/src/bumperbot_msgs' with build type 'ament_cmake'
[0.364s] INFO:colcon.colcon_cmake.task.cmake.build:Building CMake package in '/home/aakash/bumperbot_ws/src/bumperbot_msgs'
[0.367s] INFO:colcon.colcon_core.plugin_system:Skipping extension 'colcon_core.shell.bat': Not used on non-Windows systems
[0.367s] INFO:colcon.colcon_core.shell:Skip shell extension 'powershell' for command environment: Not usable outside of PowerShell
[0.367s] DEBUG:colcon.colcon_core.shell:Skip shell extension 'dsv' for command environment
[0.393s] DEBUG:colcon.colcon_core.shell:Ignoring prefix path '/home/aakash/catkin_ws/devel'
[0.393s] DEBUG:colcon.colcon_core.shell:Ignoring prefix path '/home/aakash/summer_camp_ws/devel'
[0.395s] INFO:colcon.colcon_ros.task.ament_cmake.build:Building ROS package in '/home/aakash/bumperbot_ws/src/bumperbot_controller' with build type 'ament_cmake'
[0.395s] INFO:colcon.colcon_cmake.task.cmake.build:Building CMake package in '/home/aakash/bumperbot_ws/src/bumperbot_controller'
[0.395s] INFO:colcon.colcon_core.shell:Skip shell extension 'powershell' for command environment: Not usable outside of PowerShell
[0.395s] DEBUG:colcon.colcon_core.shell:Skip shell extension 'dsv' for command environment
[0.403s] DEBUG:colcon.colcon_core.shell:Ignoring prefix path '/home/aakash/catkin_ws/devel'
[0.404s] DEBUG:colcon.colcon_core.shell:Ignoring prefix path '/home/aakash/summer_camp_ws/devel'
[0.405s] INFO:colcon.colcon_ros.task.ament_cmake.build:Building ROS package in '/home/aakash/bumperbot_ws/src/bumperbot_cpp_examples' with build type 'ament_cmake'
[0.405s] INFO:colcon.colcon_cmake.task.cmake.build:Building CMake package in '/home/aakash/bumperbot_ws/src/bumperbot_cpp_examples'
[0.406s] INFO:colcon.colcon_core.shell:Skip shell extension 'powershell' for command environment: Not usable outside of PowerShell
[0.406s] DEBUG:colcon.colcon_core.shell:Skip shell extension 'dsv' for command environment
[0.414s] DEBUG:colcon.colcon_core.shell:Ignoring prefix path '/home/aakash/catkin_ws/devel'
[0.415s] DEBUG:colcon.colcon_core.shell:Ignoring prefix path '/home/aakash/summer_camp_ws/devel'
[0.417s] INFO:colcon.colcon_ros.task.ament_cmake.build:Building ROS package in '/home/aakash/bumperbot_ws/src/bumperbot_description' with build type 'ament_cmake'
[0.417s] INFO:colcon.colcon_cmake.task.cmake.build:Building CMake package in '/home/aakash/bumperbot_ws/src/bumperbot_description'
[0.417s] INFO:colcon.colcon_core.shell:Skip shell extension 'powershell' for command environment: Not usable outside of PowerShell
[0.417s] DEBUG:colcon.colcon_core.shell:Skip shell extension 'dsv' for command environment
[0.425s] DEBUG:colcon.colcon_core.shell:Ignoring prefix path '/home/aakash/catkin_ws/devel'
[0.425s] DEBUG:colcon.colcon_core.shell:Ignoring prefix path '/home/aakash/summer_camp_ws/devel'
[0.427s] INFO:colcon.colcon_ros.task.ament_cmake.build:Building ROS package in '/home/aakash/bumperbot_ws/src/bumperbot_firmware' with build type 'ament_cmake'
[0.427s] INFO:colcon.colcon_cmake.task.cmake.build:Building CMake package in '/home/aakash/bumperbot_ws/src/bumperbot_firmware'
[0.427s] INFO:colcon.colcon_core.shell:Skip shell extension 'powershell' for command environment: Not usable outside of PowerShell
[0.427s] DEBUG:colcon.colcon_core.shell:Skip shell extension 'dsv' for command environment
[0.435s] DEBUG:colcon.colcon_core.shell:Ignoring prefix path '/home/aakash/catkin_ws/devel'
[0.435s] DEBUG:colcon.colcon_core.shell:Ignoring prefix path '/home/aakash/summer_camp_ws/devel'
[0.455s] DEBUG:colcon.colcon_core.event_handler.log_command:Invoking command in '/home/aakash/bumperbot_ws/build/bumperbot_msgs': CMAKE_PREFIX_PATH=/home/aakash/bumperbot_ws/install/bumperbot_msgs:/home/aakash/bumperbot_ws/install/bumperbot_firmware:/home/aakash/bumperbot_ws/install/bumperbot_description:/home/aakash/bumperbot_ws/install/bumperbot_cpp_examples:/home/aakash/bumperbot_ws/install/bumperbot_controller:/home/aakash/eyantra_ws/install/ur5_moveit:/home/aakash/eyantra_ws/install/ur_description:/home/aakash/eyantra_ws/install/realsense_gazebo_plugin:/home/aakash/eyantra_ws/install/pymoveit2:/home/aakash/eyantra_ws/install/linkattacher_msgs:/home/aakash/eyantra_ws/install/gazebo_ros2_control:/home/aakash/eyantra_ws/install/eyantra_warehouse:/home/aakash/eyantra_ws/install/ebot_nav2:/home/aakash/eyantra_ws/install/ebot_description:/home/aakash/eyantra_ws/install/ebot_docking:/home/aakash/eyantra_ws/install/aws_robomaker_small_warehouse_world:/home/aakash/intelligent_quads/ardu_ws/install/mavlink:/home/aakash/simulation2_ws/install/move_robot_as:/home/aakash/simulation2_ws/install/t3_action_msg:/home/aakash/simulation2_ws/install/ros2_mapping:/home/aakash/simulation2_ws/install/neo_simulation2:/home/aakash/neobotix_workspace/install/neo_srvs2:/home/aakash/neobotix_workspace/install/neo_simulation2:/home/aakash/neobotix_workspace/install/neo_nav2_bringup:/home/aakash/neobotix_workspace/install/neo_msgs2:/home/aakash/neobotix_workspace/install/neo_localization2:/home/aakash/neobotix_workspace/install/neo_local_planner2:/home/aakash/neobotix_workspace/install/neo_common2:/home/aakash/turtlebot3_ws/install/turtlebot3:/home/aakash/turtlebot3_ws/install/turtlebot3_simulations:/home/aakash/turtlebot3_ws/install/turtlebot3_bringup:/home/aakash/turtlebot3_ws/install/turtlebot3_node:/home/aakash/turtlebot3_ws/install/turtlebot3_navigation2:/home/aakash/turtlebot3_ws/install/turtlebot3_fake_node:/home/aakash/turtlebot3_ws/install/turtlebot3_msgs:/home/aakash/turtlebot3_ws/install/turtlebot3_gazebo:/home/aakash/turtlebot3_ws/install/turtlebot3_description:/home/aakash/turtlebot3_ws/install/turtlebot3_cartographer:/home/aakash/turtlebot3_ws/install/hls_lfcd_lds_driver:/home/aakash/turtlebot3_ws/install/dynamixel_sdk_examples:/home/aakash/turtlebot3_ws/install/dynamixel_sdk_custom_interfaces:/home/aakash/turtlebot3_ws/install/dynamixel_sdk:/home/aakash/bumperbot_ws/install/bumperbot_py_examples:/home/aakash/flytbase_ws/install/turtle_assignment:/home/aakash/flytbase/ros2_ws/install/uav_deconfliction:/home/aakash/simulation2_ws/install/services_pkg:/home/aakash/turtlebot3_ws/install/turtlebot3_teleop:/home/aakash/turtlebot3_ws/install/turtlebot3_example:/home/aakash/turtlebot3_ws/install/tb3_sim:/home/aakash/ros2practice/install/my_robot_controller:/home/aakash/practice_ws/install/my_robot_controller:/opt/ros/humble:/home/aakash/catkin_ws/devel:/home/aakash/summer_camp_ws/devel /usr/bin/cmake --build /home/aakash/bumperbot_ws/build/bumperbot_msgs -- -j12 -l12
[0.461s] DEBUG:colcon.colcon_core.event_handler.log_command:Invoking command in '/home/aakash/bumperbot_ws/build/bumperbot_controller': CMAKE_PREFIX_PATH=/home/aakash/bumperbot_ws/install/bumperbot_msgs:/home/aakash/bumperbot_ws/install/bumperbot_firmware:/home/aakash/bumperbot_ws/install/bumperbot_description:/home/aakash/bumperbot_ws/install/bumperbot_cpp_examples:/home/aakash/bumperbot_ws/install/bumperbot_controller:/home/aakash/eyantra_ws/install/ur5_moveit:/home/aakash/eyantra_ws/install/ur_description:/home/aakash/eyantra_ws/install/realsense_gazebo_plugin:/home/aakash/eyantra_ws/install/pymoveit2:/home/aakash/eyantra_ws/install/linkattacher_msgs:/home/aakash/eyantra_ws/install/gazebo_ros2_control:/home/aakash/eyantra_ws/install/eyantra_warehouse:/home/aakash/eyantra_ws/install/ebot_nav2:/home/aakash/eyantra_ws/install/ebot_description:/home/aakash/eyantra_ws/install/ebot_docking:/home/aakash/eyantra_ws/install/aws_robomaker_small_warehouse_world:/home/aakash/intelligent_quads/ardu_ws/install/mavlink:/home/aakash/simulation2_ws/install/move_robot_as:/home/aakash/simulation2_ws/install/t3_action_msg:/home/aakash/simulation2_ws/install/ros2_mapping:/home/aakash/simulation2_ws/install/neo_simulation2:/home/aakash/neobotix_workspace/install/neo_srvs2:/home/aakash/neobotix_workspace/install/neo_simulation2:/home/aakash/neobotix_workspace/install/neo_nav2_bringup:/home/aakash/neobotix_workspace/install/neo_msgs2:/home/aakash/neobotix_workspace/install/neo_localization2:/home/aakash/neobotix_workspace/install/neo_local_planner2:/home/aakash/neobotix_workspace/install/neo_common2:/home/aakash/turtlebot3_ws/install/turtlebot3:/home/aakash/turtlebot3_ws/install/turtlebot3_simulations:/home/aakash/turtlebot3_ws/install/turtlebot3_bringup:/home/aakash/turtlebot3_ws/install/turtlebot3_node:/home/aakash/turtlebot3_ws/install/turtlebot3_navigation2:/home/aakash/turtlebot3_ws/install/turtlebot3_fake_node:/home/aakash/turtlebot3_ws/install/turtlebot3_msgs:/home/aakash/turtlebot3_ws/install/turtlebot3_gazebo:/home/aakash/turtlebot3_ws/install/turtlebot3_description:/home/aakash/turtlebot3_ws/install/turtlebot3_cartographer:/home/aakash/turtlebot3_ws/install/hls_lfcd_lds_driver:/home/aakash/turtlebot3_ws/install/dynamixel_sdk_examples:/home/aakash/turtlebot3_ws/install/dynamixel_sdk_custom_interfaces:/home/aakash/turtlebot3_ws/install/dynamixel_sdk:/home/aakash/bumperbot_ws/install/bumperbot_py_examples:/home/aakash/flytbase_ws/install/turtle_assignment:/home/aakash/flytbase/ros2_ws/install/uav_deconfliction:/home/aakash/simulation2_ws/install/services_pkg:/home/aakash/turtlebot3_ws/install/turtlebot3_teleop:/home/aakash/turtlebot3_ws/install/turtlebot3_example:/home/aakash/turtlebot3_ws/install/tb3_sim:/home/aakash/ros2practice/install/my_robot_controller:/home/aakash/practice_ws/install/my_robot_controller:/opt/ros/humble:/home/aakash/catkin_ws/devel:/home/aakash/summer_camp_ws/devel /usr/bin/cmake --build /home/aakash/bumperbot_ws/build/bumperbot_controller -- -j12 -l12
[0.466s] DEBUG:colcon.colcon_core.event_handler.log_command:Invoking command in '/home/aakash/bumperbot_ws/build/bumperbot_cpp_examples': CMAKE_PREFIX_PATH=/home/aakash/bumperbot_ws/install/bumperbot_msgs:/home/aakash/bumperbot_ws/install/bumperbot_firmware:/home/aakash/bumperbot_ws/install/bumperbot_description:/home/aakash/bumperbot_ws/install/bumperbot_cpp_examples:/home/aakash/bumperbot_ws/install/bumperbot_controller:/home/aakash/eyantra_ws/install/ur5_moveit:/home/aakash/eyantra_ws/install/ur_description:/home/aakash/eyantra_ws/install/realsense_gazebo_plugin:/home/aakash/eyantra_ws/install/pymoveit2:/home/aakash/eyantra_ws/install/linkattacher_msgs:/home/aakash/eyantra_ws/install/gazebo_ros2_control:/home/aakash/eyantra_ws/install/eyantra_warehouse:/home/aakash/eyantra_ws/install/ebot_nav2:/home/aakash/eyantra_ws/install/ebot_description:/home/aakash/eyantra_ws/install/ebot_docking:/home/aakash/eyantra_ws/install/aws_robomaker_small_warehouse_world:/home/aakash/intelligent_quads/ardu_ws/install/mavlink:/home/aakash/simulation2_ws/install/move_robot_as:/home/aakash/simulation2_ws/install/t3_action_msg:/home/aakash/simulation2_ws/install/ros2_mapping:/home/aakash/simulation2_ws/install/neo_simulation2:/home/aakash/neobotix_workspace/install/neo_srvs2:/home/aakash/neobotix_workspace/install/neo_simulation2:/home/aakash/neobotix_workspace/install/neo_nav2_bringup:/home/aakash/neobotix_workspace/install/neo_msgs2:/home/aakash/neobotix_workspace/install/neo_localization2:/home/aakash/neobotix_workspace/install/neo_local_planner2:/home/aakash/neobotix_workspace/install/neo_common2:/home/aakash/turtlebot3_ws/install/turtlebot3:/home/aakash/turtlebot3_ws/install/turtlebot3_simulations:/home/aakash/turtlebot3_ws/install/turtlebot3_bringup:/home/aakash/turtlebot3_ws/install/turtlebot3_node:/home/aakash/turtlebot3_ws/install/turtlebot3_navigation2:/home/aakash/turtlebot3_ws/install/turtlebot3_fake_node:/home/aakash/turtlebot3_ws/install/turtlebot3_msgs:/home/aakash/turtlebot3_ws/install/turtlebot3_gazebo:/home/aakash/turtlebot3_ws/install/turtlebot3_description:/home/aakash/turtlebot3_ws/install/turtlebot3_cartographer:/home/aakash/turtlebot3_ws/install/hls_lfcd_lds_driver:/home/aakash/turtlebot3_ws/install/dynamixel_sdk_examples:/home/aakash/turtlebot3_ws/install/dynamixel_sdk_custom_interfaces:/home/aakash/turtlebot3_ws/install/dynamixel_sdk:/home/aakash/bumperbot_ws/install/bumperbot_py_examples:/home/aakash/flytbase_ws/install/turtle_assignment:/home/aakash/flytbase/ros2_ws/install/uav_deconfliction:/home/aakash/simulation2_ws/install/services_pkg:/home/aakash/turtlebot3_ws/install/turtlebot3_teleop:/home/aakash/turtlebot3_ws/install/turtlebot3_example:/home/aakash/turtlebot3_ws/install/tb3_sim:/home/aakash/ros2practice/install/my_robot_controller:/home/aakash/practice_ws/install/my_robot_controller:/opt/ros/humble:/home/aakash/catkin_ws/devel:/home/aakash/summer_camp_ws/devel /usr/bin/cmake --build /home/aakash/bumperbot_ws/build/bumperbot_cpp_examples -- -j12 -l12
[0.472s] DEBUG:colcon.colcon_core.event_handler.log_command:Invoking command in '/home/aakash/bumperbot_ws/build/bumperbot_description': CMAKE_PREFIX_PATH=/home/aakash/bumperbot_ws/install/bumperbot_msgs:/home/aakash/bumperbot_ws/install/bumperbot_firmware:/home/aakash/bumperbot_ws/install/bumperbot_description:/home/aakash/bumperbot_ws/install/bumperbot_cpp_examples:/home/aakash/bumperbot_ws/install/bumperbot_controller:/home/aakash/eyantra_ws/install/ur5_moveit:/home/aakash/eyantra_ws/install/ur_description:/home/aakash/eyantra_ws/install/realsense_gazebo_plugin:/home/aakash/eyantra_ws/install/pymoveit2:/home/aakash/eyantra_ws/install/linkattacher_msgs:/home/aakash/eyantra_ws/install/gazebo_ros2_control:/home/aakash/eyantra_ws/install/eyantra_warehouse:/home/aakash/eyantra_ws/install/ebot_nav2:/home/aakash/eyantra_ws/install/ebot_description:/home/aakash/eyantra_ws/install/ebot_docking:/home/aakash/eyantra_ws/install/aws_robomaker_small_warehouse_world:/home/aakash/intelligent_quads/ardu_ws/install/mavlink:/home/aakash/simulation2_ws/install/move_robot_as:/home/aakash/simulation2_ws/install/t3_action_msg:/home/aakash/simulation2_ws/install/ros2_mapping:/home/aakash/simulation2_ws/install/neo_simulation2:/home/aakash/neobotix_workspace/install/neo_srvs2:/home/aakash/neobotix_workspace/install/neo_simulation2:/home/aakash/neobotix_workspace/install/neo_nav2_bringup:/home/aakash/neobotix_workspace/install/neo_msgs2:/home/aakash/neobotix_workspace/install/neo_localization2:/home/aakash/neobotix_workspace/install/neo_local_planner2:/home/aakash/neobotix_workspace/install/neo_common2:/home/aakash/turtlebot3_ws/install/turtlebot3:/home/aakash/turtlebot3_ws/install/turtlebot3_simulations:/home/aakash/turtlebot3_ws/install/turtlebot3_bringup:/home/aakash/turtlebot3_ws/install/turtlebot3_node:/home/aakash/turtlebot3_ws/install/turtlebot3_navigation2:/home/aakash/turtlebot3_ws/install/turtlebot3_fake_node:/home/aakash/turtlebot3_ws/install/turtlebot3_msgs:/home/aakash/turtlebot3_ws/install/turtlebot3_gazebo:/home/aakash/turtlebot3_ws/install/turtlebot3_description:/home/aakash/turtlebot3_ws/install/turtlebot3_cartographer:/home/aakash/turtlebot3_ws/install/hls_lfcd_lds_driver:/home/aakash/turtlebot3_ws/install/dynamixel_sdk_examples:/home/aakash/turtlebot3_ws/install/dynamixel_sdk_custom_interfaces:/home/aakash/turtlebot3_ws/install/dynamixel_sdk:/home/aakash/bumperbot_ws/install/bumperbot_py_examples:/home/aakash/flytbase_ws/install/turtle_assignment:/home/aakash/flytbase/ros2_ws/install/uav_deconfliction:/home/aakash/simulation2_ws/install/services_pkg:/home/aakash/turtlebot3_ws/install/turtlebot3_teleop:/home/aakash/turtlebot3_ws/install/turtlebot3_example:/home/aakash/turtlebot3_ws/install/tb3_sim:/home/aakash/ros2practice/install/my_robot_controller:/home/aakash/practice_ws/install/my_robot_controller:/opt/ros/humble:/home/aakash/catkin_ws/devel:/home/aakash/summer_camp_ws/devel /usr/bin/cmake --build /home/aakash/bumperbot_ws/build/bumperbot_description -- -j12 -l12
[0.484s] DEBUG:colcon.colcon_core.event_handler.log_command:Invoking command in '/home/aakash/bumperbot_ws/build/bumperbot_firmware': CMAKE_PREFIX_PATH=/home/aakash/bumperbot_ws/install/bumperbot_msgs:/home/aakash/bumperbot_ws/install/bumperbot_firmware:/home/aakash/bumperbot_ws/install/bumperbot_description:/home/aakash/bumperbot_ws/install/bumperbot_cpp_examples:/home/aakash/bumperbot_ws/install/bumperbot_controller:/home/aakash/eyantra_ws/install/ur5_moveit:/home/aakash/eyantra_ws/install/ur_description:/home/aakash/eyantra_ws/install/realsense_gazebo_plugin:/home/aakash/eyantra_ws/install/pymoveit2:/home/aakash/eyantra_ws/install/linkattacher_msgs:/home/aakash/eyantra_ws/install/gazebo_ros2_control:/home/aakash/eyantra_ws/install/eyantra_warehouse:/home/aakash/eyantra_ws/install/ebot_nav2:/home/aakash/eyantra_ws/install/ebot_description:/home/aakash/eyantra_ws/install/ebot_docking:/home/aakash/eyantra_ws/install/aws_robomaker_small_warehouse_world:/home/aakash/intelligent_quads/ardu_ws/install/mavlink:/home/aakash/simulation2_ws/install/move_robot_as:/home/aakash/simulation2_ws/install/t3_action_msg:/home/aakash/simulation2_ws/install/ros2_mapping:/home/aakash/simulation2_ws/install/neo_simulation2:/home/aakash/neobotix_workspace/install/neo_srvs2:/home/aakash/neobotix_workspace/install/neo_simulation2:/home/aakash/neobotix_workspace/install/neo_nav2_bringup:/home/aakash/neobotix_workspace/install/neo_msgs2:/home/aakash/neobotix_workspace/install/neo_localization2:/home/aakash/neobotix_workspace/install/neo_local_planner2:/home/aakash/neobotix_workspace/install/neo_common2:/home/aakash/turtlebot3_ws/install/turtlebot3:/home/aakash/turtlebot3_ws/install/turtlebot3_simulations:/home/aakash/turtlebot3_ws/install/turtlebot3_bringup:/home/aakash/turtlebot3_ws/install/turtlebot3_node:/home/aakash/turtlebot3_ws/install/turtlebot3_navigation2:/home/aakash/turtlebot3_ws/install/turtlebot3_fake_node:/home/aakash/turtlebot3_ws/install/turtlebot3_msgs:/home/aakash/turtlebot3_ws/install/turtlebot3_gazebo:/home/aakash/turtlebot3_ws/install/turtlebot3_description:/home/aakash/turtlebot3_ws/install/turtlebot3_cartographer:/home/aakash/turtlebot3_ws/install/hls_lfcd_lds_driver:/home/aakash/turtlebot3_ws/install/dynamixel_sdk_examples:/home/aakash/turtlebot3_ws/install/dynamixel_sdk_custom_interfaces:/home/aakash/turtlebot3_ws/install/dynamixel_sdk:/home/aakash/bumperbot_ws/install/bumperbot_py_examples:/home/aakash/flytbase_ws/install/turtle_assignment:/home/aakash/flytbase/ros2_ws/install/uav_deconfliction:/home/aakash/simulation2_ws/install/services_pkg:/home/aakash/turtlebot3_ws/install/turtlebot3_teleop:/home/aakash/turtlebot3_ws/install/turtlebot3_example:/home/aakash/turtlebot3_ws/install/tb3_sim:/home/aakash/ros2practice/install/my_robot_controller:/home/aakash/practice_ws/install/my_robot_controller:/opt/ros/humble:/home/aakash/catkin_ws/devel:/home/aakash/summer_camp_ws/devel /usr/bin/cmake --build /home/aakash/bumperbot_ws/build/bumperbot_firmware -- -j12 -l12
[0.557s] DEBUG:colcon.colcon_core.event_handler.log_command:Invoked command in '/home/aakash/bumperbot_ws/build/bumperbot_description' returned '0': CMAKE_PREFIX_PATH=/home/aakash/bumperbot_ws/install/bumperbot_msgs:/home/aakash/bumperbot_ws/install/bumperbot_firmware:/home/aakash/bumperbot_ws/install/bumperbot_description:/home/aakash/bumperbot_ws/install/bumperbot_cpp_examples:/home/aakash/bumperbot_ws/install/bumperbot_controller:/home/aakash/eyantra_ws/install/ur5_moveit:/home/aakash/eyantra_ws/install/ur_description:/home/aakash/eyantra_ws/install/realsense_gazebo_plugin:/home/aakash/eyantra_ws/install/pymoveit2:/home/aakash/eyantra_ws/install/linkattacher_msgs:/home/aakash/eyantra_ws/install/gazebo_ros2_control:/home/aakash/eyantra_ws/install/eyantra_warehouse:/home/aakash/eyantra_ws/install/ebot_nav2:/home/aakash/eyantra_ws/install/ebot_description:/home/aakash/eyantra_ws/install/ebot_docking:/home/aakash/eyantra_ws/install/aws_robomaker_small_warehouse_world:/home/aakash/intelligent_quads/ardu_ws/install/mavlink:/home/aakash/simulation2_ws/install/move_robot_as:/home/aakash/simulation2_ws/install/t3_action_msg:/home/aakash/simulation2_ws/install/ros2_mapping:/home/aakash/simulation2_ws/install/neo_simulation2:/home/aakash/neobotix_workspace/install/neo_srvs2:/home/aakash/neobotix_workspace/install/neo_simulation2:/home/aakash/neobotix_workspace/install/neo_nav2_bringup:/home/aakash/neobotix_workspace/install/neo_msgs2:/home/aakash/neobotix_workspace/install/neo_localization2:/home/aakash/neobotix_workspace/install/neo_local_planner2:/home/aakash/neobotix_workspace/install/neo_common2:/home/aakash/turtlebot3_ws/install/turtlebot3:/home/aakash/turtlebot3_ws/install/turtlebot3_simulations:/home/aakash/turtlebot3_ws/install/turtlebot3_bringup:/home/aakash/turtlebot3_ws/install/turtlebot3_node:/home/aakash/turtlebot3_ws/install/turtlebot3_navigation2:/home/aakash/turtlebot3_ws/install/turtlebot3_fake_node:/home/aakash/turtlebot3_ws/install/turtlebot3_msgs:/home/aakash/turtlebot3_ws/install/turtlebot3_gazebo:/home/aakash/turtlebot3_ws/install/turtlebot3_description:/home/aakash/turtlebot3_ws/install/turtlebot3_cartographer:/home/aakash/turtlebot3_ws/install/hls_lfcd_lds_driver:/home/aakash/turtlebot3_ws/install/dynamixel_sdk_examples:/home/aakash/turtlebot3_ws/install/dynamixel_sdk_custom_interfaces:/home/aakash/turtlebot3_ws/install/dynamixel_sdk:/home/aakash/bumperbot_ws/install/bumperbot_py_examples:/home/aakash/flytbase_ws/install/turtle_assignment:/home/aakash/flytbase/ros2_ws/install/uav_deconfliction:/home/aakash/simulation2_ws/install/services_pkg:/home/aakash/turtlebot3_ws/install/turtlebot3_teleop:/home/aakash/turtlebot3_ws/install/turtlebot3_example:/home/aakash/turtlebot3_ws/install/tb3_sim:/home/aakash/ros2practice/install/my_robot_controller:/home/aakash/practice_ws/install/my_robot_controller:/opt/ros/humble:/home/aakash/catkin_ws/devel:/home/aakash/summer_camp_ws/devel /usr/bin/cmake --build /home/aakash/bumperbot_ws/build/bumperbot_description -- -j12 -l12
[0.586s] DEBUG:colcon.colcon_core.event_handler.log_command:Invoking command in '/home/aakash/bumperbot_ws/build/bumperbot_description': CMAKE_PREFIX_PATH=/home/aakash/bumperbot_ws/install/bumperbot_msgs:/home/aakash/bumperbot_ws/install/bumperbot_firmware:/home/aakash/bumperbot_ws/install/bumperbot_description:/home/aakash/bumperbot_ws/install/bumperbot_cpp_examples:/home/aakash/bumperbot_ws/install/bumperbot_controller:/home/aakash/eyantra_ws/install/ur5_moveit:/home/aakash/eyantra_ws/install/ur_description:/home/aakash/eyantra_ws/install/realsense_gazebo_plugin:/home/aakash/eyantra_ws/install/pymoveit2:/home/aakash/eyantra_ws/install/linkattacher_msgs:/home/aakash/eyantra_ws/install/gazebo_ros2_control:/home/aakash/eyantra_ws/install/eyantra_warehouse:/home/aakash/eyantra_ws/install/ebot_nav2:/home/aakash/eyantra_ws/install/ebot_description:/home/aakash/eyantra_ws/install/ebot_docking:/home/aakash/eyantra_ws/install/aws_robomaker_small_warehouse_world:/home/aakash/intelligent_quads/ardu_ws/install/mavlink:/home/aakash/simulation2_ws/install/move_robot_as:/home/aakash/simulation2_ws/install/t3_action_msg:/home/aakash/simulation2_ws/install/ros2_mapping:/home/aakash/simulation2_ws/install/neo_simulation2:/home/aakash/neobotix_workspace/install/neo_srvs2:/home/aakash/neobotix_workspace/install/neo_simulation2:/home/aakash/neobotix_workspace/install/neo_nav2_bringup:/home/aakash/neobotix_workspace/install/neo_msgs2:/home/aakash/neobotix_workspace/install/neo_localization2:/home/aakash/neobotix_workspace/install/neo_local_planner2:/home/aakash/neobotix_workspace/install/neo_common2:/home/aakash/turtlebot3_ws/install/turtlebot3:/home/aakash/turtlebot3_ws/install/turtlebot3_simulations:/home/aakash/turtlebot3_ws/install/turtlebot3_bringup:/home/aakash/turtlebot3_ws/install/turtlebot3_node:/home/aakash/turtlebot3_ws/install/turtlebot3_navigation2:/home/aakash/turtlebot3_ws/install/turtlebot3_fake_node:/home/aakash/turtlebot3_ws/install/turtlebot3_msgs:/home/aakash/turtlebot3_ws/install/turtlebot3_gazebo:/home/aakash/turtlebot3_ws/install/turtlebot3_description:/home/aakash/turtlebot3_ws/install/turtlebot3_cartographer:/home/aakash/turtlebot3_ws/install/hls_lfcd_lds_driver:/home/aakash/turtlebot3_ws/install/dynamixel_sdk_examples:/home/aakash/turtlebot3_ws/install/dynamixel_sdk_custom_interfaces:/home/aakash/turtlebot3_ws/install/dynamixel_sdk:/home/aakash/bumperbot_ws/install/bumperbot_py_examples:/home/aakash/flytbase_ws/install/turtle_assignment:/home/aakash/flytbase/ros2_ws/install/uav_deconfliction:/home/aakash/simulation2_ws/install/services_pkg:/home/aakash/turtlebot3_ws/install/turtlebot3_teleop:/home/aakash/turtlebot3_ws/install/turtlebot3_example:/home/aakash/turtlebot3_ws/install/tb3_sim:/home/aakash/ros2practice/install/my_robot_controller:/home/aakash/practice_ws/install/my_robot_controller:/opt/ros/humble:/home/aakash/catkin_ws/devel:/home/aakash/summer_camp_ws/devel /usr/bin/cmake --install /home/aakash/bumperbot_ws/build/bumperbot_description
[0.632s] Level 1:colcon.colcon_core.environment:create_environment_scripts_only(bumperbot_description)
[0.638s] DEBUG:colcon.colcon_core.event_handler.log_command:Invoked command in '/home/aakash/bumperbot_ws/build/bumperbot_description' returned '0': CMAKE_PREFIX_PATH=/home/aakash/bumperbot_ws/install/bumperbot_msgs:/home/aakash/bumperbot_ws/install/bumperbot_firmware:/home/aakash/bumperbot_ws/install/bumperbot_description:/home/aakash/bumperbot_ws/install/bumperbot_cpp_examples:/home/aakash/bumperbot_ws/install/bumperbot_controller:/home/aakash/eyantra_ws/install/ur5_moveit:/home/aakash/eyantra_ws/install/ur_description:/home/aakash/eyantra_ws/install/realsense_gazebo_plugin:/home/aakash/eyantra_ws/install/pymoveit2:/home/aakash/eyantra_ws/install/linkattacher_msgs:/home/aakash/eyantra_ws/install/gazebo_ros2_control:/home/aakash/eyantra_ws/install/eyantra_warehouse:/home/aakash/eyantra_ws/install/ebot_nav2:/home/aakash/eyantra_ws/install/ebot_description:/home/aakash/eyantra_ws/install/ebot_docking:/home/aakash/eyantra_ws/install/aws_robomaker_small_warehouse_world:/home/aakash/intelligent_quads/ardu_ws/install/mavlink:/home/aakash/simulation2_ws/install/move_robot_as:/home/aakash/simulation2_ws/install/t3_action_msg:/home/aakash/simulation2_ws/install/ros2_mapping:/home/aakash/simulation2_ws/install/neo_simulation2:/home/aakash/neobotix_workspace/install/neo_srvs2:/home/aakash/neobotix_workspace/install/neo_simulation2:/home/aakash/neobotix_workspace/install/neo_nav2_bringup:/home/aakash/neobotix_workspace/install/neo_msgs2:/home/aakash/neobotix_workspace/install/neo_localization2:/home/aakash/neobotix_workspace/install/neo_local_planner2:/home/aakash/neobotix_workspace/install/neo_common2:/home/aakash/turtlebot3_ws/install/turtlebot3:/home/aakash/turtlebot3_ws/install/turtlebot3_simulations:/home/aakash/turtlebot3_ws/install/turtlebot3_bringup:/home/aakash/turtlebot3_ws/install/turtlebot3_node:/home/aakash/turtlebot3_ws/install/turtlebot3_navigation2:/home/aakash/turtlebot3_ws/install/turtlebot3_fake_node:/home/aakash/turtlebot3_ws/install/turtlebot3_msgs:/home/aakash/turtlebot3_ws/install/turtlebot3_gazebo:/home/aakash/turtlebot3_ws/install/turtlebot3_description:/home/aakash/turtlebot3_ws/install/turtlebot3_cartographer:/home/aakash/turtlebot3_ws/install/hls_lfcd_lds_driver:/home/aakash/turtlebot3_ws/install/dynamixel_sdk_examples:/home/aakash/turtlebot3_ws/install/dynamixel_sdk_custom_interfaces:/home/aakash/turtlebot3_ws/install/dynamixel_sdk:/home/aakash/bumperbot_ws/install/bumperbot_py_examples:/home/aakash/flytbase_ws/install/turtle_assignment:/home/aakash/flytbase/ros2_ws/install/uav_deconfliction:/home/aakash/simulation2_ws/install/services_pkg:/home/aakash/turtlebot3_ws/install/turtlebot3_teleop:/home/aakash/turtlebot3_ws/install/turtlebot3_example:/home/aakash/turtlebot3_ws/install/tb3_sim:/home/aakash/ros2practice/install/my_robot_controller:/home/aakash/practice_ws/install/my_robot_controller:/opt/ros/humble:/home/aakash/catkin_ws/devel:/home/aakash/summer_camp_ws/devel /usr/bin/cmake --install /home/aakash/bumperbot_ws/build/bumperbot_description
[0.643s] Level 1:colcon.colcon_core.environment:checking '/home/aakash/bumperbot_ws/install/bumperbot_description' for CMake module files
[0.644s] Level 1:colcon.colcon_core.environment:checking '/home/aakash/bumperbot_ws/install/bumperbot_description' for CMake config files
[0.644s] Level 1:colcon.colcon_core.shell:create_environment_hook('bumperbot_description', 'cmake_prefix_path')
[0.645s] INFO:colcon.colcon_core.shell:Creating environment hook '/home/aakash/bumperbot_ws/install/bumperbot_description/share/bumperbot_description/hook/cmake_prefix_path.ps1'
[0.650s] INFO:colcon.colcon_core.shell:Creating environment descriptor '/home/aakash/bumperbot_ws/install/bumperbot_description/share/bumperbot_description/hook/cmake_prefix_path.dsv'
[0.653s] INFO:colcon.colcon_core.shell:Creating environment hook '/home/aakash/bumperbot_ws/install/bumperbot_description/share/bumperbot_description/hook/cmake_prefix_path.sh'
[0.658s] Level 1:colcon.colcon_core.environment:checking '/home/aakash/bumperbot_ws/install/bumperbot_description/bin'
[0.658s] Level 1:colcon.colcon_core.environment:checking '/home/aakash/bumperbot_ws/install/bumperbot_description/lib/pkgconfig/bumperbot_description.pc'
[0.659s] Level 1:colcon.colcon_core.environment:checking '/home/aakash/bumperbot_ws/install/bumperbot_description/lib/python3.10/site-packages'
[0.660s] Level 1:colcon.colcon_core.environment:checking '/home/aakash/bumperbot_ws/install/bumperbot_description/bin'
[0.660s] INFO:colcon.colcon_core.shell:Creating package script '/home/aakash/bumperbot_ws/install/bumperbot_description/share/bumperbot_description/package.ps1'
[0.663s] INFO:colcon.colcon_core.shell:Creating package descriptor '/home/aakash/bumperbot_ws/install/bumperbot_description/share/bumperbot_description/package.dsv'
[0.664s] INFO:colcon.colcon_core.shell:Creating package script '/home/aakash/bumperbot_ws/install/bumperbot_description/share/bumperbot_description/package.sh'
[0.668s] INFO:colcon.colcon_core.shell:Creating package script '/home/aakash/bumperbot_ws/install/bumperbot_description/share/bumperbot_description/package.bash'
[0.670s] INFO:colcon.colcon_core.shell:Creating package script '/home/aakash/bumperbot_ws/install/bumperbot_description/share/bumperbot_description/package.zsh'
[0.672s] Level 1:colcon.colcon_core.environment:create_file_with_runtime_dependencies(/home/aakash/bumperbot_ws/install/bumperbot_description/share/colcon-core/packages/bumperbot_description)
[0.674s] Level 1:colcon.colcon_core.environment:create_environment_scripts_only(bumperbot_description)
[0.674s] Level 1:colcon.colcon_core.environment:checking '/home/aakash/bumperbot_ws/install/bumperbot_description' for CMake module files
[0.675s] Level 1:colcon.colcon_core.environment:checking '/home/aakash/bumperbot_ws/install/bumperbot_description' for CMake config files
[0.675s] Level 1:colcon.colcon_core.shell:create_environment_hook('bumperbot_description', 'cmake_prefix_path')
[0.675s] INFO:colcon.colcon_core.shell:Creating environment hook '/home/aakash/bumperbot_ws/install/bumperbot_description/share/bumperbot_description/hook/cmake_prefix_path.ps1'
[0.677s] INFO:colcon.colcon_core.shell:Creating environment descriptor '/home/aakash/bumperbot_ws/install/bumperbot_description/share/bumperbot_description/hook/cmake_prefix_path.dsv'
[0.679s] INFO:colcon.colcon_core.shell:Creating environment hook '/home/aakash/bumperbot_ws/install/bumperbot_description/share/bumperbot_description/hook/cmake_prefix_path.sh'
[0.682s] Level 1:colcon.colcon_core.environment:checking '/home/aakash/bumperbot_ws/install/bumperbot_description/bin'
[0.682s] Level 1:colcon.colcon_core.environment:checking '/home/aakash/bumperbot_ws/install/bumperbot_description/lib/pkgconfig/bumperbot_description.pc'
[0.683s] Level 1:colcon.colcon_core.environment:checking '/home/aakash/bumperbot_ws/install/bumperbot_description/lib/python3.10/site-packages'
[0.683s] Level 1:colcon.colcon_core.environment:checking '/home/aakash/bumperbot_ws/install/bumperbot_description/bin'
[0.684s] INFO:colcon.colcon_core.shell:Creating package script '/home/aakash/bumperbot_ws/install/bumperbot_description/share/bumperbot_description/package.ps1'
[0.686s] INFO:colcon.colcon_core.shell:Creating package descriptor '/home/aakash/bumperbot_ws/install/bumperbot_description/share/bumperbot_description/package.dsv'
[0.687s] INFO:colcon.colcon_core.shell:Creating package script '/home/aakash/bumperbot_ws/install/bumperbot_description/share/bumperbot_description/package.sh'
[0.688s] INFO:colcon.colcon_core.shell:Creating package script '/home/aakash/bumperbot_ws/install/bumperbot_description/share/bumperbot_description/package.bash'
[0.689s] INFO:colcon.colcon_core.shell:Creating package script '/home/aakash/bumperbot_ws/install/bumperbot_description/share/bumperbot_description/package.zsh'
[0.690s] Level 1:colcon.colcon_core.environment:create_file_with_runtime_dependencies(/home/aakash/bumperbot_ws/install/bumperbot_description/share/colcon-core/packages/bumperbot_description)
[0.693s] DEBUG:colcon.colcon_core.event_handler.log_command:Invoked command in '/home/aakash/bumperbot_ws/build/bumperbot_cpp_examples' returned '0': CMAKE_PREFIX_PATH=/home/aakash/bumperbot_ws/install/bumperbot_msgs:/home/aakash/bumperbot_ws/install/bumperbot_firmware:/home/aakash/bumperbot_ws/install/bumperbot_description:/home/aakash/bumperbot_ws/install/bumperbot_cpp_examples:/home/aakash/bumperbot_ws/install/bumperbot_controller:/home/aakash/eyantra_ws/install/ur5_moveit:/home/aakash/eyantra_ws/install/ur_description:/home/aakash/eyantra_ws/install/realsense_gazebo_plugin:/home/aakash/eyantra_ws/install/pymoveit2:/home/aakash/eyantra_ws/install/linkattacher_msgs:/home/aakash/eyantra_ws/install/gazebo_ros2_control:/home/aakash/eyantra_ws/install/eyantra_warehouse:/home/aakash/eyantra_ws/install/ebot_nav2:/home/aakash/eyantra_ws/install/ebot_description:/home/aakash/eyantra_ws/install/ebot_docking:/home/aakash/eyantra_ws/install/aws_robomaker_small_warehouse_world:/home/aakash/intelligent_quads/ardu_ws/install/mavlink:/home/aakash/simulation2_ws/install/move_robot_as:/home/aakash/simulation2_ws/install/t3_action_msg:/home/aakash/simulation2_ws/install/ros2_mapping:/home/aakash/simulation2_ws/install/neo_simulation2:/home/aakash/neobotix_workspace/install/neo_srvs2:/home/aakash/neobotix_workspace/install/neo_simulation2:/home/aakash/neobotix_workspace/install/neo_nav2_bringup:/home/aakash/neobotix_workspace/install/neo_msgs2:/home/aakash/neobotix_workspace/install/neo_localization2:/home/aakash/neobotix_workspace/install/neo_local_planner2:/home/aakash/neobotix_workspace/install/neo_common2:/home/aakash/turtlebot3_ws/install/turtlebot3:/home/aakash/turtlebot3_ws/install/turtlebot3_simulations:/home/aakash/turtlebot3_ws/install/turtlebot3_bringup:/home/aakash/turtlebot3_ws/install/turtlebot3_node:/home/aakash/turtlebot3_ws/install/turtlebot3_navigation2:/home/aakash/turtlebot3_ws/install/turtlebot3_fake_node:/home/aakash/turtlebot3_ws/install/turtlebot3_msgs:/home/aakash/turtlebot3_ws/install/turtlebot3_gazebo:/home/aakash/turtlebot3_ws/install/turtlebot3_description:/home/aakash/turtlebot3_ws/install/turtlebot3_cartographer:/home/aakash/turtlebot3_ws/install/hls_lfcd_lds_driver:/home/aakash/turtlebot3_ws/install/dynamixel_sdk_examples:/home/aakash/turtlebot3_ws/install/dynamixel_sdk_custom_interfaces:/home/aakash/turtlebot3_ws/install/dynamixel_sdk:/home/aakash/bumperbot_ws/install/bumperbot_py_examples:/home/aakash/flytbase_ws/install/turtle_assignment:/home/aakash/flytbase/ros2_ws/install/uav_deconfliction:/home/aakash/simulation2_ws/install/services_pkg:/home/aakash/turtlebot3_ws/install/turtlebot3_teleop:/home/aakash/turtlebot3_ws/install/turtlebot3_example:/home/aakash/turtlebot3_ws/install/tb3_sim:/home/aakash/ros2practice/install/my_robot_controller:/home/aakash/practice_ws/install/my_robot_controller:/opt/ros/humble:/home/aakash/catkin_ws/devel:/home/aakash/summer_camp_ws/devel /usr/bin/cmake --build /home/aakash/bumperbot_ws/build/bumperbot_cpp_examples -- -j12 -l12
[0.696s] DEBUG:colcon.colcon_core.event_handler.log_command:Invoking command in '/home/aakash/bumperbot_ws/build/bumperbot_cpp_examples': CMAKE_PREFIX_PATH=/home/aakash/bumperbot_ws/install/bumperbot_msgs:/home/aakash/bumperbot_ws/install/bumperbot_firmware:/home/aakash/bumperbot_ws/install/bumperbot_description:/home/aakash/bumperbot_ws/install/bumperbot_cpp_examples:/home/aakash/bumperbot_ws/install/bumperbot_controller:/home/aakash/eyantra_ws/install/ur5_moveit:/home/aakash/eyantra_ws/install/ur_description:/home/aakash/eyantra_ws/install/realsense_gazebo_plugin:/home/aakash/eyantra_ws/install/pymoveit2:/home/aakash/eyantra_ws/install/linkattacher_msgs:/home/aakash/eyantra_ws/install/gazebo_ros2_control:/home/aakash/eyantra_ws/install/eyantra_warehouse:/home/aakash/eyantra_ws/install/ebot_nav2:/home/aakash/eyantra_ws/install/ebot_description:/home/aakash/eyantra_ws/install/ebot_docking:/home/aakash/eyantra_ws/install/aws_robomaker_small_warehouse_world:/home/aakash/intelligent_quads/ardu_ws/install/mavlink:/home/aakash/simulation2_ws/install/move_robot_as:/home/aakash/simulation2_ws/install/t3_action_msg:/home/aakash/simulation2_ws/install/ros2_mapping:/home/aakash/simulation2_ws/install/neo_simulation2:/home/aakash/neobotix_workspace/install/neo_srvs2:/home/aakash/neobotix_workspace/install/neo_simulation2:/home/aakash/neobotix_workspace/install/neo_nav2_bringup:/home/aakash/neobotix_workspace/install/neo_msgs2:/home/aakash/neobotix_workspace/install/neo_localization2:/home/aakash/neobotix_workspace/install/neo_local_planner2:/home/aakash/neobotix_workspace/install/neo_common2:/home/aakash/turtlebot3_ws/install/turtlebot3:/home/aakash/turtlebot3_ws/install/turtlebot3_simulations:/home/aakash/turtlebot3_ws/install/turtlebot3_bringup:/home/aakash/turtlebot3_ws/install/turtlebot3_node:/home/aakash/turtlebot3_ws/install/turtlebot3_navigation2:/home/aakash/turtlebot3_ws/install/turtlebot3_fake_node:/home/aakash/turtlebot3_ws/install/turtlebot3_msgs:/home/aakash/turtlebot3_ws/install/turtlebot3_gazebo:/home/aakash/turtlebot3_ws/install/turtlebot3_description:/home/aakash/turtlebot3_ws/install/turtlebot3_cartographer:/home/aakash/turtlebot3_ws/install/hls_lfcd_lds_driver:/home/aakash/turtlebot3_ws/install/dynamixel_sdk_examples:/home/aakash/turtlebot3_ws/install/dynamixel_sdk_custom_interfaces:/home/aakash/turtlebot3_ws/install/dynamixel_sdk:/home/aakash/bumperbot_ws/install/bumperbot_py_examples:/home/aakash/flytbase_ws/install/turtle_assignment:/home/aakash/flytbase/ros2_ws/install/uav_deconfliction:/home/aakash/simulation2_ws/install/services_pkg:/home/aakash/turtlebot3_ws/install/turtlebot3_teleop:/home/aakash/turtlebot3_ws/install/turtlebot3_example:/home/aakash/turtlebot3_ws/install/tb3_sim:/home/aakash/ros2practice/install/my_robot_controller:/home/aakash/practice_ws/install/my_robot_controller:/opt/ros/humble:/home/aakash/catkin_ws/devel:/home/aakash/summer_camp_ws/devel /usr/bin/cmake --install /home/aakash/bumperbot_ws/build/bumperbot_cpp_examples
[0.714s] Level 1:colcon.colcon_core.environment:create_environment_scripts_only(bumperbot_cpp_examples)
[0.715s] Level 1:colcon.colcon_core.environment:checking '/home/aakash/bumperbot_ws/install/bumperbot_cpp_examples' for CMake module files
[0.717s] DEBUG:colcon.colcon_core.event_handler.log_command:Invoked command in '/home/aakash/bumperbot_ws/build/bumperbot_cpp_examples' returned '0': CMAKE_PREFIX_PATH=/home/aakash/bumperbot_ws/install/bumperbot_msgs:/home/aakash/bumperbot_ws/install/bumperbot_firmware:/home/aakash/bumperbot_ws/install/bumperbot_description:/home/aakash/bumperbot_ws/install/bumperbot_cpp_examples:/home/aakash/bumperbot_ws/install/bumperbot_controller:/home/aakash/eyantra_ws/install/ur5_moveit:/home/aakash/eyantra_ws/install/ur_description:/home/aakash/eyantra_ws/install/realsense_gazebo_plugin:/home/aakash/eyantra_ws/install/pymoveit2:/home/aakash/eyantra_ws/install/linkattacher_msgs:/home/aakash/eyantra_ws/install/gazebo_ros2_control:/home/aakash/eyantra_ws/install/eyantra_warehouse:/home/aakash/eyantra_ws/install/ebot_nav2:/home/aakash/eyantra_ws/install/ebot_description:/home/aakash/eyantra_ws/install/ebot_docking:/home/aakash/eyantra_ws/install/aws_robomaker_small_warehouse_world:/home/aakash/intelligent_quads/ardu_ws/install/mavlink:/home/aakash/simulation2_ws/install/move_robot_as:/home/aakash/simulation2_ws/install/t3_action_msg:/home/aakash/simulation2_ws/install/ros2_mapping:/home/aakash/simulation2_ws/install/neo_simulation2:/home/aakash/neobotix_workspace/install/neo_srvs2:/home/aakash/neobotix_workspace/install/neo_simulation2:/home/aakash/neobotix_workspace/install/neo_nav2_bringup:/home/aakash/neobotix_workspace/install/neo_msgs2:/home/aakash/neobotix_workspace/install/neo_localization2:/home/aakash/neobotix_workspace/install/neo_local_planner2:/home/aakash/neobotix_workspace/install/neo_common2:/home/aakash/turtlebot3_ws/install/turtlebot3:/home/aakash/turtlebot3_ws/install/turtlebot3_simulations:/home/aakash/turtlebot3_ws/install/turtlebot3_bringup:/home/aakash/turtlebot3_ws/install/turtlebot3_node:/home/aakash/turtlebot3_ws/install/turtlebot3_navigation2:/home/aakash/turtlebot3_ws/install/turtlebot3_fake_node:/home/aakash/turtlebot3_ws/install/turtlebot3_msgs:/home/aakash/turtlebot3_ws/install/turtlebot3_gazebo:/home/aakash/turtlebot3_ws/install/turtlebot3_description:/home/aakash/turtlebot3_ws/install/turtlebot3_cartographer:/home/aakash/turtlebot3_ws/install/hls_lfcd_lds_driver:/home/aakash/turtlebot3_ws/install/dynamixel_sdk_examples:/home/aakash/turtlebot3_ws/install/dynamixel_sdk_custom_interfaces:/home/aakash/turtlebot3_ws/install/dynamixel_sdk:/home/aakash/bumperbot_ws/install/bumperbot_py_examples:/home/aakash/flytbase_ws/install/turtle_assignment:/home/aakash/flytbase/ros2_ws/install/uav_deconfliction:/home/aakash/simulation2_ws/install/services_pkg:/home/aakash/turtlebot3_ws/install/turtlebot3_teleop:/home/aakash/turtlebot3_ws/install/turtlebot3_example:/home/aakash/turtlebot3_ws/install/tb3_sim:/home/aakash/ros2practice/install/my_robot_controller:/home/aakash/practice_ws/install/my_robot_controller:/opt/ros/humble:/home/aakash/catkin_ws/devel:/home/aakash/summer_camp_ws/devel /usr/bin/cmake --install /home/aakash/bumperbot_ws/build/bumperbot_cpp_examples
[0.717s] Level 1:colcon.colcon_core.environment:checking '/home/aakash/bumperbot_ws/install/bumperbot_cpp_examples' for CMake config files
[0.718s] Level 1:colcon.colcon_core.shell:create_environment_hook('bumperbot_cpp_examples', 'cmake_prefix_path')
[0.718s] INFO:colcon.colcon_core.shell:Creating environment hook '/home/aakash/bumperbot_ws/install/bumperbot_cpp_examples/share/bumperbot_cpp_examples/hook/cmake_prefix_path.ps1'
[0.719s] INFO:colcon.colcon_core.shell:Creating environment descriptor '/home/aakash/bumperbot_ws/install/bumperbot_cpp_examples/share/bumperbot_cpp_examples/hook/cmake_prefix_path.dsv'
[0.720s] INFO:colcon.colcon_core.shell:Creating environment hook '/home/aakash/bumperbot_ws/install/bumperbot_cpp_examples/share/bumperbot_cpp_examples/hook/cmake_prefix_path.sh'
[0.721s] Level 1:colcon.colcon_core.environment:checking '/home/aakash/bumperbot_ws/install/bumperbot_cpp_examples/lib'
[0.721s] Level 1:colcon.colcon_core.environment:checking '/home/aakash/bumperbot_ws/install/bumperbot_cpp_examples/bin'
[0.721s] Level 1:colcon.colcon_core.environment:checking '/home/aakash/bumperbot_ws/install/bumperbot_cpp_examples/lib/pkgconfig/bumperbot_cpp_examples.pc'
[0.722s] Level 1:colcon.colcon_core.environment:checking '/home/aakash/bumperbot_ws/install/bumperbot_cpp_examples/lib/python3.10/site-packages'
[0.722s] Level 1:colcon.colcon_core.environment:checking '/home/aakash/bumperbot_ws/install/bumperbot_cpp_examples/bin'
[0.723s] INFO:colcon.colcon_core.shell:Creating package script '/home/aakash/bumperbot_ws/install/bumperbot_cpp_examples/share/bumperbot_cpp_examples/package.ps1'
[0.724s] INFO:colcon.colcon_core.shell:Creating package descriptor '/home/aakash/bumperbot_ws/install/bumperbot_cpp_examples/share/bumperbot_cpp_examples/package.dsv'
[0.725s] INFO:colcon.colcon_core.shell:Creating package script '/home/aakash/bumperbot_ws/install/bumperbot_cpp_examples/share/bumperbot_cpp_examples/package.sh'
[0.725s] INFO:colcon.colcon_core.shell:Creating package script '/home/aakash/bumperbot_ws/install/bumperbot_cpp_examples/share/bumperbot_cpp_examples/package.bash'
[0.725s] INFO:colcon.colcon_core.shell:Creating package script '/home/aakash/bumperbot_ws/install/bumperbot_cpp_examples/share/bumperbot_cpp_examples/package.zsh'
[0.726s] Level 1:colcon.colcon_core.environment:create_file_with_runtime_dependencies(/home/aakash/bumperbot_ws/install/bumperbot_cpp_examples/share/colcon-core/packages/bumperbot_cpp_examples)
[0.727s] Level 1:colcon.colcon_core.environment:create_environment_scripts_only(bumperbot_cpp_examples)
[0.727s] Level 1:colcon.colcon_core.environment:checking '/home/aakash/bumperbot_ws/install/bumperbot_cpp_examples' for CMake module files
[0.728s] Level 1:colcon.colcon_core.environment:checking '/home/aakash/bumperbot_ws/install/bumperbot_cpp_examples' for CMake config files
[0.728s] Level 1:colcon.colcon_core.shell:create_environment_hook('bumperbot_cpp_examples', 'cmake_prefix_path')
[0.728s] INFO:colcon.colcon_core.shell:Creating environment hook '/home/aakash/bumperbot_ws/install/bumperbot_cpp_examples/share/bumperbot_cpp_examples/hook/cmake_prefix_path.ps1'
[0.729s] INFO:colcon.colcon_core.shell:Creating environment descriptor '/home/aakash/bumperbot_ws/install/bumperbot_cpp_examples/share/bumperbot_cpp_examples/hook/cmake_prefix_path.dsv'
[0.730s] INFO:colcon.colcon_core.shell:Creating environment hook '/home/aakash/bumperbot_ws/install/bumperbot_cpp_examples/share/bumperbot_cpp_examples/hook/cmake_prefix_path.sh'
[0.731s] Level 1:colcon.colcon_core.environment:checking '/home/aakash/bumperbot_ws/install/bumperbot_cpp_examples/lib'
[0.731s] Level 1:colcon.colcon_core.environment:checking '/home/aakash/bumperbot_ws/install/bumperbot_cpp_examples/bin'
[0.731s] Level 1:colcon.colcon_core.environment:checking '/home/aakash/bumperbot_ws/install/bumperbot_cpp_examples/lib/pkgconfig/bumperbot_cpp_examples.pc'
[0.731s] Level 1:colcon.colcon_core.environment:checking '/home/aakash/bumperbot_ws/install/bumperbot_cpp_examples/lib/python3.10/site-packages'
[0.731s] Level 1:colcon.colcon_core.environment:checking '/home/aakash/bumperbot_ws/install/bumperbot_cpp_examples/bin'
[0.732s] INFO:colcon.colcon_core.shell:Creating package script '/home/aakash/bumperbot_ws/install/bumperbot_cpp_examples/share/bumperbot_cpp_examples/package.ps1'
[0.732s] INFO:colcon.colcon_core.shell:Creating package descriptor '/home/aakash/bumperbot_ws/install/bumperbot_cpp_examples/share/bumperbot_cpp_examples/package.dsv'
[0.733s] INFO:colcon.colcon_core.shell:Creating package script '/home/aakash/bumperbot_ws/install/bumperbot_cpp_examples/share/bumperbot_cpp_examples/package.sh'
[0.733s] INFO:colcon.colcon_core.shell:Creating package script '/home/aakash/bumperbot_ws/install/bumperbot_cpp_examples/share/bumperbot_cpp_examples/package.bash'
[0.733s] INFO:colcon.colcon_core.shell:Creating package script '/home/aakash/bumperbot_ws/install/bumperbot_cpp_examples/share/bumperbot_cpp_examples/package.zsh'
[0.734s] Level 1:colcon.colcon_core.environment:create_file_with_runtime_dependencies(/home/aakash/bumperbot_ws/install/bumperbot_cpp_examples/share/colcon-core/packages/bumperbot_cpp_examples)
[1.218s] DEBUG:colcon.colcon_core.event_handler.log_command:Invoked command in '/home/aakash/bumperbot_ws/build/bumperbot_msgs' returned '0': CMAKE_PREFIX_PATH=/home/aakash/bumperbot_ws/install/bumperbot_msgs:/home/aakash/bumperbot_ws/install/bumperbot_firmware:/home/aakash/bumperbot_ws/install/bumperbot_description:/home/aakash/bumperbot_ws/install/bumperbot_cpp_examples:/home/aakash/bumperbot_ws/install/bumperbot_controller:/home/aakash/eyantra_ws/install/ur5_moveit:/home/aakash/eyantra_ws/install/ur_description:/home/aakash/eyantra_ws/install/realsense_gazebo_plugin:/home/aakash/eyantra_ws/install/pymoveit2:/home/aakash/eyantra_ws/install/linkattacher_msgs:/home/aakash/eyantra_ws/install/gazebo_ros2_control:/home/aakash/eyantra_ws/install/eyantra_warehouse:/home/aakash/eyantra_ws/install/ebot_nav2:/home/aakash/eyantra_ws/install/ebot_description:/home/aakash/eyantra_ws/install/ebot_docking:/home/aakash/eyantra_ws/install/aws_robomaker_small_warehouse_world:/home/aakash/intelligent_quads/ardu_ws/install/mavlink:/home/aakash/simulation2_ws/install/move_robot_as:/home/aakash/simulation2_ws/install/t3_action_msg:/home/aakash/simulation2_ws/install/ros2_mapping:/home/aakash/simulation2_ws/install/neo_simulation2:/home/aakash/neobotix_workspace/install/neo_srvs2:/home/aakash/neobotix_workspace/install/neo_simulation2:/home/aakash/neobotix_workspace/install/neo_nav2_bringup:/home/aakash/neobotix_workspace/install/neo_msgs2:/home/aakash/neobotix_workspace/install/neo_localization2:/home/aakash/neobotix_workspace/install/neo_local_planner2:/home/aakash/neobotix_workspace/install/neo_common2:/home/aakash/turtlebot3_ws/install/turtlebot3:/home/aakash/turtlebot3_ws/install/turtlebot3_simulations:/home/aakash/turtlebot3_ws/install/turtlebot3_bringup:/home/aakash/turtlebot3_ws/install/turtlebot3_node:/home/aakash/turtlebot3_ws/install/turtlebot3_navigation2:/home/aakash/turtlebot3_ws/install/turtlebot3_fake_node:/home/aakash/turtlebot3_ws/install/turtlebot3_msgs:/home/aakash/turtlebot3_ws/install/turtlebot3_gazebo:/home/aakash/turtlebot3_ws/install/turtlebot3_description:/home/aakash/turtlebot3_ws/install/turtlebot3_cartographer:/home/aakash/turtlebot3_ws/install/hls_lfcd_lds_driver:/home/aakash/turtlebot3_ws/install/dynamixel_sdk_examples:/home/aakash/turtlebot3_ws/install/dynamixel_sdk_custom_interfaces:/home/aakash/turtlebot3_ws/install/dynamixel_sdk:/home/aakash/bumperbot_ws/install/bumperbot_py_examples:/home/aakash/flytbase_ws/install/turtle_assignment:/home/aakash/flytbase/ros2_ws/install/uav_deconfliction:/home/aakash/simulation2_ws/install/services_pkg:/home/aakash/turtlebot3_ws/install/turtlebot3_teleop:/home/aakash/turtlebot3_ws/install/turtlebot3_example:/home/aakash/turtlebot3_ws/install/tb3_sim:/home/aakash/ros2practice/install/my_robot_controller:/home/aakash/practice_ws/install/my_robot_controller:/opt/ros/humble:/home/aakash/catkin_ws/devel:/home/aakash/summer_camp_ws/devel /usr/bin/cmake --build /home/aakash/bumperbot_ws/build/bumperbot_msgs -- -j12 -l12
[1.223s] DEBUG:colcon.colcon_core.event_handler.log_command:Invoking command in '/home/aakash/bumperbot_ws/build/bumperbot_msgs': CMAKE_PREFIX_PATH=/home/aakash/bumperbot_ws/install/bumperbot_msgs:/home/aakash/bumperbot_ws/install/bumperbot_firmware:/home/aakash/bumperbot_ws/install/bumperbot_description:/home/aakash/bumperbot_ws/install/bumperbot_cpp_examples:/home/aakash/bumperbot_ws/install/bumperbot_controller:/home/aakash/eyantra_ws/install/ur5_moveit:/home/aakash/eyantra_ws/install/ur_description:/home/aakash/eyantra_ws/install/realsense_gazebo_plugin:/home/aakash/eyantra_ws/install/pymoveit2:/home/aakash/eyantra_ws/install/linkattacher_msgs:/home/aakash/eyantra_ws/install/gazebo_ros2_control:/home/aakash/eyantra_ws/install/eyantra_warehouse:/home/aakash/eyantra_ws/install/ebot_nav2:/home/aakash/eyantra_ws/install/ebot_description:/home/aakash/eyantra_ws/install/ebot_docking:/home/aakash/eyantra_ws/install/aws_robomaker_small_warehouse_world:/home/aakash/intelligent_quads/ardu_ws/install/mavlink:/home/aakash/simulation2_ws/install/move_robot_as:/home/aakash/simulation2_ws/install/t3_action_msg:/home/aakash/simulation2_ws/install/ros2_mapping:/home/aakash/simulation2_ws/install/neo_simulation2:/home/aakash/neobotix_workspace/install/neo_srvs2:/home/aakash/neobotix_workspace/install/neo_simulation2:/home/aakash/neobotix_workspace/install/neo_nav2_bringup:/home/aakash/neobotix_workspace/install/neo_msgs2:/home/aakash/neobotix_workspace/install/neo_localization2:/home/aakash/neobotix_workspace/install/neo_local_planner2:/home/aakash/neobotix_workspace/install/neo_common2:/home/aakash/turtlebot3_ws/install/turtlebot3:/home/aakash/turtlebot3_ws/install/turtlebot3_simulations:/home/aakash/turtlebot3_ws/install/turtlebot3_bringup:/home/aakash/turtlebot3_ws/install/turtlebot3_node:/home/aakash/turtlebot3_ws/install/turtlebot3_navigation2:/home/aakash/turtlebot3_ws/install/turtlebot3_fake_node:/home/aakash/turtlebot3_ws/install/turtlebot3_msgs:/home/aakash/turtlebot3_ws/install/turtlebot3_gazebo:/home/aakash/turtlebot3_ws/install/turtlebot3_description:/home/aakash/turtlebot3_ws/install/turtlebot3_cartographer:/home/aakash/turtlebot3_ws/install/hls_lfcd_lds_driver:/home/aakash/turtlebot3_ws/install/dynamixel_sdk_examples:/home/aakash/turtlebot3_ws/install/dynamixel_sdk_custom_interfaces:/home/aakash/turtlebot3_ws/install/dynamixel_sdk:/home/aakash/bumperbot_ws/install/bumperbot_py_examples:/home/aakash/flytbase_ws/install/turtle_assignment:/home/aakash/flytbase/ros2_ws/install/uav_deconfliction:/home/aakash/simulation2_ws/install/services_pkg:/home/aakash/turtlebot3_ws/install/turtlebot3_teleop:/home/aakash/turtlebot3_ws/install/turtlebot3_example:/home/aakash/turtlebot3_ws/install/tb3_sim:/home/aakash/ros2practice/install/my_robot_controller:/home/aakash/practice_ws/install/my_robot_controller:/opt/ros/humble:/home/aakash/catkin_ws/devel:/home/aakash/summer_camp_ws/devel /usr/bin/cmake --install /home/aakash/bumperbot_ws/build/bumperbot_msgs
[1.256s] DEBUG:colcon.colcon_core.event_handler.log_command:Invoked command in '/home/aakash/bumperbot_ws/build/bumperbot_controller' returned '0': CMAKE_PREFIX_PATH=/home/aakash/bumperbot_ws/install/bumperbot_msgs:/home/aakash/bumperbot_ws/install/bumperbot_firmware:/home/aakash/bumperbot_ws/install/bumperbot_description:/home/aakash/bumperbot_ws/install/bumperbot_cpp_examples:/home/aakash/bumperbot_ws/install/bumperbot_controller:/home/aakash/eyantra_ws/install/ur5_moveit:/home/aakash/eyantra_ws/install/ur_description:/home/aakash/eyantra_ws/install/realsense_gazebo_plugin:/home/aakash/eyantra_ws/install/pymoveit2:/home/aakash/eyantra_ws/install/linkattacher_msgs:/home/aakash/eyantra_ws/install/gazebo_ros2_control:/home/aakash/eyantra_ws/install/eyantra_warehouse:/home/aakash/eyantra_ws/install/ebot_nav2:/home/aakash/eyantra_ws/install/ebot_description:/home/aakash/eyantra_ws/install/ebot_docking:/home/aakash/eyantra_ws/install/aws_robomaker_small_warehouse_world:/home/aakash/intelligent_quads/ardu_ws/install/mavlink:/home/aakash/simulation2_ws/install/move_robot_as:/home/aakash/simulation2_ws/install/t3_action_msg:/home/aakash/simulation2_ws/install/ros2_mapping:/home/aakash/simulation2_ws/install/neo_simulation2:/home/aakash/neobotix_workspace/install/neo_srvs2:/home/aakash/neobotix_workspace/install/neo_simulation2:/home/aakash/neobotix_workspace/install/neo_nav2_bringup:/home/aakash/neobotix_workspace/install/neo_msgs2:/home/aakash/neobotix_workspace/install/neo_localization2:/home/aakash/neobotix_workspace/install/neo_local_planner2:/home/aakash/neobotix_workspace/install/neo_common2:/home/aakash/turtlebot3_ws/install/turtlebot3:/home/aakash/turtlebot3_ws/install/turtlebot3_simulations:/home/aakash/turtlebot3_ws/install/turtlebot3_bringup:/home/aakash/turtlebot3_ws/install/turtlebot3_node:/home/aakash/turtlebot3_ws/install/turtlebot3_navigation2:/home/aakash/turtlebot3_ws/install/turtlebot3_fake_node:/home/aakash/turtlebot3_ws/install/turtlebot3_msgs:/home/aakash/turtlebot3_ws/install/turtlebot3_gazebo:/home/aakash/turtlebot3_ws/install/turtlebot3_description:/home/aakash/turtlebot3_ws/install/turtlebot3_cartographer:/home/aakash/turtlebot3_ws/install/hls_lfcd_lds_driver:/home/aakash/turtlebot3_ws/install/dynamixel_sdk_examples:/home/aakash/turtlebot3_ws/install/dynamixel_sdk_custom_interfaces:/home/aakash/turtlebot3_ws/install/dynamixel_sdk:/home/aakash/bumperbot_ws/install/bumperbot_py_examples:/home/aakash/flytbase_ws/install/turtle_assignment:/home/aakash/flytbase/ros2_ws/install/uav_deconfliction:/home/aakash/simulation2_ws/install/services_pkg:/home/aakash/turtlebot3_ws/install/turtlebot3_teleop:/home/aakash/turtlebot3_ws/install/turtlebot3_example:/home/aakash/turtlebot3_ws/install/tb3_sim:/home/aakash/ros2practice/install/my_robot_controller:/home/aakash/practice_ws/install/my_robot_controller:/opt/ros/humble:/home/aakash/catkin_ws/devel:/home/aakash/summer_camp_ws/devel /usr/bin/cmake --build /home/aakash/bumperbot_ws/build/bumperbot_controller -- -j12 -l12
[1.258s] DEBUG:colcon.colcon_core.event_handler.log_command:Invoking command in '/home/aakash/bumperbot_ws/build/bumperbot_controller': CMAKE_PREFIX_PATH=/home/aakash/bumperbot_ws/install/bumperbot_msgs:/home/aakash/bumperbot_ws/install/bumperbot_firmware:/home/aakash/bumperbot_ws/install/bumperbot_description:/home/aakash/bumperbot_ws/install/bumperbot_cpp_examples:/home/aakash/bumperbot_ws/install/bumperbot_controller:/home/aakash/eyantra_ws/install/ur5_moveit:/home/aakash/eyantra_ws/install/ur_description:/home/aakash/eyantra_ws/install/realsense_gazebo_plugin:/home/aakash/eyantra_ws/install/pymoveit2:/home/aakash/eyantra_ws/install/linkattacher_msgs:/home/aakash/eyantra_ws/install/gazebo_ros2_control:/home/aakash/eyantra_ws/install/eyantra_warehouse:/home/aakash/eyantra_ws/install/ebot_nav2:/home/aakash/eyantra_ws/install/ebot_description:/home/aakash/eyantra_ws/install/ebot_docking:/home/aakash/eyantra_ws/install/aws_robomaker_small_warehouse_world:/home/aakash/intelligent_quads/ardu_ws/install/mavlink:/home/aakash/simulation2_ws/install/move_robot_as:/home/aakash/simulation2_ws/install/t3_action_msg:/home/aakash/simulation2_ws/install/ros2_mapping:/home/aakash/simulation2_ws/install/neo_simulation2:/home/aakash/neobotix_workspace/install/neo_srvs2:/home/aakash/neobotix_workspace/install/neo_simulation2:/home/aakash/neobotix_workspace/install/neo_nav2_bringup:/home/aakash/neobotix_workspace/install/neo_msgs2:/home/aakash/neobotix_workspace/install/neo_localization2:/home/aakash/neobotix_workspace/install/neo_local_planner2:/home/aakash/neobotix_workspace/install/neo_common2:/home/aakash/turtlebot3_ws/install/turtlebot3:/home/aakash/turtlebot3_ws/install/turtlebot3_simulations:/home/aakash/turtlebot3_ws/install/turtlebot3_bringup:/home/aakash/turtlebot3_ws/install/turtlebot3_node:/home/aakash/turtlebot3_ws/install/turtlebot3_navigation2:/home/aakash/turtlebot3_ws/install/turtlebot3_fake_node:/home/aakash/turtlebot3_ws/install/turtlebot3_msgs:/home/aakash/turtlebot3_ws/install/turtlebot3_gazebo:/home/aakash/turtlebot3_ws/install/turtlebot3_description:/home/aakash/turtlebot3_ws/install/turtlebot3_cartographer:/home/aakash/turtlebot3_ws/install/hls_lfcd_lds_driver:/home/aakash/turtlebot3_ws/install/dynamixel_sdk_examples:/home/aakash/turtlebot3_ws/install/dynamixel_sdk_custom_interfaces:/home/aakash/turtlebot3_ws/install/dynamixel_sdk:/home/aakash/bumperbot_ws/install/bumperbot_py_examples:/home/aakash/flytbase_ws/install/turtle_assignment:/home/aakash/flytbase/ros2_ws/install/uav_deconfliction:/home/aakash/simulation2_ws/install/services_pkg:/home/aakash/turtlebot3_ws/install/turtlebot3_teleop:/home/aakash/turtlebot3_ws/install/turtlebot3_example:/home/aakash/turtlebot3_ws/install/tb3_sim:/home/aakash/ros2practice/install/my_robot_controller:/home/aakash/practice_ws/install/my_robot_controller:/opt/ros/humble:/home/aakash/catkin_ws/devel:/home/aakash/summer_camp_ws/devel /usr/bin/cmake --install /home/aakash/bumperbot_ws/build/bumperbot_controller
[1.294s] DEBUG:colcon.colcon_core.event_handler.log_command:Invoked command in '/home/aakash/bumperbot_ws/build/bumperbot_firmware' returned '0': CMAKE_PREFIX_PATH=/home/aakash/bumperbot_ws/install/bumperbot_msgs:/home/aakash/bumperbot_ws/install/bumperbot_firmware:/home/aakash/bumperbot_ws/install/bumperbot_description:/home/aakash/bumperbot_ws/install/bumperbot_cpp_examples:/home/aakash/bumperbot_ws/install/bumperbot_controller:/home/aakash/eyantra_ws/install/ur5_moveit:/home/aakash/eyantra_ws/install/ur_description:/home/aakash/eyantra_ws/install/realsense_gazebo_plugin:/home/aakash/eyantra_ws/install/pymoveit2:/home/aakash/eyantra_ws/install/linkattacher_msgs:/home/aakash/eyantra_ws/install/gazebo_ros2_control:/home/aakash/eyantra_ws/install/eyantra_warehouse:/home/aakash/eyantra_ws/install/ebot_nav2:/home/aakash/eyantra_ws/install/ebot_description:/home/aakash/eyantra_ws/install/ebot_docking:/home/aakash/eyantra_ws/install/aws_robomaker_small_warehouse_world:/home/aakash/intelligent_quads/ardu_ws/install/mavlink:/home/aakash/simulation2_ws/install/move_robot_as:/home/aakash/simulation2_ws/install/t3_action_msg:/home/aakash/simulation2_ws/install/ros2_mapping:/home/aakash/simulation2_ws/install/neo_simulation2:/home/aakash/neobotix_workspace/install/neo_srvs2:/home/aakash/neobotix_workspace/install/neo_simulation2:/home/aakash/neobotix_workspace/install/neo_nav2_bringup:/home/aakash/neobotix_workspace/install/neo_msgs2:/home/aakash/neobotix_workspace/install/neo_localization2:/home/aakash/neobotix_workspace/install/neo_local_planner2:/home/aakash/neobotix_workspace/install/neo_common2:/home/aakash/turtlebot3_ws/install/turtlebot3:/home/aakash/turtlebot3_ws/install/turtlebot3_simulations:/home/aakash/turtlebot3_ws/install/turtlebot3_bringup:/home/aakash/turtlebot3_ws/install/turtlebot3_node:/home/aakash/turtlebot3_ws/install/turtlebot3_navigation2:/home/aakash/turtlebot3_ws/install/turtlebot3_fake_node:/home/aakash/turtlebot3_ws/install/turtlebot3_msgs:/home/aakash/turtlebot3_ws/install/turtlebot3_gazebo:/home/aakash/turtlebot3_ws/install/turtlebot3_description:/home/aakash/turtlebot3_ws/install/turtlebot3_cartographer:/home/aakash/turtlebot3_ws/install/hls_lfcd_lds_driver:/home/aakash/turtlebot3_ws/install/dynamixel_sdk_examples:/home/aakash/turtlebot3_ws/install/dynamixel_sdk_custom_interfaces:/home/aakash/turtlebot3_ws/install/dynamixel_sdk:/home/aakash/bumperbot_ws/install/bumperbot_py_examples:/home/aakash/flytbase_ws/install/turtle_assignment:/home/aakash/flytbase/ros2_ws/install/uav_deconfliction:/home/aakash/simulation2_ws/install/services_pkg:/home/aakash/turtlebot3_ws/install/turtlebot3_teleop:/home/aakash/turtlebot3_ws/install/turtlebot3_example:/home/aakash/turtlebot3_ws/install/tb3_sim:/home/aakash/ros2practice/install/my_robot_controller:/home/aakash/practice_ws/install/my_robot_controller:/opt/ros/humble:/home/aakash/catkin_ws/devel:/home/aakash/summer_camp_ws/devel /usr/bin/cmake --build /home/aakash/bumperbot_ws/build/bumperbot_firmware -- -j12 -l12
[1.297s] DEBUG:colcon.colcon_core.event_handler.log_command:Invoking command in '/home/aakash/bumperbot_ws/build/bumperbot_firmware': CMAKE_PREFIX_PATH=/home/aakash/bumperbot_ws/install/bumperbot_msgs:/home/aakash/bumperbot_ws/install/bumperbot_firmware:/home/aakash/bumperbot_ws/install/bumperbot_description:/home/aakash/bumperbot_ws/install/bumperbot_cpp_examples:/home/aakash/bumperbot_ws/install/bumperbot_controller:/home/aakash/eyantra_ws/install/ur5_moveit:/home/aakash/eyantra_ws/install/ur_description:/home/aakash/eyantra_ws/install/realsense_gazebo_plugin:/home/aakash/eyantra_ws/install/pymoveit2:/home/aakash/eyantra_ws/install/linkattacher_msgs:/home/aakash/eyantra_ws/install/gazebo_ros2_control:/home/aakash/eyantra_ws/install/eyantra_warehouse:/home/aakash/eyantra_ws/install/ebot_nav2:/home/aakash/eyantra_ws/install/ebot_description:/home/aakash/eyantra_ws/install/ebot_docking:/home/aakash/eyantra_ws/install/aws_robomaker_small_warehouse_world:/home/aakash/intelligent_quads/ardu_ws/install/mavlink:/home/aakash/simulation2_ws/install/move_robot_as:/home/aakash/simulation2_ws/install/t3_action_msg:/home/aakash/simulation2_ws/install/ros2_mapping:/home/aakash/simulation2_ws/install/neo_simulation2:/home/aakash/neobotix_workspace/install/neo_srvs2:/home/aakash/neobotix_workspace/install/neo_simulation2:/home/aakash/neobotix_workspace/install/neo_nav2_bringup:/home/aakash/neobotix_workspace/install/neo_msgs2:/home/aakash/neobotix_workspace/install/neo_localization2:/home/aakash/neobotix_workspace/install/neo_local_planner2:/home/aakash/neobotix_workspace/install/neo_common2:/home/aakash/turtlebot3_ws/install/turtlebot3:/home/aakash/turtlebot3_ws/install/turtlebot3_simulations:/home/aakash/turtlebot3_ws/install/turtlebot3_bringup:/home/aakash/turtlebot3_ws/install/turtlebot3_node:/home/aakash/turtlebot3_ws/install/turtlebot3_navigation2:/home/aakash/turtlebot3_ws/install/turtlebot3_fake_node:/home/aakash/turtlebot3_ws/install/turtlebot3_msgs:/home/aakash/turtlebot3_ws/install/turtlebot3_gazebo:/home/aakash/turtlebot3_ws/install/turtlebot3_description:/home/aakash/turtlebot3_ws/install/turtlebot3_cartographer:/home/aakash/turtlebot3_ws/install/hls_lfcd_lds_driver:/home/aakash/turtlebot3_ws/install/dynamixel_sdk_examples:/home/aakash/turtlebot3_ws/install/dynamixel_sdk_custom_interfaces:/home/aakash/turtlebot3_ws/install/dynamixel_sdk:/home/aakash/bumperbot_ws/install/bumperbot_py_examples:/home/aakash/flytbase_ws/install/turtle_assignment:/home/aakash/flytbase/ros2_ws/install/uav_deconfliction:/home/aakash/simulation2_ws/install/services_pkg:/home/aakash/turtlebot3_ws/install/turtlebot3_teleop:/home/aakash/turtlebot3_ws/install/turtlebot3_example:/home/aakash/turtlebot3_ws/install/tb3_sim:/home/aakash/ros2practice/install/my_robot_controller:/home/aakash/practice_ws/install/my_robot_controller:/opt/ros/humble:/home/aakash/catkin_ws/devel:/home/aakash/summer_camp_ws/devel /usr/bin/cmake --install /home/aakash/bumperbot_ws/build/bumperbot_firmware
[1.333s] Level 1:colcon.colcon_core.environment:create_environment_scripts_only(bumperbot_msgs)
[1.334s] Level 1:colcon.colcon_core.environment:checking '/home/aakash/bumperbot_ws/install/bumperbot_msgs' for CMake module files
[1.335s] DEBUG:colcon.colcon_core.event_handler.log_command:Invoked command in '/home/aakash/bumperbot_ws/build/bumperbot_msgs' returned '0': CMAKE_PREFIX_PATH=/home/aakash/bumperbot_ws/install/bumperbot_msgs:/home/aakash/bumperbot_ws/install/bumperbot_firmware:/home/aakash/bumperbot_ws/install/bumperbot_description:/home/aakash/bumperbot_ws/install/bumperbot_cpp_examples:/home/aakash/bumperbot_ws/install/bumperbot_controller:/home/aakash/eyantra_ws/install/ur5_moveit:/home/aakash/eyantra_ws/install/ur_description:/home/aakash/eyantra_ws/install/realsense_gazebo_plugin:/home/aakash/eyantra_ws/install/pymoveit2:/home/aakash/eyantra_ws/install/linkattacher_msgs:/home/aakash/eyantra_ws/install/gazebo_ros2_control:/home/aakash/eyantra_ws/install/eyantra_warehouse:/home/aakash/eyantra_ws/install/ebot_nav2:/home/aakash/eyantra_ws/install/ebot_description:/home/aakash/eyantra_ws/install/ebot_docking:/home/aakash/eyantra_ws/install/aws_robomaker_small_warehouse_world:/home/aakash/intelligent_quads/ardu_ws/install/mavlink:/home/aakash/simulation2_ws/install/move_robot_as:/home/aakash/simulation2_ws/install/t3_action_msg:/home/aakash/simulation2_ws/install/ros2_mapping:/home/aakash/simulation2_ws/install/neo_simulation2:/home/aakash/neobotix_workspace/install/neo_srvs2:/home/aakash/neobotix_workspace/install/neo_simulation2:/home/aakash/neobotix_workspace/install/neo_nav2_bringup:/home/aakash/neobotix_workspace/install/neo_msgs2:/home/aakash/neobotix_workspace/install/neo_localization2:/home/aakash/neobotix_workspace/install/neo_local_planner2:/home/aakash/neobotix_workspace/install/neo_common2:/home/aakash/turtlebot3_ws/install/turtlebot3:/home/aakash/turtlebot3_ws/install/turtlebot3_simulations:/home/aakash/turtlebot3_ws/install/turtlebot3_bringup:/home/aakash/turtlebot3_ws/install/turtlebot3_node:/home/aakash/turtlebot3_ws/install/turtlebot3_navigation2:/home/aakash/turtlebot3_ws/install/turtlebot3_fake_node:/home/aakash/turtlebot3_ws/install/turtlebot3_msgs:/home/aakash/turtlebot3_ws/install/turtlebot3_gazebo:/home/aakash/turtlebot3_ws/install/turtlebot3_description:/home/aakash/turtlebot3_ws/install/turtlebot3_cartographer:/home/aakash/turtlebot3_ws/install/hls_lfcd_lds_driver:/home/aakash/turtlebot3_ws/install/dynamixel_sdk_examples:/home/aakash/turtlebot3_ws/install/dynamixel_sdk_custom_interfaces:/home/aakash/turtlebot3_ws/install/dynamixel_sdk:/home/aakash/bumperbot_ws/install/bumperbot_py_examples:/home/aakash/flytbase_ws/install/turtle_assignment:/home/aakash/flytbase/ros2_ws/install/uav_deconfliction:/home/aakash/simulation2_ws/install/services_pkg:/home/aakash/turtlebot3_ws/install/turtlebot3_teleop:/home/aakash/turtlebot3_ws/install/turtlebot3_example:/home/aakash/turtlebot3_ws/install/tb3_sim:/home/aakash/ros2practice/install/my_robot_controller:/home/aakash/practice_ws/install/my_robot_controller:/opt/ros/humble:/home/aakash/catkin_ws/devel:/home/aakash/summer_camp_ws/devel /usr/bin/cmake --install /home/aakash/bumperbot_ws/build/bumperbot_msgs
[1.335s] Level 1:colcon.colcon_core.environment:checking '/home/aakash/bumperbot_ws/install/bumperbot_msgs' for CMake config files
[1.335s] Level 1:colcon.colcon_core.shell:create_environment_hook('bumperbot_msgs', 'cmake_prefix_path')
[1.336s] INFO:colcon.colcon_core.shell:Creating environment hook '/home/aakash/bumperbot_ws/install/bumperbot_msgs/share/bumperbot_msgs/hook/cmake_prefix_path.ps1'
[1.336s] INFO:colcon.colcon_core.shell:Creating environment descriptor '/home/aakash/bumperbot_ws/install/bumperbot_msgs/share/bumperbot_msgs/hook/cmake_prefix_path.dsv'
[1.337s] INFO:colcon.colcon_core.shell:Creating environment hook '/home/aakash/bumperbot_ws/install/bumperbot_msgs/share/bumperbot_msgs/hook/cmake_prefix_path.sh'
[1.337s] Level 1:colcon.colcon_core.environment:checking '/home/aakash/bumperbot_ws/install/bumperbot_msgs/lib'
[1.338s] Level 1:colcon.colcon_core.shell:create_environment_hook('bumperbot_msgs', 'ld_library_path_lib')
[1.338s] INFO:colcon.colcon_core.shell:Creating environment hook '/home/aakash/bumperbot_ws/install/bumperbot_msgs/share/bumperbot_msgs/hook/ld_library_path_lib.ps1'
[1.338s] INFO:colcon.colcon_core.shell:Creating environment descriptor '/home/aakash/bumperbot_ws/install/bumperbot_msgs/share/bumperbot_msgs/hook/ld_library_path_lib.dsv'
[1.339s] INFO:colcon.colcon_core.shell:Creating environment hook '/home/aakash/bumperbot_ws/install/bumperbot_msgs/share/bumperbot_msgs/hook/ld_library_path_lib.sh'
[1.339s] Level 1:colcon.colcon_core.environment:checking '/home/aakash/bumperbot_ws/install/bumperbot_msgs/bin'
[1.339s] Level 1:colcon.colcon_core.environment:checking '/home/aakash/bumperbot_ws/install/bumperbot_msgs/lib/pkgconfig/bumperbot_msgs.pc'
[1.340s] Level 1:colcon.colcon_core.environment:checking '/home/aakash/bumperbot_ws/install/bumperbot_msgs/lib/python3.10/site-packages'
[1.340s] Level 1:colcon.colcon_core.environment:checking '/home/aakash/bumperbot_ws/install/bumperbot_msgs/bin'
[1.341s] INFO:colcon.colcon_core.shell:Creating package script '/home/aakash/bumperbot_ws/install/bumperbot_msgs/share/bumperbot_msgs/package.ps1'
[1.342s] INFO:colcon.colcon_core.shell:Creating package descriptor '/home/aakash/bumperbot_ws/install/bumperbot_msgs/share/bumperbot_msgs/package.dsv'
[1.344s] INFO:colcon.colcon_core.shell:Creating package script '/home/aakash/bumperbot_ws/install/bumperbot_msgs/share/bumperbot_msgs/package.sh'
[1.347s] INFO:colcon.colcon_core.shell:Creating package script '/home/aakash/bumperbot_ws/install/bumperbot_msgs/share/bumperbot_msgs/package.bash'
[1.348s] INFO:colcon.colcon_core.shell:Creating package script '/home/aakash/bumperbot_ws/install/bumperbot_msgs/share/bumperbot_msgs/package.zsh'
[1.348s] Level 1:colcon.colcon_core.environment:create_file_with_runtime_dependencies(/home/aakash/bumperbot_ws/install/bumperbot_msgs/share/colcon-core/packages/bumperbot_msgs)
[1.350s] Level 1:colcon.colcon_core.environment:create_environment_scripts_only(bumperbot_msgs)
[1.350s] Level 1:colcon.colcon_core.environment:checking '/home/aakash/bumperbot_ws/install/bumperbot_msgs' for CMake module files
[1.351s] Level 1:colcon.colcon_core.environment:checking '/home/aakash/bumperbot_ws/install/bumperbot_msgs' for CMake config files
[1.351s] Level 1:colcon.colcon_core.shell:create_environment_hook('bumperbot_msgs', 'cmake_prefix_path')
[1.351s] INFO:colcon.colcon_core.shell:Creating environment hook '/home/aakash/bumperbot_ws/install/bumperbot_msgs/share/bumperbot_msgs/hook/cmake_prefix_path.ps1'
[1.353s] INFO:colcon.colcon_core.shell:Creating environment descriptor '/home/aakash/bumperbot_ws/install/bumperbot_msgs/share/bumperbot_msgs/hook/cmake_prefix_path.dsv'
[1.353s] INFO:colcon.colcon_core.shell:Creating environment hook '/home/aakash/bumperbot_ws/install/bumperbot_msgs/share/bumperbot_msgs/hook/cmake_prefix_path.sh'
[1.354s] Level 1:colcon.colcon_core.environment:checking '/home/aakash/bumperbot_ws/install/bumperbot_msgs/lib'
[1.355s] Level 1:colcon.colcon_core.shell:create_environment_hook('bumperbot_msgs', 'ld_library_path_lib')
[1.355s] INFO:colcon.colcon_core.shell:Creating environment hook '/home/aakash/bumperbot_ws/install/bumperbot_msgs/share/bumperbot_msgs/hook/ld_library_path_lib.ps1'
[1.356s] INFO:colcon.colcon_core.shell:Creating environment descriptor '/home/aakash/bumperbot_ws/install/bumperbot_msgs/share/bumperbot_msgs/hook/ld_library_path_lib.dsv'
[1.357s] INFO:colcon.colcon_core.shell:Creating environment hook '/home/aakash/bumperbot_ws/install/bumperbot_msgs/share/bumperbot_msgs/hook/ld_library_path_lib.sh'
[1.358s] Level 1:colcon.colcon_core.environment:checking '/home/aakash/bumperbot_ws/install/bumperbot_msgs/bin'
[1.358s] Level 1:colcon.colcon_core.environment:checking '/home/aakash/bumperbot_ws/install/bumperbot_msgs/lib/pkgconfig/bumperbot_msgs.pc'
[1.358s] Level 1:colcon.colcon_core.environment:checking '/home/aakash/bumperbot_ws/install/bumperbot_msgs/lib/python3.10/site-packages'
[1.358s] Level 1:colcon.colcon_core.environment:checking '/home/aakash/bumperbot_ws/install/bumperbot_msgs/bin'
[1.359s] INFO:colcon.colcon_core.shell:Creating package script '/home/aakash/bumperbot_ws/install/bumperbot_msgs/share/bumperbot_msgs/package.ps1'
[1.361s] INFO:colcon.colcon_core.shell:Creating package descriptor '/home/aakash/bumperbot_ws/install/bumperbot_msgs/share/bumperbot_msgs/package.dsv'
[1.361s] INFO:colcon.colcon_core.shell:Creating package script '/home/aakash/bumperbot_ws/install/bumperbot_msgs/share/bumperbot_msgs/package.sh'
[1.362s] INFO:colcon.colcon_core.shell:Creating package script '/home/aakash/bumperbot_ws/install/bumperbot_msgs/share/bumperbot_msgs/package.bash'
[1.363s] INFO:colcon.colcon_core.shell:Creating package script '/home/aakash/bumperbot_ws/install/bumperbot_msgs/share/bumperbot_msgs/package.zsh'
[1.365s] Level 1:colcon.colcon_core.environment:create_file_with_runtime_dependencies(/home/aakash/bumperbot_ws/install/bumperbot_msgs/share/colcon-core/packages/bumperbot_msgs)
[1.366s] INFO:colcon.colcon_ros.task.ament_python.build:Building ROS package in '/home/aakash/bumperbot_ws/src/bumperbot_py_examples' with build type 'ament_python'
[1.366s] Level 1:colcon.colcon_core.shell:create_environment_hook('bumperbot_py_examples', 'ament_prefix_path')
[1.366s] INFO:colcon.colcon_core.shell:Creating environment hook '/home/aakash/bumperbot_ws/install/bumperbot_py_examples/share/bumperbot_py_examples/hook/ament_prefix_path.ps1'
[1.367s] INFO:colcon.colcon_core.shell:Creating environment descriptor '/home/aakash/bumperbot_ws/install/bumperbot_py_examples/share/bumperbot_py_examples/hook/ament_prefix_path.dsv'
[1.368s] INFO:colcon.colcon_core.shell:Creating environment hook '/home/aakash/bumperbot_ws/install/bumperbot_py_examples/share/bumperbot_py_examples/hook/ament_prefix_path.sh'
[1.369s] INFO:colcon.colcon_core.shell:Skip shell extension 'powershell' for command environment: Not usable outside of PowerShell
[1.369s] DEBUG:colcon.colcon_core.shell:Skip shell extension 'dsv' for command environment
[1.380s] DEBUG:colcon.colcon_core.shell:Ignoring prefix path '/home/aakash/catkin_ws/devel'
[1.381s] DEBUG:colcon.colcon_core.shell:Ignoring prefix path '/home/aakash/summer_camp_ws/devel'
[1.386s] Level 1:colcon.colcon_core.environment:create_environment_scripts_only(bumperbot_controller)
[1.387s] Level 1:colcon.colcon_core.environment:checking '/home/aakash/bumperbot_ws/install/bumperbot_controller' for CMake module files
[1.389s] DEBUG:colcon.colcon_core.event_handler.log_command:Invoked command in '/home/aakash/bumperbot_ws/build/bumperbot_controller' returned '0': CMAKE_PREFIX_PATH=/home/aakash/bumperbot_ws/install/bumperbot_msgs:/home/aakash/bumperbot_ws/install/bumperbot_firmware:/home/aakash/bumperbot_ws/install/bumperbot_description:/home/aakash/bumperbot_ws/install/bumperbot_cpp_examples:/home/aakash/bumperbot_ws/install/bumperbot_controller:/home/aakash/eyantra_ws/install/ur5_moveit:/home/aakash/eyantra_ws/install/ur_description:/home/aakash/eyantra_ws/install/realsense_gazebo_plugin:/home/aakash/eyantra_ws/install/pymoveit2:/home/aakash/eyantra_ws/install/linkattacher_msgs:/home/aakash/eyantra_ws/install/gazebo_ros2_control:/home/aakash/eyantra_ws/install/eyantra_warehouse:/home/aakash/eyantra_ws/install/ebot_nav2:/home/aakash/eyantra_ws/install/ebot_description:/home/aakash/eyantra_ws/install/ebot_docking:/home/aakash/eyantra_ws/install/aws_robomaker_small_warehouse_world:/home/aakash/intelligent_quads/ardu_ws/install/mavlink:/home/aakash/simulation2_ws/install/move_robot_as:/home/aakash/simulation2_ws/install/t3_action_msg:/home/aakash/simulation2_ws/install/ros2_mapping:/home/aakash/simulation2_ws/install/neo_simulation2:/home/aakash/neobotix_workspace/install/neo_srvs2:/home/aakash/neobotix_workspace/install/neo_simulation2:/home/aakash/neobotix_workspace/install/neo_nav2_bringup:/home/aakash/neobotix_workspace/install/neo_msgs2:/home/aakash/neobotix_workspace/install/neo_localization2:/home/aakash/neobotix_workspace/install/neo_local_planner2:/home/aakash/neobotix_workspace/install/neo_common2:/home/aakash/turtlebot3_ws/install/turtlebot3:/home/aakash/turtlebot3_ws/install/turtlebot3_simulations:/home/aakash/turtlebot3_ws/install/turtlebot3_bringup:/home/aakash/turtlebot3_ws/install/turtlebot3_node:/home/aakash/turtlebot3_ws/install/turtlebot3_navigation2:/home/aakash/turtlebot3_ws/install/turtlebot3_fake_node:/home/aakash/turtlebot3_ws/install/turtlebot3_msgs:/home/aakash/turtlebot3_ws/install/turtlebot3_gazebo:/home/aakash/turtlebot3_ws/install/turtlebot3_description:/home/aakash/turtlebot3_ws/install/turtlebot3_cartographer:/home/aakash/turtlebot3_ws/install/hls_lfcd_lds_driver:/home/aakash/turtlebot3_ws/install/dynamixel_sdk_examples:/home/aakash/turtlebot3_ws/install/dynamixel_sdk_custom_interfaces:/home/aakash/turtlebot3_ws/install/dynamixel_sdk:/home/aakash/bumperbot_ws/install/bumperbot_py_examples:/home/aakash/flytbase_ws/install/turtle_assignment:/home/aakash/flytbase/ros2_ws/install/uav_deconfliction:/home/aakash/simulation2_ws/install/services_pkg:/home/aakash/turtlebot3_ws/install/turtlebot3_teleop:/home/aakash/turtlebot3_ws/install/turtlebot3_example:/home/aakash/turtlebot3_ws/install/tb3_sim:/home/aakash/ros2practice/install/my_robot_controller:/home/aakash/practice_ws/install/my_robot_controller:/opt/ros/humble:/home/aakash/catkin_ws/devel:/home/aakash/summer_camp_ws/devel /usr/bin/cmake --install /home/aakash/bumperbot_ws/build/bumperbot_controller
[1.390s] Level 1:colcon.colcon_core.environment:checking '/home/aakash/bumperbot_ws/install/bumperbot_controller' for CMake config files
[1.391s] Level 1:colcon.colcon_core.shell:create_environment_hook('bumperbot_controller', 'cmake_prefix_path')
[1.392s] INFO:colcon.colcon_core.shell:Creating environment hook '/home/aakash/bumperbot_ws/install/bumperbot_controller/share/bumperbot_controller/hook/cmake_prefix_path.ps1'
[1.393s] INFO:colcon.colcon_core.shell:Creating environment descriptor '/home/aakash/bumperbot_ws/install/bumperbot_controller/share/bumperbot_controller/hook/cmake_prefix_path.dsv'
[1.394s] INFO:colcon.colcon_core.shell:Creating environment hook '/home/aakash/bumperbot_ws/install/bumperbot_controller/share/bumperbot_controller/hook/cmake_prefix_path.sh'
[1.395s] Level 1:colcon.colcon_core.environment:checking '/home/aakash/bumperbot_ws/install/bumperbot_controller/lib'
[1.395s] Level 1:colcon.colcon_core.environment:checking '/home/aakash/bumperbot_ws/install/bumperbot_controller/bin'
[1.395s] Level 1:colcon.colcon_core.environment:checking '/home/aakash/bumperbot_ws/install/bumperbot_controller/lib/pkgconfig/bumperbot_controller.pc'
[1.395s] Level 1:colcon.colcon_core.environment:checking '/home/aakash/bumperbot_ws/install/bumperbot_controller/lib/python3.10/site-packages'
[1.396s] Level 1:colcon.colcon_core.environment:checking '/home/aakash/bumperbot_ws/install/bumperbot_controller/bin'
[1.396s] INFO:colcon.colcon_core.shell:Creating package script '/home/aakash/bumperbot_ws/install/bumperbot_controller/share/bumperbot_controller/package.ps1'
[1.397s] INFO:colcon.colcon_core.shell:Creating package descriptor '/home/aakash/bumperbot_ws/install/bumperbot_controller/share/bumperbot_controller/package.dsv'
[1.398s] INFO:colcon.colcon_core.shell:Creating package script '/home/aakash/bumperbot_ws/install/bumperbot_controller/share/bumperbot_controller/package.sh'
[1.399s] INFO:colcon.colcon_core.shell:Creating package script '/home/aakash/bumperbot_ws/install/bumperbot_controller/share/bumperbot_controller/package.bash'
[1.405s] INFO:colcon.colcon_core.shell:Creating package script '/home/aakash/bumperbot_ws/install/bumperbot_controller/share/bumperbot_controller/package.zsh'
[1.406s] Level 1:colcon.colcon_core.environment:create_file_with_runtime_dependencies(/home/aakash/bumperbot_ws/install/bumperbot_controller/share/colcon-core/packages/bumperbot_controller)
[1.407s] Level 1:colcon.colcon_core.environment:create_environment_scripts_only(bumperbot_controller)
[1.407s] Level 1:colcon.colcon_core.environment:checking '/home/aakash/bumperbot_ws/install/bumperbot_controller' for CMake module files
[1.408s] Level 1:colcon.colcon_core.environment:checking '/home/aakash/bumperbot_ws/install/bumperbot_controller' for CMake config files
[1.408s] Level 1:colcon.colcon_core.shell:create_environment_hook('bumperbot_controller', 'cmake_prefix_path')
[1.408s] INFO:colcon.colcon_core.shell:Creating environment hook '/home/aakash/bumperbot_ws/install/bumperbot_controller/share/bumperbot_controller/hook/cmake_prefix_path.ps1'
[1.409s] INFO:colcon.colcon_core.shell:Creating environment descriptor '/home/aakash/bumperbot_ws/install/bumperbot_controller/share/bumperbot_controller/hook/cmake_prefix_path.dsv'
[1.409s] INFO:colcon.colcon_core.shell:Creating environment hook '/home/aakash/bumperbot_ws/install/bumperbot_controller/share/bumperbot_controller/hook/cmake_prefix_path.sh'
[1.410s] Level 1:colcon.colcon_core.environment:checking '/home/aakash/bumperbot_ws/install/bumperbot_controller/lib'
[1.410s] Level 1:colcon.colcon_core.environment:checking '/home/aakash/bumperbot_ws/install/bumperbot_controller/bin'
[1.411s] Level 1:colcon.colcon_core.environment:checking '/home/aakash/bumperbot_ws/install/bumperbot_controller/lib/pkgconfig/bumperbot_controller.pc'
[1.411s] Level 1:colcon.colcon_core.environment:checking '/home/aakash/bumperbot_ws/install/bumperbot_controller/lib/python3.10/site-packages'
[1.411s] Level 1:colcon.colcon_core.environment:checking '/home/aakash/bumperbot_ws/install/bumperbot_controller/bin'
[1.412s] INFO:colcon.colcon_core.shell:Creating package script '/home/aakash/bumperbot_ws/install/bumperbot_controller/share/bumperbot_controller/package.ps1'
[1.414s] INFO:colcon.colcon_core.shell:Creating package descriptor '/home/aakash/bumperbot_ws/install/bumperbot_controller/share/bumperbot_controller/package.dsv'
[1.415s] INFO:colcon.colcon_core.shell:Creating package script '/home/aakash/bumperbot_ws/install/bumperbot_controller/share/bumperbot_controller/package.sh'
[1.416s] INFO:colcon.colcon_core.shell:Creating package script '/home/aakash/bumperbot_ws/install/bumperbot_controller/share/bumperbot_controller/package.bash'
[1.416s] INFO:colcon.colcon_core.shell:Creating package script '/home/aakash/bumperbot_ws/install/bumperbot_controller/share/bumperbot_controller/package.zsh'
[1.417s] Level 1:colcon.colcon_core.environment:create_file_with_runtime_dependencies(/home/aakash/bumperbot_ws/install/bumperbot_controller/share/colcon-core/packages/bumperbot_controller)
[1.706s] INFO:colcon.colcon_core.task.python.build:Building Python package in '/home/aakash/bumperbot_ws/src/bumperbot_py_examples'
[1.706s] INFO:colcon.colcon_core.shell:Skip shell extension 'powershell' for command environment: Not usable outside of PowerShell
[1.706s] DEBUG:colcon.colcon_core.shell:Skip shell extension 'dsv' for command environment
[1.716s] DEBUG:colcon.colcon_core.shell:Ignoring prefix path '/home/aakash/catkin_ws/devel'
[1.716s] DEBUG:colcon.colcon_core.shell:Ignoring prefix path '/home/aakash/summer_camp_ws/devel'
[1.718s] Level 1:colcon.colcon_core.environment:create_environment_scripts_only(bumperbot_firmware)
[1.720s] Level 1:colcon.colcon_core.environment:checking '/home/aakash/bumperbot_ws/install/bumperbot_firmware' for CMake module files
[1.721s] DEBUG:colcon.colcon_core.event_handler.log_command:Invoked command in '/home/aakash/bumperbot_ws/build/bumperbot_firmware' returned '0': CMAKE_PREFIX_PATH=/home/aakash/bumperbot_ws/install/bumperbot_msgs:/home/aakash/bumperbot_ws/install/bumperbot_firmware:/home/aakash/bumperbot_ws/install/bumperbot_description:/home/aakash/bumperbot_ws/install/bumperbot_cpp_examples:/home/aakash/bumperbot_ws/install/bumperbot_controller:/home/aakash/eyantra_ws/install/ur5_moveit:/home/aakash/eyantra_ws/install/ur_description:/home/aakash/eyantra_ws/install/realsense_gazebo_plugin:/home/aakash/eyantra_ws/install/pymoveit2:/home/aakash/eyantra_ws/install/linkattacher_msgs:/home/aakash/eyantra_ws/install/gazebo_ros2_control:/home/aakash/eyantra_ws/install/eyantra_warehouse:/home/aakash/eyantra_ws/install/ebot_nav2:/home/aakash/eyantra_ws/install/ebot_description:/home/aakash/eyantra_ws/install/ebot_docking:/home/aakash/eyantra_ws/install/aws_robomaker_small_warehouse_world:/home/aakash/intelligent_quads/ardu_ws/install/mavlink:/home/aakash/simulation2_ws/install/move_robot_as:/home/aakash/simulation2_ws/install/t3_action_msg:/home/aakash/simulation2_ws/install/ros2_mapping:/home/aakash/simulation2_ws/install/neo_simulation2:/home/aakash/neobotix_workspace/install/neo_srvs2:/home/aakash/neobotix_workspace/install/neo_simulation2:/home/aakash/neobotix_workspace/install/neo_nav2_bringup:/home/aakash/neobotix_workspace/install/neo_msgs2:/home/aakash/neobotix_workspace/install/neo_localization2:/home/aakash/neobotix_workspace/install/neo_local_planner2:/home/aakash/neobotix_workspace/install/neo_common2:/home/aakash/turtlebot3_ws/install/turtlebot3:/home/aakash/turtlebot3_ws/install/turtlebot3_simulations:/home/aakash/turtlebot3_ws/install/turtlebot3_bringup:/home/aakash/turtlebot3_ws/install/turtlebot3_node:/home/aakash/turtlebot3_ws/install/turtlebot3_navigation2:/home/aakash/turtlebot3_ws/install/turtlebot3_fake_node:/home/aakash/turtlebot3_ws/install/turtlebot3_msgs:/home/aakash/turtlebot3_ws/install/turtlebot3_gazebo:/home/aakash/turtlebot3_ws/install/turtlebot3_description:/home/aakash/turtlebot3_ws/install/turtlebot3_cartographer:/home/aakash/turtlebot3_ws/install/hls_lfcd_lds_driver:/home/aakash/turtlebot3_ws/install/dynamixel_sdk_examples:/home/aakash/turtlebot3_ws/install/dynamixel_sdk_custom_interfaces:/home/aakash/turtlebot3_ws/install/dynamixel_sdk:/home/aakash/bumperbot_ws/install/bumperbot_py_examples:/home/aakash/flytbase_ws/install/turtle_assignment:/home/aakash/flytbase/ros2_ws/install/uav_deconfliction:/home/aakash/simulation2_ws/install/services_pkg:/home/aakash/turtlebot3_ws/install/turtlebot3_teleop:/home/aakash/turtlebot3_ws/install/turtlebot3_example:/home/aakash/turtlebot3_ws/install/tb3_sim:/home/aakash/ros2practice/install/my_robot_controller:/home/aakash/practice_ws/install/my_robot_controller:/opt/ros/humble:/home/aakash/catkin_ws/devel:/home/aakash/summer_camp_ws/devel /usr/bin/cmake --install /home/aakash/bumperbot_ws/build/bumperbot_firmware
[1.722s] Level 1:colcon.colcon_core.environment:checking '/home/aakash/bumperbot_ws/install/bumperbot_firmware' for CMake config files
[1.722s] Level 1:colcon.colcon_core.shell:create_environment_hook('bumperbot_firmware', 'cmake_prefix_path')
[1.723s] INFO:colcon.colcon_core.shell:Creating environment hook '/home/aakash/bumperbot_ws/install/bumperbot_firmware/share/bumperbot_firmware/hook/cmake_prefix_path.ps1'
[1.724s] INFO:colcon.colcon_core.shell:Creating environment descriptor '/home/aakash/bumperbot_ws/install/bumperbot_firmware/share/bumperbot_firmware/hook/cmake_prefix_path.dsv'
[1.725s] INFO:colcon.colcon_core.shell:Creating environment hook '/home/aakash/bumperbot_ws/install/bumperbot_firmware/share/bumperbot_firmware/hook/cmake_prefix_path.sh'
[1.726s] Level 1:colcon.colcon_core.environment:checking '/home/aakash/bumperbot_ws/install/bumperbot_firmware/lib'
[1.727s] Level 1:colcon.colcon_core.environment:checking '/home/aakash/bumperbot_ws/install/bumperbot_firmware/bin'
[1.727s] Level 1:colcon.colcon_core.environment:checking '/home/aakash/bumperbot_ws/install/bumperbot_firmware/lib/pkgconfig/bumperbot_firmware.pc'
[1.727s] Level 1:colcon.colcon_core.environment:checking '/home/aakash/bumperbot_ws/install/bumperbot_firmware/lib/python3.10/site-packages'
[1.728s] Level 1:colcon.colcon_core.environment:checking '/home/aakash/bumperbot_ws/install/bumperbot_firmware/bin'
[1.728s] INFO:colcon.colcon_core.shell:Creating package script '/home/aakash/bumperbot_ws/install/bumperbot_firmware/share/bumperbot_firmware/package.ps1'
[1.729s] INFO:colcon.colcon_core.shell:Creating package descriptor '/home/aakash/bumperbot_ws/install/bumperbot_firmware/share/bumperbot_firmware/package.dsv'
[1.730s] INFO:colcon.colcon_core.shell:Creating package script '/home/aakash/bumperbot_ws/install/bumperbot_firmware/share/bumperbot_firmware/package.sh'
[1.731s] INFO:colcon.colcon_core.shell:Creating package script '/home/aakash/bumperbot_ws/install/bumperbot_firmware/share/bumperbot_firmware/package.bash'
[1.732s] INFO:colcon.colcon_core.shell:Creating package script '/home/aakash/bumperbot_ws/install/bumperbot_firmware/share/bumperbot_firmware/package.zsh'
[1.733s] Level 1:colcon.colcon_core.environment:create_file_with_runtime_dependencies(/home/aakash/bumperbot_ws/install/bumperbot_firmware/share/colcon-core/packages/bumperbot_firmware)
[1.735s] Level 1:colcon.colcon_core.environment:create_environment_scripts_only(bumperbot_firmware)
[1.735s] Level 1:colcon.colcon_core.environment:checking '/home/aakash/bumperbot_ws/install/bumperbot_firmware' for CMake module files
[1.737s] Level 1:colcon.colcon_core.environment:checking '/home/aakash/bumperbot_ws/install/bumperbot_firmware' for CMake config files
[1.737s] Level 1:colcon.colcon_core.shell:create_environment_hook('bumperbot_firmware', 'cmake_prefix_path')
[1.738s] INFO:colcon.colcon_core.shell:Creating environment hook '/home/aakash/bumperbot_ws/install/bumperbot_firmware/share/bumperbot_firmware/hook/cmake_prefix_path.ps1'
[1.739s] INFO:colcon.colcon_core.shell:Creating environment descriptor '/home/aakash/bumperbot_ws/install/bumperbot_firmware/share/bumperbot_firmware/hook/cmake_prefix_path.dsv'
[1.739s] INFO:colcon.colcon_core.shell:Creating environment hook '/home/aakash/bumperbot_ws/install/bumperbot_firmware/share/bumperbot_firmware/hook/cmake_prefix_path.sh'
[1.741s] Level 1:colcon.colcon_core.environment:checking '/home/aakash/bumperbot_ws/install/bumperbot_firmware/lib'
[1.741s] Level 1:colcon.colcon_core.environment:checking '/home/aakash/bumperbot_ws/install/bumperbot_firmware/bin'
[1.741s] Level 1:colcon.colcon_core.environment:checking '/home/aakash/bumperbot_ws/install/bumperbot_firmware/lib/pkgconfig/bumperbot_firmware.pc'
[1.742s] Level 1:colcon.colcon_core.environment:checking '/home/aakash/bumperbot_ws/install/bumperbot_firmware/lib/python3.10/site-packages'
[1.742s] Level 1:colcon.colcon_core.environment:checking '/home/aakash/bumperbot_ws/install/bumperbot_firmware/bin'
[1.743s] INFO:colcon.colcon_core.shell:Creating package script '/home/aakash/bumperbot_ws/install/bumperbot_firmware/share/bumperbot_firmware/package.ps1'
[1.745s] INFO:colcon.colcon_core.shell:Creating package descriptor '/home/aakash/bumperbot_ws/install/bumperbot_firmware/share/bumperbot_firmware/package.dsv'
[1.747s] INFO:colcon.colcon_core.shell:Creating package script '/home/aakash/bumperbot_ws/install/bumperbot_firmware/share/bumperbot_firmware/package.sh'
[1.748s] INFO:colcon.colcon_core.shell:Creating package script '/home/aakash/bumperbot_ws/install/bumperbot_firmware/share/bumperbot_firmware/package.bash'
[1.749s] INFO:colcon.colcon_core.shell:Creating package script '/home/aakash/bumperbot_ws/install/bumperbot_firmware/share/bumperbot_firmware/package.zsh'
[1.750s] Level 1:colcon.colcon_core.environment:create_file_with_runtime_dependencies(/home/aakash/bumperbot_ws/install/bumperbot_firmware/share/colcon-core/packages/bumperbot_firmware)
[2.439s] DEBUG:colcon.colcon_core.event_handler.log_command:Invoking command in '/home/aakash/bumperbot_ws/src/bumperbot_py_examples': PYTHONPATH=/home/aakash/bumperbot_ws/build/bumperbot_py_examples/prefix_override:/usr/lib/python3/dist-packages/colcon_core/task/python/colcon_distutils_commands:/home/aakash/bumperbot_ws/install/bumperbot_py_examples/lib/python3.10/site-packages:${PYTHONPATH} /usr/bin/python3 -W ignore:setup.py install is deprecated -W ignore:easy_install command is deprecated setup.py egg_info --egg-base ../../build/bumperbot_py_examples build --build-base /home/aakash/bumperbot_ws/build/bumperbot_py_examples/build install --record /home/aakash/bumperbot_ws/build/bumperbot_py_examples/install.log --single-version-externally-managed install_data
[3.121s] Level 1:colcon.colcon_core.environment:checking '/home/aakash/bumperbot_ws/install/bumperbot_py_examples' for CMake module files
[3.122s] DEBUG:colcon.colcon_core.event_handler.log_command:Invoked command in '/home/aakash/bumperbot_ws/src/bumperbot_py_examples' returned '0': PYTHONPATH=/home/aakash/bumperbot_ws/build/bumperbot_py_examples/prefix_override:/usr/lib/python3/dist-packages/colcon_core/task/python/colcon_distutils_commands:/home/aakash/bumperbot_ws/install/bumperbot_py_examples/lib/python3.10/site-packages:${PYTHONPATH} /usr/bin/python3 -W ignore:setup.py install is deprecated -W ignore:easy_install command is deprecated setup.py egg_info --egg-base ../../build/bumperbot_py_examples build --build-base /home/aakash/bumperbot_ws/build/bumperbot_py_examples/build install --record /home/aakash/bumperbot_ws/build/bumperbot_py_examples/install.log --single-version-externally-managed install_data
[3.123s] Level 1:colcon.colcon_core.environment:checking '/home/aakash/bumperbot_ws/install/bumperbot_py_examples' for CMake config files
[3.123s] Level 1:colcon.colcon_core.environment:checking '/home/aakash/bumperbot_ws/install/bumperbot_py_examples/lib'
[3.123s] Level 1:colcon.colcon_core.environment:checking '/home/aakash/bumperbot_ws/install/bumperbot_py_examples/bin'
[3.124s] Level 1:colcon.colcon_core.environment:checking '/home/aakash/bumperbot_ws/install/bumperbot_py_examples/lib/pkgconfig/bumperbot_py_examples.pc'
[3.124s] Level 1:colcon.colcon_core.environment:checking '/home/aakash/bumperbot_ws/install/bumperbot_py_examples/lib/python3.10/site-packages'
[3.124s] Level 1:colcon.colcon_core.shell:create_environment_hook('bumperbot_py_examples', 'pythonpath')
[3.124s] INFO:colcon.colcon_core.shell:Creating environment hook '/home/aakash/bumperbot_ws/install/bumperbot_py_examples/share/bumperbot_py_examples/hook/pythonpath.ps1'
[3.124s] INFO:colcon.colcon_core.shell:Creating environment descriptor '/home/aakash/bumperbot_ws/install/bumperbot_py_examples/share/bumperbot_py_examples/hook/pythonpath.dsv'
[3.125s] INFO:colcon.colcon_core.shell:Creating environment hook '/home/aakash/bumperbot_ws/install/bumperbot_py_examples/share/bumperbot_py_examples/hook/pythonpath.sh'
[3.125s] Level 1:colcon.colcon_core.environment:checking '/home/aakash/bumperbot_ws/install/bumperbot_py_examples/bin'
[3.125s] Level 1:colcon.colcon_core.environment:create_environment_scripts_only(bumperbot_py_examples)
[3.126s] INFO:colcon.colcon_core.shell:Creating package script '/home/aakash/bumperbot_ws/install/bumperbot_py_examples/share/bumperbot_py_examples/package.ps1'
[3.126s] INFO:colcon.colcon_core.shell:Creating package descriptor '/home/aakash/bumperbot_ws/install/bumperbot_py_examples/share/bumperbot_py_examples/package.dsv'
[3.126s] INFO:colcon.colcon_core.shell:Creating package script '/home/aakash/bumperbot_ws/install/bumperbot_py_examples/share/bumperbot_py_examples/package.sh'
[3.127s] INFO:colcon.colcon_core.shell:Creating package script '/home/aakash/bumperbot_ws/install/bumperbot_py_examples/share/bumperbot_py_examples/package.bash'
[3.127s] INFO:colcon.colcon_core.shell:Creating package script '/home/aakash/bumperbot_ws/install/bumperbot_py_examples/share/bumperbot_py_examples/package.zsh'
[3.127s] Level 1:colcon.colcon_core.environment:create_file_with_runtime_dependencies(/home/aakash/bumperbot_ws/install/bumperbot_py_examples/share/colcon-core/packages/bumperbot_py_examples)
[3.128s] DEBUG:colcon.colcon_parallel_executor.executor.parallel:closing loop
[3.128s] DEBUG:colcon.colcon_parallel_executor.executor.parallel:loop closed
[3.128s] DEBUG:colcon.colcon_parallel_executor.executor.parallel:run_until_complete finished with '0'
[3.128s] DEBUG:colcon.colcon_core.event_reactor:joining thread
[3.135s] INFO:colcon.colcon_core.plugin_system:Skipping extension 'colcon_notification.desktop_notification.terminal_notifier': Not used on non-Darwin systems
[3.136s] INFO:colcon.colcon_core.plugin_system:Skipping extension 'colcon_notification.desktop_notification.win32': Not used on non-Windows systems
[3.136s] INFO:colcon.colcon_notification.desktop_notification:Sending desktop notification using 'notify2'
[3.156s] DEBUG:colcon.colcon_core.event_reactor:joined thread
[3.157s] INFO:colcon.colcon_core.shell:Creating prefix script '/home/aakash/bumperbot_ws/install/local_setup.ps1'
[3.158s] INFO:colcon.colcon_core.shell:Creating prefix util module '/home/aakash/bumperbot_ws/install/_local_setup_util_ps1.py'
[3.160s] INFO:colcon.colcon_core.shell:Creating prefix chain script '/home/aakash/bumperbot_ws/install/setup.ps1'
[3.165s] INFO:colcon.colcon_core.shell:Creating prefix script '/home/aakash/bumperbot_ws/install/local_setup.sh'
[3.166s] INFO:colcon.colcon_core.shell:Creating prefix util module '/home/aakash/bumperbot_ws/install/_local_setup_util_sh.py'
[3.167s] INFO:colcon.colcon_core.shell:Creating prefix chain script '/home/aakash/bumperbot_ws/install/setup.sh'
[3.172s] INFO:colcon.colcon_core.shell:Creating prefix script '/home/aakash/bumperbot_ws/install/local_setup.bash'
[3.172s] INFO:colcon.colcon_core.shell:Creating prefix chain script '/home/aakash/bumperbot_ws/install/setup.bash'
[3.176s] INFO:colcon.colcon_core.shell:Creating prefix script '/home/aakash/bumperbot_ws/install/local_setup.zsh'
[3.177s] INFO:colcon.colcon_core.shell:Creating prefix chain script '/home/aakash/bumperbot_ws/install/setup.zsh'
