[2.912s] DEBUG:colcon:Command line arguments: ['/usr/bin/colcon', 'build']
[2.912s] DEBUG:colcon:Parsed command line arguments: Namespace(log_base=None, log_level=None, verb_name='build', build_base='build', install_base='install', merge_install=False, symlink_install=False, test_result_base=None, continue_on_error=False, executor='parallel', parallel_workers=12, event_handlers=None, ignore_user_meta=False, metas=['./colcon.meta'], base_paths=['.'], packages_ignore=None, packages_ignore_regex=None, paths=None, packages_up_to=None, packages_up_to_regex=None, packages_above=None, packages_above_and_dependencies=None, packages_above_depth=None, packages_select_by_dep=None, packages_skip_by_dep=None, packages_skip_up_to=None, packages_select_build_failed=False, packages_skip_build_finished=False, packages_select_test_failures=False, packages_skip_test_passed=False, packages_select=None, packages_skip=None, packages_select_regex=None, packages_skip_regex=None, packages_start=None, packages_end=None, allow_overriding=[], cmake_args=None, cmake_target=None, cmake_target_skip_unavailable=False, cmake_clean_cache=False, cmake_clean_first=False, cmake_force_configure=False, ament_cmake_args=None, catkin_cmake_args=None, catkin_skip_building_tests=False, mixin_files=None, mixin=None, verb_parser=<colcon_mixin.mixin.mixin_argument.MixinArgumentDecorator object at 0x7399de183040>, verb_extension=<colcon_core.verb.build.BuildVerb object at 0x7399de138af0>, main=<bound method BuildVerb.main of <colcon_core.verb.build.BuildVerb object at 0x7399de138af0>>, mixin_verb=('build',))
[3.520s] Level 1:colcon.colcon_core.package_discovery:discover_packages(colcon_meta) check parameters
[3.521s] Level 1:colcon.colcon_core.package_discovery:discover_packages(recursive) check parameters
[3.521s] Level 1:colcon.colcon_core.package_discovery:discover_packages(ignore) check parameters
[3.521s] Level 1:colcon.colcon_core.package_discovery:discover_packages(path) check parameters
[3.521s] Level 1:colcon.colcon_core.package_discovery:discover_packages(colcon_meta) discover
[3.521s] Level 1:colcon.colcon_core.package_discovery:discover_packages(recursive) discover
[3.521s] INFO:colcon.colcon_core.package_discovery:Crawling recursively for packages in '/home/aakash/bumperbot_ws'
[3.521s] Level 1:colcon.colcon_core.package_identification:_identify(.) by extensions ['ignore', 'ignore_ament_install']
[3.522s] Level 1:colcon.colcon_core.package_identification:_identify(.) by extension 'ignore'
[3.522s] Level 1:colcon.colcon_core.package_identification:_identify(.) by extension 'ignore_ament_install'
[3.522s] Level 1:colcon.colcon_core.package_identification:_identify(.) by extensions ['colcon_pkg']
[3.522s] Level 1:colcon.colcon_core.package_identification:_identify(.) by extension 'colcon_pkg'
[3.522s] Level 1:colcon.colcon_core.package_identification:_identify(.) by extensions ['colcon_meta']
[3.522s] Level 1:colcon.colcon_core.package_identification:_identify(.) by extension 'colcon_meta'
[3.522s] Level 1:colcon.colcon_core.package_identification:_identify(.) by extensions ['ros']
[3.522s] Level 1:colcon.colcon_core.package_identification:_identify(.) by extension 'ros'
[3.646s] Level 1:colcon.colcon_core.package_identification:_identify(.) by extensions ['cmake', 'python']
[3.646s] Level 1:colcon.colcon_core.package_identification:_identify(.) by extension 'cmake'
[3.646s] Level 1:colcon.colcon_core.package_identification:_identify(.) by extension 'python'
[3.646s] Level 1:colcon.colcon_core.package_identification:_identify(.) by extensions ['python_setup_py']
[3.646s] Level 1:colcon.colcon_core.package_identification:_identify(.) by extension 'python_setup_py'
[3.647s] Level 1:colcon.colcon_core.package_identification:_identify(build) by extensions ['ignore', 'ignore_ament_install']
[3.647s] Level 1:colcon.colcon_core.package_identification:_identify(build) by extension 'ignore'
[3.647s] Level 1:colcon.colcon_core.package_identification:_identify(build) ignored
[3.647s] Level 1:colcon.colcon_core.package_identification:_identify(install) by extensions ['ignore', 'ignore_ament_install']
[3.647s] Level 1:colcon.colcon_core.package_identification:_identify(install) by extension 'ignore'
[3.648s] Level 1:colcon.colcon_core.package_identification:_identify(install) ignored
[3.648s] Level 1:colcon.colcon_core.package_identification:_identify(log) by extensions ['ignore', 'ignore_ament_install']
[3.648s] Level 1:colcon.colcon_core.package_identification:_identify(log) by extension 'ignore'
[3.648s] Level 1:colcon.colcon_core.package_identification:_identify(log) ignored
[3.648s] Level 1:colcon.colcon_core.package_identification:_identify(src) by extensions ['ignore', 'ignore_ament_install']
[3.648s] Level 1:colcon.colcon_core.package_identification:_identify(src) by extension 'ignore'
[3.648s] Level 1:colcon.colcon_core.package_identification:_identify(src) by extension 'ignore_ament_install'
[3.649s] Level 1:colcon.colcon_core.package_identification:_identify(src) by extensions ['colcon_pkg']
[3.649s] Level 1:colcon.colcon_core.package_identification:_identify(src) by extension 'colcon_pkg'
[3.649s] Level 1:colcon.colcon_core.package_identification:_identify(src) by extensions ['colcon_meta']
[3.649s] Level 1:colcon.colcon_core.package_identification:_identify(src) by extension 'colcon_meta'
[3.649s] Level 1:colcon.colcon_core.package_identification:_identify(src) by extensions ['ros']
[3.649s] Level 1:colcon.colcon_core.package_identification:_identify(src) by extension 'ros'
[3.649s] Level 1:colcon.colcon_core.package_identification:_identify(src) by extensions ['cmake', 'python']
[3.649s] Level 1:colcon.colcon_core.package_identification:_identify(src) by extension 'cmake'
[3.649s] Level 1:colcon.colcon_core.package_identification:_identify(src) by extension 'python'
[3.649s] Level 1:colcon.colcon_core.package_identification:_identify(src) by extensions ['python_setup_py']
[3.649s] Level 1:colcon.colcon_core.package_identification:_identify(src) by extension 'python_setup_py'
[3.650s] Level 1:colcon.colcon_core.package_identification:_identify(src/bumperbot_controller) by extensions ['ignore', 'ignore_ament_install']
[3.650s] Level 1:colcon.colcon_core.package_identification:_identify(src/bumperbot_controller) by extension 'ignore'
[3.650s] Level 1:colcon.colcon_core.package_identification:_identify(src/bumperbot_controller) by extension 'ignore_ament_install'
[3.650s] Level 1:colcon.colcon_core.package_identification:_identify(src/bumperbot_controller) by extensions ['colcon_pkg']
[3.650s] Level 1:colcon.colcon_core.package_identification:_identify(src/bumperbot_controller) by extension 'colcon_pkg'
[3.650s] Level 1:colcon.colcon_core.package_identification:_identify(src/bumperbot_controller) by extensions ['colcon_meta']
[3.650s] Level 1:colcon.colcon_core.package_identification:_identify(src/bumperbot_controller) by extension 'colcon_meta'
[3.650s] Level 1:colcon.colcon_core.package_identification:_identify(src/bumperbot_controller) by extensions ['ros']
[3.651s] Level 1:colcon.colcon_core.package_identification:_identify(src/bumperbot_controller) by extension 'ros'
[3.671s] DEBUG:colcon.colcon_core.package_identification:Package 'src/bumperbot_controller' with type 'ros.ament_cmake' and name 'bumperbot_controller'
[3.672s] Level 1:colcon.colcon_core.package_identification:_identify(src/bumperbot_cpp_examples) by extensions ['ignore', 'ignore_ament_install']
[3.672s] Level 1:colcon.colcon_core.package_identification:_identify(src/bumperbot_cpp_examples) by extension 'ignore'
[3.672s] Level 1:colcon.colcon_core.package_identification:_identify(src/bumperbot_cpp_examples) by extension 'ignore_ament_install'
[3.672s] Level 1:colcon.colcon_core.package_identification:_identify(src/bumperbot_cpp_examples) by extensions ['colcon_pkg']
[3.672s] Level 1:colcon.colcon_core.package_identification:_identify(src/bumperbot_cpp_examples) by extension 'colcon_pkg'
[3.673s] Level 1:colcon.colcon_core.package_identification:_identify(src/bumperbot_cpp_examples) by extensions ['colcon_meta']
[3.673s] Level 1:colcon.colcon_core.package_identification:_identify(src/bumperbot_cpp_examples) by extension 'colcon_meta'
[3.673s] Level 1:colcon.colcon_core.package_identification:_identify(src/bumperbot_cpp_examples) by extensions ['ros']
[3.673s] Level 1:colcon.colcon_core.package_identification:_identify(src/bumperbot_cpp_examples) by extension 'ros'
[3.692s] DEBUG:colcon.colcon_core.package_identification:Package 'src/bumperbot_cpp_examples' with type 'ros.ament_cmake' and name 'bumperbot_cpp_examples'
[3.692s] Level 1:colcon.colcon_core.package_identification:_identify(src/bumperbot_description) by extensions ['ignore', 'ignore_ament_install']
[3.693s] Level 1:colcon.colcon_core.package_identification:_identify(src/bumperbot_description) by extension 'ignore'
[3.693s] Level 1:colcon.colcon_core.package_identification:_identify(src/bumperbot_description) by extension 'ignore_ament_install'
[3.693s] Level 1:colcon.colcon_core.package_identification:_identify(src/bumperbot_description) by extensions ['colcon_pkg']
[3.693s] Level 1:colcon.colcon_core.package_identification:_identify(src/bumperbot_description) by extension 'colcon_pkg'
[3.693s] Level 1:colcon.colcon_core.package_identification:_identify(src/bumperbot_description) by extensions ['colcon_meta']
[3.693s] Level 1:colcon.colcon_core.package_identification:_identify(src/bumperbot_description) by extension 'colcon_meta'
[3.693s] Level 1:colcon.colcon_core.package_identification:_identify(src/bumperbot_description) by extensions ['ros']
[3.693s] Level 1:colcon.colcon_core.package_identification:_identify(src/bumperbot_description) by extension 'ros'
[3.716s] DEBUG:colcon.colcon_core.package_identification:Package 'src/bumperbot_description' with type 'ros.ament_cmake' and name 'bumperbot_description'
[3.717s] Level 1:colcon.colcon_core.package_identification:_identify(src/bumperbot_firmware) by extensions ['ignore', 'ignore_ament_install']
[3.717s] Level 1:colcon.colcon_core.package_identification:_identify(src/bumperbot_firmware) by extension 'ignore'
[3.717s] Level 1:colcon.colcon_core.package_identification:_identify(src/bumperbot_firmware) by extension 'ignore_ament_install'
[3.717s] Level 1:colcon.colcon_core.package_identification:_identify(src/bumperbot_firmware) by extensions ['colcon_pkg']
[3.717s] Level 1:colcon.colcon_core.package_identification:_identify(src/bumperbot_firmware) by extension 'colcon_pkg'
[3.717s] Level 1:colcon.colcon_core.package_identification:_identify(src/bumperbot_firmware) by extensions ['colcon_meta']
[3.717s] Level 1:colcon.colcon_core.package_identification:_identify(src/bumperbot_firmware) by extension 'colcon_meta'
[3.717s] Level 1:colcon.colcon_core.package_identification:_identify(src/bumperbot_firmware) by extensions ['ros']
[3.718s] Level 1:colcon.colcon_core.package_identification:_identify(src/bumperbot_firmware) by extension 'ros'
[3.731s] DEBUG:colcon.colcon_core.package_identification:Package 'src/bumperbot_firmware' with type 'ros.ament_cmake' and name 'bumperbot_firmware'
[3.731s] Level 1:colcon.colcon_core.package_identification:_identify(src/bumperbot_msgs) by extensions ['ignore', 'ignore_ament_install']
[3.732s] Level 1:colcon.colcon_core.package_identification:_identify(src/bumperbot_msgs) by extension 'ignore'
[3.732s] Level 1:colcon.colcon_core.package_identification:_identify(src/bumperbot_msgs) by extension 'ignore_ament_install'
[3.732s] Level 1:colcon.colcon_core.package_identification:_identify(src/bumperbot_msgs) by extensions ['colcon_pkg']
[3.732s] Level 1:colcon.colcon_core.package_identification:_identify(src/bumperbot_msgs) by extension 'colcon_pkg'
[3.732s] Level 1:colcon.colcon_core.package_identification:_identify(src/bumperbot_msgs) by extensions ['colcon_meta']
[3.732s] Level 1:colcon.colcon_core.package_identification:_identify(src/bumperbot_msgs) by extension 'colcon_meta'
[3.732s] Level 1:colcon.colcon_core.package_identification:_identify(src/bumperbot_msgs) by extensions ['ros']
[3.732s] Level 1:colcon.colcon_core.package_identification:_identify(src/bumperbot_msgs) by extension 'ros'
[3.751s] DEBUG:colcon.colcon_core.package_identification:Package 'src/bumperbot_msgs' with type 'ros.ament_cmake' and name 'bumperbot_msgs'
[3.751s] Level 1:colcon.colcon_core.package_identification:_identify(src/bumperbot_py_examples) by extensions ['ignore', 'ignore_ament_install']
[3.752s] Level 1:colcon.colcon_core.package_identification:_identify(src/bumperbot_py_examples) by extension 'ignore'
[3.752s] Level 1:colcon.colcon_core.package_identification:_identify(src/bumperbot_py_examples) by extension 'ignore_ament_install'
[3.752s] Level 1:colcon.colcon_core.package_identification:_identify(src/bumperbot_py_examples) by extensions ['colcon_pkg']
[3.752s] Level 1:colcon.colcon_core.package_identification:_identify(src/bumperbot_py_examples) by extension 'colcon_pkg'
[3.752s] Level 1:colcon.colcon_core.package_identification:_identify(src/bumperbot_py_examples) by extensions ['colcon_meta']
[3.752s] Level 1:colcon.colcon_core.package_identification:_identify(src/bumperbot_py_examples) by extension 'colcon_meta'
[3.752s] Level 1:colcon.colcon_core.package_identification:_identify(src/bumperbot_py_examples) by extensions ['ros']
[3.752s] Level 1:colcon.colcon_core.package_identification:_identify(src/bumperbot_py_examples) by extension 'ros'
[3.763s] DEBUG:colcon.colcon_core.package_identification:Package 'src/bumperbot_py_examples' with type 'ros.ament_python' and name 'bumperbot_py_examples'
[3.763s] Level 1:colcon.colcon_core.package_discovery:discover_packages(recursive) using defaults
[3.763s] Level 1:colcon.colcon_core.package_discovery:discover_packages(ignore) discover
[3.763s] Level 1:colcon.colcon_core.package_discovery:discover_packages(ignore) using defaults
[3.763s] Level 1:colcon.colcon_core.package_discovery:discover_packages(path) discover
[3.763s] Level 1:colcon.colcon_core.package_discovery:discover_packages(path) using defaults
[4.130s] Level 1:colcon.colcon_core.package_discovery:discover_packages(prefix_path) check parameters
[4.130s] Level 1:colcon.colcon_core.package_discovery:discover_packages(prefix_path) discover
[4.310s] DEBUG:colcon.colcon_installed_package_information.package_discovery:Found 6 installed packages in /home/aakash/bumperbot_ws/install
[4.312s] DEBUG:colcon.colcon_installed_package_information.package_discovery:Found 11 installed packages in /home/aakash/eyantra_ws/install
[4.313s] DEBUG:colcon.colcon_installed_package_information.package_discovery:Found 1 installed packages in /home/aakash/flytbase_ws/install
[4.325s] DEBUG:colcon.colcon_installed_package_information.package_discovery:Found 1 installed packages in /home/aakash/flytbase/ros_ws/install
[4.326s] DEBUG:colcon.colcon_installed_package_information.package_discovery:Found 1 installed packages in /home/aakash/flytbase/ros2_ws/install
[4.354s] DEBUG:colcon.colcon_installed_package_information.package_discovery:Found 0 installed packages in /home/aakash/ros2_ws/install
[4.370s] DEBUG:colcon.colcon_installed_package_information.package_discovery:Found 5 installed packages in /home/aakash/intelligent_quads/ardu_ws/install
[4.371s] DEBUG:colcon.colcon_installed_package_information.package_discovery:Found 5 installed packages in /home/aakash/simulation2_ws/install
[4.372s] DEBUG:colcon.colcon_installed_package_information.package_discovery:Found 7 installed packages in /home/aakash/neobotix_workspace/install
[4.374s] DEBUG:colcon.colcon_installed_package_information.package_discovery:Found 17 installed packages in /home/aakash/turtlebot3_ws/install
[4.375s] DEBUG:colcon.colcon_installed_package_information.package_discovery:Found 1 installed packages in /home/aakash/ros2practice/install
[4.376s] DEBUG:colcon.colcon_installed_package_information.package_discovery:Found 1 installed packages in /home/aakash/practice_ws/install
[4.380s] DEBUG:colcon.colcon_installed_package_information.package_discovery:Found 326 installed packages in /opt/ros/humble
[4.413s] Level 1:colcon.colcon_core.package_discovery:discover_packages(prefix_path) using defaults
[6.637s] Level 5:colcon.colcon_core.verb:set package 'bumperbot_controller' build argument 'cmake_args' from command line to 'None'
[6.637s] Level 5:colcon.colcon_core.verb:set package 'bumperbot_controller' build argument 'cmake_target' from command line to 'None'
[6.637s] Level 5:colcon.colcon_core.verb:set package 'bumperbot_controller' build argument 'cmake_target_skip_unavailable' from command line to 'False'
[6.637s] Level 5:colcon.colcon_core.verb:set package 'bumperbot_controller' build argument 'cmake_clean_cache' from command line to 'False'
[6.637s] Level 5:colcon.colcon_core.verb:set package 'bumperbot_controller' build argument 'cmake_clean_first' from command line to 'False'
[6.637s] Level 5:colcon.colcon_core.verb:set package 'bumperbot_controller' build argument 'cmake_force_configure' from command line to 'False'
[6.637s] Level 5:colcon.colcon_core.verb:set package 'bumperbot_controller' build argument 'ament_cmake_args' from command line to 'None'
[6.637s] Level 5:colcon.colcon_core.verb:set package 'bumperbot_controller' build argument 'catkin_cmake_args' from command line to 'None'
[6.637s] Level 5:colcon.colcon_core.verb:set package 'bumperbot_controller' build argument 'catkin_skip_building_tests' from command line to 'False'
[6.637s] DEBUG:colcon.colcon_core.verb:Building package 'bumperbot_controller' with the following arguments: {'ament_cmake_args': None, 'build_base': '/home/aakash/bumperbot_ws/build/bumperbot_controller', 'catkin_cmake_args': None, 'catkin_skip_building_tests': False, 'cmake_args': None, 'cmake_clean_cache': False, 'cmake_clean_first': False, 'cmake_force_configure': False, 'cmake_target': None, 'cmake_target_skip_unavailable': False, 'install_base': '/home/aakash/bumperbot_ws/install/bumperbot_controller', 'merge_install': False, 'path': '/home/aakash/bumperbot_ws/src/bumperbot_controller', 'symlink_install': False, 'test_result_base': None}
[6.638s] Level 5:colcon.colcon_core.verb:set package 'bumperbot_cpp_examples' build argument 'cmake_args' from command line to 'None'
[6.638s] Level 5:colcon.colcon_core.verb:set package 'bumperbot_cpp_examples' build argument 'cmake_target' from command line to 'None'
[6.638s] Level 5:colcon.colcon_core.verb:set package 'bumperbot_cpp_examples' build argument 'cmake_target_skip_unavailable' from command line to 'False'
[6.638s] Level 5:colcon.colcon_core.verb:set package 'bumperbot_cpp_examples' build argument 'cmake_clean_cache' from command line to 'False'
[6.638s] Level 5:colcon.colcon_core.verb:set package 'bumperbot_cpp_examples' build argument 'cmake_clean_first' from command line to 'False'
[6.638s] Level 5:colcon.colcon_core.verb:set package 'bumperbot_cpp_examples' build argument 'cmake_force_configure' from command line to 'False'
[6.638s] Level 5:colcon.colcon_core.verb:set package 'bumperbot_cpp_examples' build argument 'ament_cmake_args' from command line to 'None'
[6.638s] Level 5:colcon.colcon_core.verb:set package 'bumperbot_cpp_examples' build argument 'catkin_cmake_args' from command line to 'None'
[6.638s] Level 5:colcon.colcon_core.verb:set package 'bumperbot_cpp_examples' build argument 'catkin_skip_building_tests' from command line to 'False'
[6.638s] DEBUG:colcon.colcon_core.verb:Building package 'bumperbot_cpp_examples' with the following arguments: {'ament_cmake_args': None, 'build_base': '/home/aakash/bumperbot_ws/build/bumperbot_cpp_examples', 'catkin_cmake_args': None, 'catkin_skip_building_tests': False, 'cmake_args': None, 'cmake_clean_cache': False, 'cmake_clean_first': False, 'cmake_force_configure': False, 'cmake_target': None, 'cmake_target_skip_unavailable': False, 'install_base': '/home/aakash/bumperbot_ws/install/bumperbot_cpp_examples', 'merge_install': False, 'path': '/home/aakash/bumperbot_ws/src/bumperbot_cpp_examples', 'symlink_install': False, 'test_result_base': None}
[6.638s] Level 5:colcon.colcon_core.verb:set package 'bumperbot_description' build argument 'cmake_args' from command line to 'None'
[6.638s] Level 5:colcon.colcon_core.verb:set package 'bumperbot_description' build argument 'cmake_target' from command line to 'None'
[6.638s] Level 5:colcon.colcon_core.verb:set package 'bumperbot_description' build argument 'cmake_target_skip_unavailable' from command line to 'False'
[6.638s] Level 5:colcon.colcon_core.verb:set package 'bumperbot_description' build argument 'cmake_clean_cache' from command line to 'False'
[6.638s] Level 5:colcon.colcon_core.verb:set package 'bumperbot_description' build argument 'cmake_clean_first' from command line to 'False'
[6.638s] Level 5:colcon.colcon_core.verb:set package 'bumperbot_description' build argument 'cmake_force_configure' from command line to 'False'
[6.639s] Level 5:colcon.colcon_core.verb:set package 'bumperbot_description' build argument 'ament_cmake_args' from command line to 'None'
[6.639s] Level 5:colcon.colcon_core.verb:set package 'bumperbot_description' build argument 'catkin_cmake_args' from command line to 'None'
[6.639s] Level 5:colcon.colcon_core.verb:set package 'bumperbot_description' build argument 'catkin_skip_building_tests' from command line to 'False'
[6.639s] DEBUG:colcon.colcon_core.verb:Building package 'bumperbot_description' with the following arguments: {'ament_cmake_args': None, 'build_base': '/home/aakash/bumperbot_ws/build/bumperbot_description', 'catkin_cmake_args': None, 'catkin_skip_building_tests': False, 'cmake_args': None, 'cmake_clean_cache': False, 'cmake_clean_first': False, 'cmake_force_configure': False, 'cmake_target': None, 'cmake_target_skip_unavailable': False, 'install_base': '/home/aakash/bumperbot_ws/install/bumperbot_description', 'merge_install': False, 'path': '/home/aakash/bumperbot_ws/src/bumperbot_description', 'symlink_install': False, 'test_result_base': None}
[6.639s] Level 5:colcon.colcon_core.verb:set package 'bumperbot_firmware' build argument 'cmake_args' from command line to 'None'
[6.639s] Level 5:colcon.colcon_core.verb:set package 'bumperbot_firmware' build argument 'cmake_target' from command line to 'None'
[6.639s] Level 5:colcon.colcon_core.verb:set package 'bumperbot_firmware' build argument 'cmake_target_skip_unavailable' from command line to 'False'
[6.639s] Level 5:colcon.colcon_core.verb:set package 'bumperbot_firmware' build argument 'cmake_clean_cache' from command line to 'False'
[6.639s] Level 5:colcon.colcon_core.verb:set package 'bumperbot_firmware' build argument 'cmake_clean_first' from command line to 'False'
[6.639s] Level 5:colcon.colcon_core.verb:set package 'bumperbot_firmware' build argument 'cmake_force_configure' from command line to 'False'
[6.639s] Level 5:colcon.colcon_core.verb:set package 'bumperbot_firmware' build argument 'ament_cmake_args' from command line to 'None'
[6.639s] Level 5:colcon.colcon_core.verb:set package 'bumperbot_firmware' build argument 'catkin_cmake_args' from command line to 'None'
[6.639s] Level 5:colcon.colcon_core.verb:set package 'bumperbot_firmware' build argument 'catkin_skip_building_tests' from command line to 'False'
[6.639s] DEBUG:colcon.colcon_core.verb:Building package 'bumperbot_firmware' with the following arguments: {'ament_cmake_args': None, 'build_base': '/home/aakash/bumperbot_ws/build/bumperbot_firmware', 'catkin_cmake_args': None, 'catkin_skip_building_tests': False, 'cmake_args': None, 'cmake_clean_cache': False, 'cmake_clean_first': False, 'cmake_force_configure': False, 'cmake_target': None, 'cmake_target_skip_unavailable': False, 'install_base': '/home/aakash/bumperbot_ws/install/bumperbot_firmware', 'merge_install': False, 'path': '/home/aakash/bumperbot_ws/src/bumperbot_firmware', 'symlink_install': False, 'test_result_base': None}
[6.640s] Level 5:colcon.colcon_core.verb:set package 'bumperbot_msgs' build argument 'cmake_args' from command line to 'None'
[6.640s] Level 5:colcon.colcon_core.verb:set package 'bumperbot_msgs' build argument 'cmake_target' from command line to 'None'
[6.640s] Level 5:colcon.colcon_core.verb:set package 'bumperbot_msgs' build argument 'cmake_target_skip_unavailable' from command line to 'False'
[6.640s] Level 5:colcon.colcon_core.verb:set package 'bumperbot_msgs' build argument 'cmake_clean_cache' from command line to 'False'
[6.640s] Level 5:colcon.colcon_core.verb:set package 'bumperbot_msgs' build argument 'cmake_clean_first' from command line to 'False'
[6.640s] Level 5:colcon.colcon_core.verb:set package 'bumperbot_msgs' build argument 'cmake_force_configure' from command line to 'False'
[6.640s] Level 5:colcon.colcon_core.verb:set package 'bumperbot_msgs' build argument 'ament_cmake_args' from command line to 'None'
[6.640s] Level 5:colcon.colcon_core.verb:set package 'bumperbot_msgs' build argument 'catkin_cmake_args' from command line to 'None'
[6.640s] Level 5:colcon.colcon_core.verb:set package 'bumperbot_msgs' build argument 'catkin_skip_building_tests' from command line to 'False'
[6.640s] DEBUG:colcon.colcon_core.verb:Building package 'bumperbot_msgs' with the following arguments: {'ament_cmake_args': None, 'build_base': '/home/aakash/bumperbot_ws/build/bumperbot_msgs', 'catkin_cmake_args': None, 'catkin_skip_building_tests': False, 'cmake_args': None, 'cmake_clean_cache': False, 'cmake_clean_first': False, 'cmake_force_configure': False, 'cmake_target': None, 'cmake_target_skip_unavailable': False, 'install_base': '/home/aakash/bumperbot_ws/install/bumperbot_msgs', 'merge_install': False, 'path': '/home/aakash/bumperbot_ws/src/bumperbot_msgs', 'symlink_install': False, 'test_result_base': None}
[6.640s] Level 5:colcon.colcon_core.verb:set package 'bumperbot_py_examples' build argument 'cmake_args' from command line to 'None'
[6.640s] Level 5:colcon.colcon_core.verb:set package 'bumperbot_py_examples' build argument 'cmake_target' from command line to 'None'
[6.640s] Level 5:colcon.colcon_core.verb:set package 'bumperbot_py_examples' build argument 'cmake_target_skip_unavailable' from command line to 'False'
[6.640s] Level 5:colcon.colcon_core.verb:set package 'bumperbot_py_examples' build argument 'cmake_clean_cache' from command line to 'False'
[6.641s] Level 5:colcon.colcon_core.verb:set package 'bumperbot_py_examples' build argument 'cmake_clean_first' from command line to 'False'
[6.641s] Level 5:colcon.colcon_core.verb:set package 'bumperbot_py_examples' build argument 'cmake_force_configure' from command line to 'False'
[6.641s] Level 5:colcon.colcon_core.verb:set package 'bumperbot_py_examples' build argument 'ament_cmake_args' from command line to 'None'
[6.641s] Level 5:colcon.colcon_core.verb:set package 'bumperbot_py_examples' build argument 'catkin_cmake_args' from command line to 'None'
[6.641s] Level 5:colcon.colcon_core.verb:set package 'bumperbot_py_examples' build argument 'catkin_skip_building_tests' from command line to 'False'
[6.641s] DEBUG:colcon.colcon_core.verb:Building package 'bumperbot_py_examples' with the following arguments: {'ament_cmake_args': None, 'build_base': '/home/aakash/bumperbot_ws/build/bumperbot_py_examples', 'catkin_cmake_args': None, 'catkin_skip_building_tests': False, 'cmake_args': None, 'cmake_clean_cache': False, 'cmake_clean_first': False, 'cmake_force_configure': False, 'cmake_target': None, 'cmake_target_skip_unavailable': False, 'install_base': '/home/aakash/bumperbot_ws/install/bumperbot_py_examples', 'merge_install': False, 'path': '/home/aakash/bumperbot_ws/src/bumperbot_py_examples', 'symlink_install': False, 'test_result_base': None}
[6.641s] INFO:colcon.colcon_core.executor:Executing jobs using 'parallel' executor
[6.643s] DEBUG:colcon.colcon_parallel_executor.executor.parallel:run_until_complete
[6.643s] INFO:colcon.colcon_ros.task.ament_cmake.build:Building ROS package in '/home/aakash/bumperbot_ws/src/bumperbot_controller' with build type 'ament_cmake'
[6.643s] INFO:colcon.colcon_cmake.task.cmake.build:Building CMake package in '/home/aakash/bumperbot_ws/src/bumperbot_controller'
[6.756s] INFO:colcon.colcon_core.plugin_system:Skipping extension 'colcon_core.shell.bat': Not used on non-Windows systems
[6.756s] INFO:colcon.colcon_core.shell:Skip shell extension 'powershell' for command environment: Not usable outside of PowerShell
[6.756s] DEBUG:colcon.colcon_core.shell:Skip shell extension 'dsv' for command environment
[6.778s] DEBUG:colcon.colcon_core.shell:Ignoring prefix path '/home/aakash/catkin_ws/devel'
[6.778s] DEBUG:colcon.colcon_core.shell:Ignoring prefix path '/home/aakash/summer_camp_ws/devel'
[6.808s] INFO:colcon.colcon_ros.task.ament_cmake.build:Building ROS package in '/home/aakash/bumperbot_ws/src/bumperbot_cpp_examples' with build type 'ament_cmake'
[6.808s] INFO:colcon.colcon_cmake.task.cmake.build:Building CMake package in '/home/aakash/bumperbot_ws/src/bumperbot_cpp_examples'
[6.809s] INFO:colcon.colcon_core.shell:Skip shell extension 'powershell' for command environment: Not usable outside of PowerShell
[6.809s] DEBUG:colcon.colcon_core.shell:Skip shell extension 'dsv' for command environment
[6.823s] DEBUG:colcon.colcon_core.shell:Ignoring prefix path '/home/aakash/catkin_ws/devel'
[6.823s] DEBUG:colcon.colcon_core.shell:Ignoring prefix path '/home/aakash/summer_camp_ws/devel'
[6.851s] INFO:colcon.colcon_ros.task.ament_cmake.build:Building ROS package in '/home/aakash/bumperbot_ws/src/bumperbot_description' with build type 'ament_cmake'
[6.852s] INFO:colcon.colcon_cmake.task.cmake.build:Building CMake package in '/home/aakash/bumperbot_ws/src/bumperbot_description'
[6.852s] INFO:colcon.colcon_core.shell:Skip shell extension 'powershell' for command environment: Not usable outside of PowerShell
[6.852s] DEBUG:colcon.colcon_core.shell:Skip shell extension 'dsv' for command environment
[6.865s] DEBUG:colcon.colcon_core.shell:Ignoring prefix path '/home/aakash/catkin_ws/devel'
[6.865s] DEBUG:colcon.colcon_core.shell:Ignoring prefix path '/home/aakash/summer_camp_ws/devel'
[6.885s] INFO:colcon.colcon_ros.task.ament_cmake.build:Building ROS package in '/home/aakash/bumperbot_ws/src/bumperbot_firmware' with build type 'ament_cmake'
[6.885s] INFO:colcon.colcon_cmake.task.cmake.build:Building CMake package in '/home/aakash/bumperbot_ws/src/bumperbot_firmware'
[6.886s] INFO:colcon.colcon_core.shell:Skip shell extension 'powershell' for command environment: Not usable outside of PowerShell
[6.886s] DEBUG:colcon.colcon_core.shell:Skip shell extension 'dsv' for command environment
[6.898s] DEBUG:colcon.colcon_core.shell:Ignoring prefix path '/home/aakash/catkin_ws/devel'
[6.899s] DEBUG:colcon.colcon_core.shell:Ignoring prefix path '/home/aakash/summer_camp_ws/devel'
[6.901s] INFO:colcon.colcon_ros.task.ament_cmake.build:Building ROS package in '/home/aakash/bumperbot_ws/src/bumperbot_msgs' with build type 'ament_cmake'
[6.901s] INFO:colcon.colcon_cmake.task.cmake.build:Building CMake package in '/home/aakash/bumperbot_ws/src/bumperbot_msgs'
[6.902s] INFO:colcon.colcon_core.shell:Skip shell extension 'powershell' for command environment: Not usable outside of PowerShell
[6.902s] DEBUG:colcon.colcon_core.shell:Skip shell extension 'dsv' for command environment
[6.915s] DEBUG:colcon.colcon_core.shell:Ignoring prefix path '/home/aakash/catkin_ws/devel'
[6.915s] DEBUG:colcon.colcon_core.shell:Ignoring prefix path '/home/aakash/summer_camp_ws/devel'
[6.917s] INFO:colcon.colcon_ros.task.ament_python.build:Building ROS package in '/home/aakash/bumperbot_ws/src/bumperbot_py_examples' with build type 'ament_python'
[6.918s] Level 1:colcon.colcon_core.shell:create_environment_hook('bumperbot_py_examples', 'ament_prefix_path')
[6.918s] INFO:colcon.colcon_core.shell:Creating environment hook '/home/aakash/bumperbot_ws/install/bumperbot_py_examples/share/bumperbot_py_examples/hook/ament_prefix_path.ps1'
[6.936s] INFO:colcon.colcon_core.shell:Creating environment descriptor '/home/aakash/bumperbot_ws/install/bumperbot_py_examples/share/bumperbot_py_examples/hook/ament_prefix_path.dsv'
[6.937s] INFO:colcon.colcon_core.shell:Creating environment hook '/home/aakash/bumperbot_ws/install/bumperbot_py_examples/share/bumperbot_py_examples/hook/ament_prefix_path.sh'
[6.939s] INFO:colcon.colcon_core.shell:Skip shell extension 'powershell' for command environment: Not usable outside of PowerShell
[6.939s] DEBUG:colcon.colcon_core.shell:Skip shell extension 'dsv' for command environment
[6.952s] DEBUG:colcon.colcon_core.shell:Ignoring prefix path '/home/aakash/catkin_ws/devel'
[6.953s] DEBUG:colcon.colcon_core.shell:Ignoring prefix path '/home/aakash/summer_camp_ws/devel'
[7.028s] DEBUG:colcon.colcon_core.event_handler.log_command:Invoking command in '/home/aakash/bumperbot_ws/build/bumperbot_controller': CMAKE_PREFIX_PATH=/home/aakash/bumperbot_ws/install/bumperbot_msgs:/home/aakash/bumperbot_ws/install/bumperbot_firmware:/home/aakash/bumperbot_ws/install/bumperbot_description:/home/aakash/bumperbot_ws/install/bumperbot_cpp_examples:/home/aakash/bumperbot_ws/install/bumperbot_controller:/home/aakash/eyantra_ws/install/ur5_moveit:/home/aakash/eyantra_ws/install/ur_description:/home/aakash/eyantra_ws/install/realsense_gazebo_plugin:/home/aakash/eyantra_ws/install/pymoveit2:/home/aakash/eyantra_ws/install/linkattacher_msgs:/home/aakash/eyantra_ws/install/gazebo_ros2_control:/home/aakash/eyantra_ws/install/eyantra_warehouse:/home/aakash/eyantra_ws/install/ebot_nav2:/home/aakash/eyantra_ws/install/ebot_description:/home/aakash/eyantra_ws/install/ebot_docking:/home/aakash/eyantra_ws/install/aws_robomaker_small_warehouse_world:/home/aakash/intelligent_quads/ardu_ws/install/mavlink:/home/aakash/simulation2_ws/install/move_robot_as:/home/aakash/simulation2_ws/install/t3_action_msg:/home/aakash/simulation2_ws/install/ros2_mapping:/home/aakash/simulation2_ws/install/neo_simulation2:/home/aakash/neobotix_workspace/install/neo_srvs2:/home/aakash/neobotix_workspace/install/neo_simulation2:/home/aakash/neobotix_workspace/install/neo_nav2_bringup:/home/aakash/neobotix_workspace/install/neo_msgs2:/home/aakash/neobotix_workspace/install/neo_localization2:/home/aakash/neobotix_workspace/install/neo_local_planner2:/home/aakash/neobotix_workspace/install/neo_common2:/home/aakash/turtlebot3_ws/install/turtlebot3:/home/aakash/turtlebot3_ws/install/turtlebot3_simulations:/home/aakash/turtlebot3_ws/install/turtlebot3_bringup:/home/aakash/turtlebot3_ws/install/turtlebot3_node:/home/aakash/turtlebot3_ws/install/turtlebot3_navigation2:/home/aakash/turtlebot3_ws/install/turtlebot3_fake_node:/home/aakash/turtlebot3_ws/install/turtlebot3_msgs:/home/aakash/turtlebot3_ws/install/turtlebot3_gazebo:/home/aakash/turtlebot3_ws/install/turtlebot3_description:/home/aakash/turtlebot3_ws/install/turtlebot3_cartographer:/home/aakash/turtlebot3_ws/install/hls_lfcd_lds_driver:/home/aakash/turtlebot3_ws/install/dynamixel_sdk_examples:/home/aakash/turtlebot3_ws/install/dynamixel_sdk_custom_interfaces:/home/aakash/turtlebot3_ws/install/dynamixel_sdk:/home/aakash/bumperbot_ws/install/bumperbot_py_examples:/home/aakash/flytbase_ws/install/turtle_assignment:/home/aakash/flytbase/ros2_ws/install/uav_deconfliction:/home/aakash/simulation2_ws/install/services_pkg:/home/aakash/turtlebot3_ws/install/turtlebot3_teleop:/home/aakash/turtlebot3_ws/install/turtlebot3_example:/home/aakash/turtlebot3_ws/install/tb3_sim:/home/aakash/ros2practice/install/my_robot_controller:/home/aakash/practice_ws/install/my_robot_controller:/opt/ros/humble:/home/aakash/catkin_ws/devel:/home/aakash/summer_camp_ws/devel /usr/bin/cmake --build /home/aakash/bumperbot_ws/build/bumperbot_controller -- -j12 -l12
[7.174s] DEBUG:colcon.colcon_core.event_handler.log_command:Invoking command in '/home/aakash/bumperbot_ws/build/bumperbot_cpp_examples': CMAKE_PREFIX_PATH=/home/aakash/bumperbot_ws/install/bumperbot_msgs:/home/aakash/bumperbot_ws/install/bumperbot_firmware:/home/aakash/bumperbot_ws/install/bumperbot_description:/home/aakash/bumperbot_ws/install/bumperbot_cpp_examples:/home/aakash/bumperbot_ws/install/bumperbot_controller:/home/aakash/eyantra_ws/install/ur5_moveit:/home/aakash/eyantra_ws/install/ur_description:/home/aakash/eyantra_ws/install/realsense_gazebo_plugin:/home/aakash/eyantra_ws/install/pymoveit2:/home/aakash/eyantra_ws/install/linkattacher_msgs:/home/aakash/eyantra_ws/install/gazebo_ros2_control:/home/aakash/eyantra_ws/install/eyantra_warehouse:/home/aakash/eyantra_ws/install/ebot_nav2:/home/aakash/eyantra_ws/install/ebot_description:/home/aakash/eyantra_ws/install/ebot_docking:/home/aakash/eyantra_ws/install/aws_robomaker_small_warehouse_world:/home/aakash/intelligent_quads/ardu_ws/install/mavlink:/home/aakash/simulation2_ws/install/move_robot_as:/home/aakash/simulation2_ws/install/t3_action_msg:/home/aakash/simulation2_ws/install/ros2_mapping:/home/aakash/simulation2_ws/install/neo_simulation2:/home/aakash/neobotix_workspace/install/neo_srvs2:/home/aakash/neobotix_workspace/install/neo_simulation2:/home/aakash/neobotix_workspace/install/neo_nav2_bringup:/home/aakash/neobotix_workspace/install/neo_msgs2:/home/aakash/neobotix_workspace/install/neo_localization2:/home/aakash/neobotix_workspace/install/neo_local_planner2:/home/aakash/neobotix_workspace/install/neo_common2:/home/aakash/turtlebot3_ws/install/turtlebot3:/home/aakash/turtlebot3_ws/install/turtlebot3_simulations:/home/aakash/turtlebot3_ws/install/turtlebot3_bringup:/home/aakash/turtlebot3_ws/install/turtlebot3_node:/home/aakash/turtlebot3_ws/install/turtlebot3_navigation2:/home/aakash/turtlebot3_ws/install/turtlebot3_fake_node:/home/aakash/turtlebot3_ws/install/turtlebot3_msgs:/home/aakash/turtlebot3_ws/install/turtlebot3_gazebo:/home/aakash/turtlebot3_ws/install/turtlebot3_description:/home/aakash/turtlebot3_ws/install/turtlebot3_cartographer:/home/aakash/turtlebot3_ws/install/hls_lfcd_lds_driver:/home/aakash/turtlebot3_ws/install/dynamixel_sdk_examples:/home/aakash/turtlebot3_ws/install/dynamixel_sdk_custom_interfaces:/home/aakash/turtlebot3_ws/install/dynamixel_sdk:/home/aakash/bumperbot_ws/install/bumperbot_py_examples:/home/aakash/flytbase_ws/install/turtle_assignment:/home/aakash/flytbase/ros2_ws/install/uav_deconfliction:/home/aakash/simulation2_ws/install/services_pkg:/home/aakash/turtlebot3_ws/install/turtlebot3_teleop:/home/aakash/turtlebot3_ws/install/turtlebot3_example:/home/aakash/turtlebot3_ws/install/tb3_sim:/home/aakash/ros2practice/install/my_robot_controller:/home/aakash/practice_ws/install/my_robot_controller:/opt/ros/humble:/home/aakash/catkin_ws/devel:/home/aakash/summer_camp_ws/devel /usr/bin/cmake --build /home/aakash/bumperbot_ws/build/bumperbot_cpp_examples -- -j12 -l12
[7.201s] DEBUG:colcon.colcon_core.event_handler.log_command:Invoking command in '/home/aakash/bumperbot_ws/build/bumperbot_description': CMAKE_PREFIX_PATH=/home/aakash/bumperbot_ws/install/bumperbot_msgs:/home/aakash/bumperbot_ws/install/bumperbot_firmware:/home/aakash/bumperbot_ws/install/bumperbot_description:/home/aakash/bumperbot_ws/install/bumperbot_cpp_examples:/home/aakash/bumperbot_ws/install/bumperbot_controller:/home/aakash/eyantra_ws/install/ur5_moveit:/home/aakash/eyantra_ws/install/ur_description:/home/aakash/eyantra_ws/install/realsense_gazebo_plugin:/home/aakash/eyantra_ws/install/pymoveit2:/home/aakash/eyantra_ws/install/linkattacher_msgs:/home/aakash/eyantra_ws/install/gazebo_ros2_control:/home/aakash/eyantra_ws/install/eyantra_warehouse:/home/aakash/eyantra_ws/install/ebot_nav2:/home/aakash/eyantra_ws/install/ebot_description:/home/aakash/eyantra_ws/install/ebot_docking:/home/aakash/eyantra_ws/install/aws_robomaker_small_warehouse_world:/home/aakash/intelligent_quads/ardu_ws/install/mavlink:/home/aakash/simulation2_ws/install/move_robot_as:/home/aakash/simulation2_ws/install/t3_action_msg:/home/aakash/simulation2_ws/install/ros2_mapping:/home/aakash/simulation2_ws/install/neo_simulation2:/home/aakash/neobotix_workspace/install/neo_srvs2:/home/aakash/neobotix_workspace/install/neo_simulation2:/home/aakash/neobotix_workspace/install/neo_nav2_bringup:/home/aakash/neobotix_workspace/install/neo_msgs2:/home/aakash/neobotix_workspace/install/neo_localization2:/home/aakash/neobotix_workspace/install/neo_local_planner2:/home/aakash/neobotix_workspace/install/neo_common2:/home/aakash/turtlebot3_ws/install/turtlebot3:/home/aakash/turtlebot3_ws/install/turtlebot3_simulations:/home/aakash/turtlebot3_ws/install/turtlebot3_bringup:/home/aakash/turtlebot3_ws/install/turtlebot3_node:/home/aakash/turtlebot3_ws/install/turtlebot3_navigation2:/home/aakash/turtlebot3_ws/install/turtlebot3_fake_node:/home/aakash/turtlebot3_ws/install/turtlebot3_msgs:/home/aakash/turtlebot3_ws/install/turtlebot3_gazebo:/home/aakash/turtlebot3_ws/install/turtlebot3_description:/home/aakash/turtlebot3_ws/install/turtlebot3_cartographer:/home/aakash/turtlebot3_ws/install/hls_lfcd_lds_driver:/home/aakash/turtlebot3_ws/install/dynamixel_sdk_examples:/home/aakash/turtlebot3_ws/install/dynamixel_sdk_custom_interfaces:/home/aakash/turtlebot3_ws/install/dynamixel_sdk:/home/aakash/bumperbot_ws/install/bumperbot_py_examples:/home/aakash/flytbase_ws/install/turtle_assignment:/home/aakash/flytbase/ros2_ws/install/uav_deconfliction:/home/aakash/simulation2_ws/install/services_pkg:/home/aakash/turtlebot3_ws/install/turtlebot3_teleop:/home/aakash/turtlebot3_ws/install/turtlebot3_example:/home/aakash/turtlebot3_ws/install/tb3_sim:/home/aakash/ros2practice/install/my_robot_controller:/home/aakash/practice_ws/install/my_robot_controller:/opt/ros/humble:/home/aakash/catkin_ws/devel:/home/aakash/summer_camp_ws/devel /usr/bin/cmake --build /home/aakash/bumperbot_ws/build/bumperbot_description -- -j12 -l12
[7.235s] DEBUG:colcon.colcon_core.event_handler.log_command:Invoking command in '/home/aakash/bumperbot_ws/build/bumperbot_firmware': CMAKE_PREFIX_PATH=/home/aakash/bumperbot_ws/install/bumperbot_msgs:/home/aakash/bumperbot_ws/install/bumperbot_firmware:/home/aakash/bumperbot_ws/install/bumperbot_description:/home/aakash/bumperbot_ws/install/bumperbot_cpp_examples:/home/aakash/bumperbot_ws/install/bumperbot_controller:/home/aakash/eyantra_ws/install/ur5_moveit:/home/aakash/eyantra_ws/install/ur_description:/home/aakash/eyantra_ws/install/realsense_gazebo_plugin:/home/aakash/eyantra_ws/install/pymoveit2:/home/aakash/eyantra_ws/install/linkattacher_msgs:/home/aakash/eyantra_ws/install/gazebo_ros2_control:/home/aakash/eyantra_ws/install/eyantra_warehouse:/home/aakash/eyantra_ws/install/ebot_nav2:/home/aakash/eyantra_ws/install/ebot_description:/home/aakash/eyantra_ws/install/ebot_docking:/home/aakash/eyantra_ws/install/aws_robomaker_small_warehouse_world:/home/aakash/intelligent_quads/ardu_ws/install/mavlink:/home/aakash/simulation2_ws/install/move_robot_as:/home/aakash/simulation2_ws/install/t3_action_msg:/home/aakash/simulation2_ws/install/ros2_mapping:/home/aakash/simulation2_ws/install/neo_simulation2:/home/aakash/neobotix_workspace/install/neo_srvs2:/home/aakash/neobotix_workspace/install/neo_simulation2:/home/aakash/neobotix_workspace/install/neo_nav2_bringup:/home/aakash/neobotix_workspace/install/neo_msgs2:/home/aakash/neobotix_workspace/install/neo_localization2:/home/aakash/neobotix_workspace/install/neo_local_planner2:/home/aakash/neobotix_workspace/install/neo_common2:/home/aakash/turtlebot3_ws/install/turtlebot3:/home/aakash/turtlebot3_ws/install/turtlebot3_simulations:/home/aakash/turtlebot3_ws/install/turtlebot3_bringup:/home/aakash/turtlebot3_ws/install/turtlebot3_node:/home/aakash/turtlebot3_ws/install/turtlebot3_navigation2:/home/aakash/turtlebot3_ws/install/turtlebot3_fake_node:/home/aakash/turtlebot3_ws/install/turtlebot3_msgs:/home/aakash/turtlebot3_ws/install/turtlebot3_gazebo:/home/aakash/turtlebot3_ws/install/turtlebot3_description:/home/aakash/turtlebot3_ws/install/turtlebot3_cartographer:/home/aakash/turtlebot3_ws/install/hls_lfcd_lds_driver:/home/aakash/turtlebot3_ws/install/dynamixel_sdk_examples:/home/aakash/turtlebot3_ws/install/dynamixel_sdk_custom_interfaces:/home/aakash/turtlebot3_ws/install/dynamixel_sdk:/home/aakash/bumperbot_ws/install/bumperbot_py_examples:/home/aakash/flytbase_ws/install/turtle_assignment:/home/aakash/flytbase/ros2_ws/install/uav_deconfliction:/home/aakash/simulation2_ws/install/services_pkg:/home/aakash/turtlebot3_ws/install/turtlebot3_teleop:/home/aakash/turtlebot3_ws/install/turtlebot3_example:/home/aakash/turtlebot3_ws/install/tb3_sim:/home/aakash/ros2practice/install/my_robot_controller:/home/aakash/practice_ws/install/my_robot_controller:/opt/ros/humble:/home/aakash/catkin_ws/devel:/home/aakash/summer_camp_ws/devel /usr/bin/cmake --build /home/aakash/bumperbot_ws/build/bumperbot_firmware -- -j12 -l12
[7.289s] DEBUG:colcon.colcon_core.event_handler.log_command:Invoking command in '/home/aakash/bumperbot_ws/build/bumperbot_msgs': CMAKE_PREFIX_PATH=/home/aakash/bumperbot_ws/install/bumperbot_msgs:/home/aakash/bumperbot_ws/install/bumperbot_firmware:/home/aakash/bumperbot_ws/install/bumperbot_description:/home/aakash/bumperbot_ws/install/bumperbot_cpp_examples:/home/aakash/bumperbot_ws/install/bumperbot_controller:/home/aakash/eyantra_ws/install/ur5_moveit:/home/aakash/eyantra_ws/install/ur_description:/home/aakash/eyantra_ws/install/realsense_gazebo_plugin:/home/aakash/eyantra_ws/install/pymoveit2:/home/aakash/eyantra_ws/install/linkattacher_msgs:/home/aakash/eyantra_ws/install/gazebo_ros2_control:/home/aakash/eyantra_ws/install/eyantra_warehouse:/home/aakash/eyantra_ws/install/ebot_nav2:/home/aakash/eyantra_ws/install/ebot_description:/home/aakash/eyantra_ws/install/ebot_docking:/home/aakash/eyantra_ws/install/aws_robomaker_small_warehouse_world:/home/aakash/intelligent_quads/ardu_ws/install/mavlink:/home/aakash/simulation2_ws/install/move_robot_as:/home/aakash/simulation2_ws/install/t3_action_msg:/home/aakash/simulation2_ws/install/ros2_mapping:/home/aakash/simulation2_ws/install/neo_simulation2:/home/aakash/neobotix_workspace/install/neo_srvs2:/home/aakash/neobotix_workspace/install/neo_simulation2:/home/aakash/neobotix_workspace/install/neo_nav2_bringup:/home/aakash/neobotix_workspace/install/neo_msgs2:/home/aakash/neobotix_workspace/install/neo_localization2:/home/aakash/neobotix_workspace/install/neo_local_planner2:/home/aakash/neobotix_workspace/install/neo_common2:/home/aakash/turtlebot3_ws/install/turtlebot3:/home/aakash/turtlebot3_ws/install/turtlebot3_simulations:/home/aakash/turtlebot3_ws/install/turtlebot3_bringup:/home/aakash/turtlebot3_ws/install/turtlebot3_node:/home/aakash/turtlebot3_ws/install/turtlebot3_navigation2:/home/aakash/turtlebot3_ws/install/turtlebot3_fake_node:/home/aakash/turtlebot3_ws/install/turtlebot3_msgs:/home/aakash/turtlebot3_ws/install/turtlebot3_gazebo:/home/aakash/turtlebot3_ws/install/turtlebot3_description:/home/aakash/turtlebot3_ws/install/turtlebot3_cartographer:/home/aakash/turtlebot3_ws/install/hls_lfcd_lds_driver:/home/aakash/turtlebot3_ws/install/dynamixel_sdk_examples:/home/aakash/turtlebot3_ws/install/dynamixel_sdk_custom_interfaces:/home/aakash/turtlebot3_ws/install/dynamixel_sdk:/home/aakash/bumperbot_ws/install/bumperbot_py_examples:/home/aakash/flytbase_ws/install/turtle_assignment:/home/aakash/flytbase/ros2_ws/install/uav_deconfliction:/home/aakash/simulation2_ws/install/services_pkg:/home/aakash/turtlebot3_ws/install/turtlebot3_teleop:/home/aakash/turtlebot3_ws/install/turtlebot3_example:/home/aakash/turtlebot3_ws/install/tb3_sim:/home/aakash/ros2practice/install/my_robot_controller:/home/aakash/practice_ws/install/my_robot_controller:/opt/ros/humble:/home/aakash/catkin_ws/devel:/home/aakash/summer_camp_ws/devel /usr/bin/cmake --build /home/aakash/bumperbot_ws/build/bumperbot_msgs -- -j12 -l12
[8.110s] INFO:colcon.colcon_core.task.python.build:Building Python package in '/home/aakash/bumperbot_ws/src/bumperbot_py_examples'
[8.110s] INFO:colcon.colcon_core.shell:Skip shell extension 'powershell' for command environment: Not usable outside of PowerShell
[8.110s] DEBUG:colcon.colcon_core.shell:Skip shell extension 'dsv' for command environment
[8.129s] DEBUG:colcon.colcon_core.shell:Ignoring prefix path '/home/aakash/catkin_ws/devel'
[8.129s] DEBUG:colcon.colcon_core.shell:Ignoring prefix path '/home/aakash/summer_camp_ws/devel'
[9.395s] DEBUG:colcon.colcon_core.event_handler.log_command:Invoked command in '/home/aakash/bumperbot_ws/build/bumperbot_msgs' returned '0': CMAKE_PREFIX_PATH=/home/aakash/bumperbot_ws/install/bumperbot_msgs:/home/aakash/bumperbot_ws/install/bumperbot_firmware:/home/aakash/bumperbot_ws/install/bumperbot_description:/home/aakash/bumperbot_ws/install/bumperbot_cpp_examples:/home/aakash/bumperbot_ws/install/bumperbot_controller:/home/aakash/eyantra_ws/install/ur5_moveit:/home/aakash/eyantra_ws/install/ur_description:/home/aakash/eyantra_ws/install/realsense_gazebo_plugin:/home/aakash/eyantra_ws/install/pymoveit2:/home/aakash/eyantra_ws/install/linkattacher_msgs:/home/aakash/eyantra_ws/install/gazebo_ros2_control:/home/aakash/eyantra_ws/install/eyantra_warehouse:/home/aakash/eyantra_ws/install/ebot_nav2:/home/aakash/eyantra_ws/install/ebot_description:/home/aakash/eyantra_ws/install/ebot_docking:/home/aakash/eyantra_ws/install/aws_robomaker_small_warehouse_world:/home/aakash/intelligent_quads/ardu_ws/install/mavlink:/home/aakash/simulation2_ws/install/move_robot_as:/home/aakash/simulation2_ws/install/t3_action_msg:/home/aakash/simulation2_ws/install/ros2_mapping:/home/aakash/simulation2_ws/install/neo_simulation2:/home/aakash/neobotix_workspace/install/neo_srvs2:/home/aakash/neobotix_workspace/install/neo_simulation2:/home/aakash/neobotix_workspace/install/neo_nav2_bringup:/home/aakash/neobotix_workspace/install/neo_msgs2:/home/aakash/neobotix_workspace/install/neo_localization2:/home/aakash/neobotix_workspace/install/neo_local_planner2:/home/aakash/neobotix_workspace/install/neo_common2:/home/aakash/turtlebot3_ws/install/turtlebot3:/home/aakash/turtlebot3_ws/install/turtlebot3_simulations:/home/aakash/turtlebot3_ws/install/turtlebot3_bringup:/home/aakash/turtlebot3_ws/install/turtlebot3_node:/home/aakash/turtlebot3_ws/install/turtlebot3_navigation2:/home/aakash/turtlebot3_ws/install/turtlebot3_fake_node:/home/aakash/turtlebot3_ws/install/turtlebot3_msgs:/home/aakash/turtlebot3_ws/install/turtlebot3_gazebo:/home/aakash/turtlebot3_ws/install/turtlebot3_description:/home/aakash/turtlebot3_ws/install/turtlebot3_cartographer:/home/aakash/turtlebot3_ws/install/hls_lfcd_lds_driver:/home/aakash/turtlebot3_ws/install/dynamixel_sdk_examples:/home/aakash/turtlebot3_ws/install/dynamixel_sdk_custom_interfaces:/home/aakash/turtlebot3_ws/install/dynamixel_sdk:/home/aakash/bumperbot_ws/install/bumperbot_py_examples:/home/aakash/flytbase_ws/install/turtle_assignment:/home/aakash/flytbase/ros2_ws/install/uav_deconfliction:/home/aakash/simulation2_ws/install/services_pkg:/home/aakash/turtlebot3_ws/install/turtlebot3_teleop:/home/aakash/turtlebot3_ws/install/turtlebot3_example:/home/aakash/turtlebot3_ws/install/tb3_sim:/home/aakash/ros2practice/install/my_robot_controller:/home/aakash/practice_ws/install/my_robot_controller:/opt/ros/humble:/home/aakash/catkin_ws/devel:/home/aakash/summer_camp_ws/devel /usr/bin/cmake --build /home/aakash/bumperbot_ws/build/bumperbot_msgs -- -j12 -l12
[9.493s] DEBUG:colcon.colcon_core.event_handler.log_command:Invoking command in '/home/aakash/bumperbot_ws/build/bumperbot_msgs': CMAKE_PREFIX_PATH=/home/aakash/bumperbot_ws/install/bumperbot_msgs:/home/aakash/bumperbot_ws/install/bumperbot_firmware:/home/aakash/bumperbot_ws/install/bumperbot_description:/home/aakash/bumperbot_ws/install/bumperbot_cpp_examples:/home/aakash/bumperbot_ws/install/bumperbot_controller:/home/aakash/eyantra_ws/install/ur5_moveit:/home/aakash/eyantra_ws/install/ur_description:/home/aakash/eyantra_ws/install/realsense_gazebo_plugin:/home/aakash/eyantra_ws/install/pymoveit2:/home/aakash/eyantra_ws/install/linkattacher_msgs:/home/aakash/eyantra_ws/install/gazebo_ros2_control:/home/aakash/eyantra_ws/install/eyantra_warehouse:/home/aakash/eyantra_ws/install/ebot_nav2:/home/aakash/eyantra_ws/install/ebot_description:/home/aakash/eyantra_ws/install/ebot_docking:/home/aakash/eyantra_ws/install/aws_robomaker_small_warehouse_world:/home/aakash/intelligent_quads/ardu_ws/install/mavlink:/home/aakash/simulation2_ws/install/move_robot_as:/home/aakash/simulation2_ws/install/t3_action_msg:/home/aakash/simulation2_ws/install/ros2_mapping:/home/aakash/simulation2_ws/install/neo_simulation2:/home/aakash/neobotix_workspace/install/neo_srvs2:/home/aakash/neobotix_workspace/install/neo_simulation2:/home/aakash/neobotix_workspace/install/neo_nav2_bringup:/home/aakash/neobotix_workspace/install/neo_msgs2:/home/aakash/neobotix_workspace/install/neo_localization2:/home/aakash/neobotix_workspace/install/neo_local_planner2:/home/aakash/neobotix_workspace/install/neo_common2:/home/aakash/turtlebot3_ws/install/turtlebot3:/home/aakash/turtlebot3_ws/install/turtlebot3_simulations:/home/aakash/turtlebot3_ws/install/turtlebot3_bringup:/home/aakash/turtlebot3_ws/install/turtlebot3_node:/home/aakash/turtlebot3_ws/install/turtlebot3_navigation2:/home/aakash/turtlebot3_ws/install/turtlebot3_fake_node:/home/aakash/turtlebot3_ws/install/turtlebot3_msgs:/home/aakash/turtlebot3_ws/install/turtlebot3_gazebo:/home/aakash/turtlebot3_ws/install/turtlebot3_description:/home/aakash/turtlebot3_ws/install/turtlebot3_cartographer:/home/aakash/turtlebot3_ws/install/hls_lfcd_lds_driver:/home/aakash/turtlebot3_ws/install/dynamixel_sdk_examples:/home/aakash/turtlebot3_ws/install/dynamixel_sdk_custom_interfaces:/home/aakash/turtlebot3_ws/install/dynamixel_sdk:/home/aakash/bumperbot_ws/install/bumperbot_py_examples:/home/aakash/flytbase_ws/install/turtle_assignment:/home/aakash/flytbase/ros2_ws/install/uav_deconfliction:/home/aakash/simulation2_ws/install/services_pkg:/home/aakash/turtlebot3_ws/install/turtlebot3_teleop:/home/aakash/turtlebot3_ws/install/turtlebot3_example:/home/aakash/turtlebot3_ws/install/tb3_sim:/home/aakash/ros2practice/install/my_robot_controller:/home/aakash/practice_ws/install/my_robot_controller:/opt/ros/humble:/home/aakash/catkin_ws/devel:/home/aakash/summer_camp_ws/devel /usr/bin/cmake --install /home/aakash/bumperbot_ws/build/bumperbot_msgs
[9.495s] DEBUG:colcon.colcon_core.event_handler.log_command:Invoked command in '/home/aakash/bumperbot_ws/build/bumperbot_description' returned '0': CMAKE_PREFIX_PATH=/home/aakash/bumperbot_ws/install/bumperbot_msgs:/home/aakash/bumperbot_ws/install/bumperbot_firmware:/home/aakash/bumperbot_ws/install/bumperbot_description:/home/aakash/bumperbot_ws/install/bumperbot_cpp_examples:/home/aakash/bumperbot_ws/install/bumperbot_controller:/home/aakash/eyantra_ws/install/ur5_moveit:/home/aakash/eyantra_ws/install/ur_description:/home/aakash/eyantra_ws/install/realsense_gazebo_plugin:/home/aakash/eyantra_ws/install/pymoveit2:/home/aakash/eyantra_ws/install/linkattacher_msgs:/home/aakash/eyantra_ws/install/gazebo_ros2_control:/home/aakash/eyantra_ws/install/eyantra_warehouse:/home/aakash/eyantra_ws/install/ebot_nav2:/home/aakash/eyantra_ws/install/ebot_description:/home/aakash/eyantra_ws/install/ebot_docking:/home/aakash/eyantra_ws/install/aws_robomaker_small_warehouse_world:/home/aakash/intelligent_quads/ardu_ws/install/mavlink:/home/aakash/simulation2_ws/install/move_robot_as:/home/aakash/simulation2_ws/install/t3_action_msg:/home/aakash/simulation2_ws/install/ros2_mapping:/home/aakash/simulation2_ws/install/neo_simulation2:/home/aakash/neobotix_workspace/install/neo_srvs2:/home/aakash/neobotix_workspace/install/neo_simulation2:/home/aakash/neobotix_workspace/install/neo_nav2_bringup:/home/aakash/neobotix_workspace/install/neo_msgs2:/home/aakash/neobotix_workspace/install/neo_localization2:/home/aakash/neobotix_workspace/install/neo_local_planner2:/home/aakash/neobotix_workspace/install/neo_common2:/home/aakash/turtlebot3_ws/install/turtlebot3:/home/aakash/turtlebot3_ws/install/turtlebot3_simulations:/home/aakash/turtlebot3_ws/install/turtlebot3_bringup:/home/aakash/turtlebot3_ws/install/turtlebot3_node:/home/aakash/turtlebot3_ws/install/turtlebot3_navigation2:/home/aakash/turtlebot3_ws/install/turtlebot3_fake_node:/home/aakash/turtlebot3_ws/install/turtlebot3_msgs:/home/aakash/turtlebot3_ws/install/turtlebot3_gazebo:/home/aakash/turtlebot3_ws/install/turtlebot3_description:/home/aakash/turtlebot3_ws/install/turtlebot3_cartographer:/home/aakash/turtlebot3_ws/install/hls_lfcd_lds_driver:/home/aakash/turtlebot3_ws/install/dynamixel_sdk_examples:/home/aakash/turtlebot3_ws/install/dynamixel_sdk_custom_interfaces:/home/aakash/turtlebot3_ws/install/dynamixel_sdk:/home/aakash/bumperbot_ws/install/bumperbot_py_examples:/home/aakash/flytbase_ws/install/turtle_assignment:/home/aakash/flytbase/ros2_ws/install/uav_deconfliction:/home/aakash/simulation2_ws/install/services_pkg:/home/aakash/turtlebot3_ws/install/turtlebot3_teleop:/home/aakash/turtlebot3_ws/install/turtlebot3_example:/home/aakash/turtlebot3_ws/install/tb3_sim:/home/aakash/ros2practice/install/my_robot_controller:/home/aakash/practice_ws/install/my_robot_controller:/opt/ros/humble:/home/aakash/catkin_ws/devel:/home/aakash/summer_camp_ws/devel /usr/bin/cmake --build /home/aakash/bumperbot_ws/build/bumperbot_description -- -j12 -l12
[9.577s] DEBUG:colcon.colcon_core.event_handler.log_command:Invoking command in '/home/aakash/bumperbot_ws/build/bumperbot_description': CMAKE_PREFIX_PATH=/home/aakash/bumperbot_ws/install/bumperbot_msgs:/home/aakash/bumperbot_ws/install/bumperbot_firmware:/home/aakash/bumperbot_ws/install/bumperbot_description:/home/aakash/bumperbot_ws/install/bumperbot_cpp_examples:/home/aakash/bumperbot_ws/install/bumperbot_controller:/home/aakash/eyantra_ws/install/ur5_moveit:/home/aakash/eyantra_ws/install/ur_description:/home/aakash/eyantra_ws/install/realsense_gazebo_plugin:/home/aakash/eyantra_ws/install/pymoveit2:/home/aakash/eyantra_ws/install/linkattacher_msgs:/home/aakash/eyantra_ws/install/gazebo_ros2_control:/home/aakash/eyantra_ws/install/eyantra_warehouse:/home/aakash/eyantra_ws/install/ebot_nav2:/home/aakash/eyantra_ws/install/ebot_description:/home/aakash/eyantra_ws/install/ebot_docking:/home/aakash/eyantra_ws/install/aws_robomaker_small_warehouse_world:/home/aakash/intelligent_quads/ardu_ws/install/mavlink:/home/aakash/simulation2_ws/install/move_robot_as:/home/aakash/simulation2_ws/install/t3_action_msg:/home/aakash/simulation2_ws/install/ros2_mapping:/home/aakash/simulation2_ws/install/neo_simulation2:/home/aakash/neobotix_workspace/install/neo_srvs2:/home/aakash/neobotix_workspace/install/neo_simulation2:/home/aakash/neobotix_workspace/install/neo_nav2_bringup:/home/aakash/neobotix_workspace/install/neo_msgs2:/home/aakash/neobotix_workspace/install/neo_localization2:/home/aakash/neobotix_workspace/install/neo_local_planner2:/home/aakash/neobotix_workspace/install/neo_common2:/home/aakash/turtlebot3_ws/install/turtlebot3:/home/aakash/turtlebot3_ws/install/turtlebot3_simulations:/home/aakash/turtlebot3_ws/install/turtlebot3_bringup:/home/aakash/turtlebot3_ws/install/turtlebot3_node:/home/aakash/turtlebot3_ws/install/turtlebot3_navigation2:/home/aakash/turtlebot3_ws/install/turtlebot3_fake_node:/home/aakash/turtlebot3_ws/install/turtlebot3_msgs:/home/aakash/turtlebot3_ws/install/turtlebot3_gazebo:/home/aakash/turtlebot3_ws/install/turtlebot3_description:/home/aakash/turtlebot3_ws/install/turtlebot3_cartographer:/home/aakash/turtlebot3_ws/install/hls_lfcd_lds_driver:/home/aakash/turtlebot3_ws/install/dynamixel_sdk_examples:/home/aakash/turtlebot3_ws/install/dynamixel_sdk_custom_interfaces:/home/aakash/turtlebot3_ws/install/dynamixel_sdk:/home/aakash/bumperbot_ws/install/bumperbot_py_examples:/home/aakash/flytbase_ws/install/turtle_assignment:/home/aakash/flytbase/ros2_ws/install/uav_deconfliction:/home/aakash/simulation2_ws/install/services_pkg:/home/aakash/turtlebot3_ws/install/turtlebot3_teleop:/home/aakash/turtlebot3_ws/install/turtlebot3_example:/home/aakash/turtlebot3_ws/install/tb3_sim:/home/aakash/ros2practice/install/my_robot_controller:/home/aakash/practice_ws/install/my_robot_controller:/opt/ros/humble:/home/aakash/catkin_ws/devel:/home/aakash/summer_camp_ws/devel /usr/bin/cmake --install /home/aakash/bumperbot_ws/build/bumperbot_description
[9.708s] Level 1:colcon.colcon_core.environment:create_environment_scripts_only(bumperbot_description)
[9.710s] DEBUG:colcon.colcon_core.event_handler.log_command:Invoked command in '/home/aakash/bumperbot_ws/build/bumperbot_description' returned '0': CMAKE_PREFIX_PATH=/home/aakash/bumperbot_ws/install/bumperbot_msgs:/home/aakash/bumperbot_ws/install/bumperbot_firmware:/home/aakash/bumperbot_ws/install/bumperbot_description:/home/aakash/bumperbot_ws/install/bumperbot_cpp_examples:/home/aakash/bumperbot_ws/install/bumperbot_controller:/home/aakash/eyantra_ws/install/ur5_moveit:/home/aakash/eyantra_ws/install/ur_description:/home/aakash/eyantra_ws/install/realsense_gazebo_plugin:/home/aakash/eyantra_ws/install/pymoveit2:/home/aakash/eyantra_ws/install/linkattacher_msgs:/home/aakash/eyantra_ws/install/gazebo_ros2_control:/home/aakash/eyantra_ws/install/eyantra_warehouse:/home/aakash/eyantra_ws/install/ebot_nav2:/home/aakash/eyantra_ws/install/ebot_description:/home/aakash/eyantra_ws/install/ebot_docking:/home/aakash/eyantra_ws/install/aws_robomaker_small_warehouse_world:/home/aakash/intelligent_quads/ardu_ws/install/mavlink:/home/aakash/simulation2_ws/install/move_robot_as:/home/aakash/simulation2_ws/install/t3_action_msg:/home/aakash/simulation2_ws/install/ros2_mapping:/home/aakash/simulation2_ws/install/neo_simulation2:/home/aakash/neobotix_workspace/install/neo_srvs2:/home/aakash/neobotix_workspace/install/neo_simulation2:/home/aakash/neobotix_workspace/install/neo_nav2_bringup:/home/aakash/neobotix_workspace/install/neo_msgs2:/home/aakash/neobotix_workspace/install/neo_localization2:/home/aakash/neobotix_workspace/install/neo_local_planner2:/home/aakash/neobotix_workspace/install/neo_common2:/home/aakash/turtlebot3_ws/install/turtlebot3:/home/aakash/turtlebot3_ws/install/turtlebot3_simulations:/home/aakash/turtlebot3_ws/install/turtlebot3_bringup:/home/aakash/turtlebot3_ws/install/turtlebot3_node:/home/aakash/turtlebot3_ws/install/turtlebot3_navigation2:/home/aakash/turtlebot3_ws/install/turtlebot3_fake_node:/home/aakash/turtlebot3_ws/install/turtlebot3_msgs:/home/aakash/turtlebot3_ws/install/turtlebot3_gazebo:/home/aakash/turtlebot3_ws/install/turtlebot3_description:/home/aakash/turtlebot3_ws/install/turtlebot3_cartographer:/home/aakash/turtlebot3_ws/install/hls_lfcd_lds_driver:/home/aakash/turtlebot3_ws/install/dynamixel_sdk_examples:/home/aakash/turtlebot3_ws/install/dynamixel_sdk_custom_interfaces:/home/aakash/turtlebot3_ws/install/dynamixel_sdk:/home/aakash/bumperbot_ws/install/bumperbot_py_examples:/home/aakash/flytbase_ws/install/turtle_assignment:/home/aakash/flytbase/ros2_ws/install/uav_deconfliction:/home/aakash/simulation2_ws/install/services_pkg:/home/aakash/turtlebot3_ws/install/turtlebot3_teleop:/home/aakash/turtlebot3_ws/install/turtlebot3_example:/home/aakash/turtlebot3_ws/install/tb3_sim:/home/aakash/ros2practice/install/my_robot_controller:/home/aakash/practice_ws/install/my_robot_controller:/opt/ros/humble:/home/aakash/catkin_ws/devel:/home/aakash/summer_camp_ws/devel /usr/bin/cmake --install /home/aakash/bumperbot_ws/build/bumperbot_description
[10.223s] Level 1:colcon.colcon_core.environment:checking '/home/aakash/bumperbot_ws/install/bumperbot_description' for CMake module files
[10.224s] Level 1:colcon.colcon_core.environment:checking '/home/aakash/bumperbot_ws/install/bumperbot_description' for CMake config files
[10.239s] Level 1:colcon.colcon_core.shell:create_environment_hook('bumperbot_description', 'cmake_prefix_path')
[10.240s] INFO:colcon.colcon_core.shell:Creating environment hook '/home/aakash/bumperbot_ws/install/bumperbot_description/share/bumperbot_description/hook/cmake_prefix_path.ps1'
[10.241s] INFO:colcon.colcon_core.shell:Creating environment descriptor '/home/aakash/bumperbot_ws/install/bumperbot_description/share/bumperbot_description/hook/cmake_prefix_path.dsv'
[10.242s] INFO:colcon.colcon_core.shell:Creating environment hook '/home/aakash/bumperbot_ws/install/bumperbot_description/share/bumperbot_description/hook/cmake_prefix_path.sh'
[10.243s] Level 1:colcon.colcon_core.environment:checking '/home/aakash/bumperbot_ws/install/bumperbot_description/bin'
[10.244s] Level 1:colcon.colcon_core.environment:checking '/home/aakash/bumperbot_ws/install/bumperbot_description/lib/pkgconfig/bumperbot_description.pc'
[10.244s] Level 1:colcon.colcon_core.environment:checking '/home/aakash/bumperbot_ws/install/bumperbot_description/lib/python3.10/site-packages'
[10.245s] Level 1:colcon.colcon_core.environment:checking '/home/aakash/bumperbot_ws/install/bumperbot_description/bin'
[10.245s] INFO:colcon.colcon_core.shell:Creating package script '/home/aakash/bumperbot_ws/install/bumperbot_description/share/bumperbot_description/package.ps1'
[10.287s] INFO:colcon.colcon_core.shell:Creating package descriptor '/home/aakash/bumperbot_ws/install/bumperbot_description/share/bumperbot_description/package.dsv'
[10.334s] INFO:colcon.colcon_core.shell:Creating package script '/home/aakash/bumperbot_ws/install/bumperbot_description/share/bumperbot_description/package.sh'
[10.346s] INFO:colcon.colcon_core.shell:Creating package script '/home/aakash/bumperbot_ws/install/bumperbot_description/share/bumperbot_description/package.bash'
[10.416s] INFO:colcon.colcon_core.shell:Creating package script '/home/aakash/bumperbot_ws/install/bumperbot_description/share/bumperbot_description/package.zsh'
[10.452s] Level 1:colcon.colcon_core.environment:create_file_with_runtime_dependencies(/home/aakash/bumperbot_ws/install/bumperbot_description/share/colcon-core/packages/bumperbot_description)
[10.453s] Level 1:colcon.colcon_core.environment:create_environment_scripts_only(bumperbot_description)
[10.453s] Level 1:colcon.colcon_core.environment:checking '/home/aakash/bumperbot_ws/install/bumperbot_description' for CMake module files
[10.455s] Level 1:colcon.colcon_core.environment:checking '/home/aakash/bumperbot_ws/install/bumperbot_description' for CMake config files
[10.455s] Level 1:colcon.colcon_core.shell:create_environment_hook('bumperbot_description', 'cmake_prefix_path')
[10.455s] INFO:colcon.colcon_core.shell:Creating environment hook '/home/aakash/bumperbot_ws/install/bumperbot_description/share/bumperbot_description/hook/cmake_prefix_path.ps1'
[10.456s] INFO:colcon.colcon_core.shell:Creating environment descriptor '/home/aakash/bumperbot_ws/install/bumperbot_description/share/bumperbot_description/hook/cmake_prefix_path.dsv'
[10.457s] INFO:colcon.colcon_core.shell:Creating environment hook '/home/aakash/bumperbot_ws/install/bumperbot_description/share/bumperbot_description/hook/cmake_prefix_path.sh'
[10.458s] Level 1:colcon.colcon_core.environment:checking '/home/aakash/bumperbot_ws/install/bumperbot_description/bin'
[10.458s] Level 1:colcon.colcon_core.environment:checking '/home/aakash/bumperbot_ws/install/bumperbot_description/lib/pkgconfig/bumperbot_description.pc'
[10.458s] Level 1:colcon.colcon_core.environment:checking '/home/aakash/bumperbot_ws/install/bumperbot_description/lib/python3.10/site-packages'
[10.458s] Level 1:colcon.colcon_core.environment:checking '/home/aakash/bumperbot_ws/install/bumperbot_description/bin'
[10.459s] INFO:colcon.colcon_core.shell:Creating package script '/home/aakash/bumperbot_ws/install/bumperbot_description/share/bumperbot_description/package.ps1'
[10.459s] INFO:colcon.colcon_core.shell:Creating package descriptor '/home/aakash/bumperbot_ws/install/bumperbot_description/share/bumperbot_description/package.dsv'
[10.477s] INFO:colcon.colcon_core.shell:Creating package script '/home/aakash/bumperbot_ws/install/bumperbot_description/share/bumperbot_description/package.sh'
[10.478s] INFO:colcon.colcon_core.shell:Creating package script '/home/aakash/bumperbot_ws/install/bumperbot_description/share/bumperbot_description/package.bash'
[10.479s] INFO:colcon.colcon_core.shell:Creating package script '/home/aakash/bumperbot_ws/install/bumperbot_description/share/bumperbot_description/package.zsh'
[10.480s] Level 1:colcon.colcon_core.environment:create_file_with_runtime_dependencies(/home/aakash/bumperbot_ws/install/bumperbot_description/share/colcon-core/packages/bumperbot_description)
[10.483s] Level 1:colcon.colcon_core.environment:create_environment_scripts_only(bumperbot_msgs)
[10.484s] Level 1:colcon.colcon_core.environment:checking '/home/aakash/bumperbot_ws/install/bumperbot_msgs' for CMake module files
[10.485s] DEBUG:colcon.colcon_core.event_handler.log_command:Invoked command in '/home/aakash/bumperbot_ws/build/bumperbot_msgs' returned '0': CMAKE_PREFIX_PATH=/home/aakash/bumperbot_ws/install/bumperbot_msgs:/home/aakash/bumperbot_ws/install/bumperbot_firmware:/home/aakash/bumperbot_ws/install/bumperbot_description:/home/aakash/bumperbot_ws/install/bumperbot_cpp_examples:/home/aakash/bumperbot_ws/install/bumperbot_controller:/home/aakash/eyantra_ws/install/ur5_moveit:/home/aakash/eyantra_ws/install/ur_description:/home/aakash/eyantra_ws/install/realsense_gazebo_plugin:/home/aakash/eyantra_ws/install/pymoveit2:/home/aakash/eyantra_ws/install/linkattacher_msgs:/home/aakash/eyantra_ws/install/gazebo_ros2_control:/home/aakash/eyantra_ws/install/eyantra_warehouse:/home/aakash/eyantra_ws/install/ebot_nav2:/home/aakash/eyantra_ws/install/ebot_description:/home/aakash/eyantra_ws/install/ebot_docking:/home/aakash/eyantra_ws/install/aws_robomaker_small_warehouse_world:/home/aakash/intelligent_quads/ardu_ws/install/mavlink:/home/aakash/simulation2_ws/install/move_robot_as:/home/aakash/simulation2_ws/install/t3_action_msg:/home/aakash/simulation2_ws/install/ros2_mapping:/home/aakash/simulation2_ws/install/neo_simulation2:/home/aakash/neobotix_workspace/install/neo_srvs2:/home/aakash/neobotix_workspace/install/neo_simulation2:/home/aakash/neobotix_workspace/install/neo_nav2_bringup:/home/aakash/neobotix_workspace/install/neo_msgs2:/home/aakash/neobotix_workspace/install/neo_localization2:/home/aakash/neobotix_workspace/install/neo_local_planner2:/home/aakash/neobotix_workspace/install/neo_common2:/home/aakash/turtlebot3_ws/install/turtlebot3:/home/aakash/turtlebot3_ws/install/turtlebot3_simulations:/home/aakash/turtlebot3_ws/install/turtlebot3_bringup:/home/aakash/turtlebot3_ws/install/turtlebot3_node:/home/aakash/turtlebot3_ws/install/turtlebot3_navigation2:/home/aakash/turtlebot3_ws/install/turtlebot3_fake_node:/home/aakash/turtlebot3_ws/install/turtlebot3_msgs:/home/aakash/turtlebot3_ws/install/turtlebot3_gazebo:/home/aakash/turtlebot3_ws/install/turtlebot3_description:/home/aakash/turtlebot3_ws/install/turtlebot3_cartographer:/home/aakash/turtlebot3_ws/install/hls_lfcd_lds_driver:/home/aakash/turtlebot3_ws/install/dynamixel_sdk_examples:/home/aakash/turtlebot3_ws/install/dynamixel_sdk_custom_interfaces:/home/aakash/turtlebot3_ws/install/dynamixel_sdk:/home/aakash/bumperbot_ws/install/bumperbot_py_examples:/home/aakash/flytbase_ws/install/turtle_assignment:/home/aakash/flytbase/ros2_ws/install/uav_deconfliction:/home/aakash/simulation2_ws/install/services_pkg:/home/aakash/turtlebot3_ws/install/turtlebot3_teleop:/home/aakash/turtlebot3_ws/install/turtlebot3_example:/home/aakash/turtlebot3_ws/install/tb3_sim:/home/aakash/ros2practice/install/my_robot_controller:/home/aakash/practice_ws/install/my_robot_controller:/opt/ros/humble:/home/aakash/catkin_ws/devel:/home/aakash/summer_camp_ws/devel /usr/bin/cmake --install /home/aakash/bumperbot_ws/build/bumperbot_msgs
[10.486s] Level 1:colcon.colcon_core.environment:checking '/home/aakash/bumperbot_ws/install/bumperbot_msgs' for CMake config files
[10.492s] Level 1:colcon.colcon_core.shell:create_environment_hook('bumperbot_msgs', 'cmake_prefix_path')
[10.493s] INFO:colcon.colcon_core.shell:Creating environment hook '/home/aakash/bumperbot_ws/install/bumperbot_msgs/share/bumperbot_msgs/hook/cmake_prefix_path.ps1'
[10.495s] INFO:colcon.colcon_core.shell:Creating environment descriptor '/home/aakash/bumperbot_ws/install/bumperbot_msgs/share/bumperbot_msgs/hook/cmake_prefix_path.dsv'
[10.497s] INFO:colcon.colcon_core.shell:Creating environment hook '/home/aakash/bumperbot_ws/install/bumperbot_msgs/share/bumperbot_msgs/hook/cmake_prefix_path.sh'
[10.499s] Level 1:colcon.colcon_core.environment:checking '/home/aakash/bumperbot_ws/install/bumperbot_msgs/bin'
[10.499s] Level 1:colcon.colcon_core.environment:checking '/home/aakash/bumperbot_ws/install/bumperbot_msgs/lib/pkgconfig/bumperbot_msgs.pc'
[10.499s] Level 1:colcon.colcon_core.environment:checking '/home/aakash/bumperbot_ws/install/bumperbot_msgs/lib/python3.10/site-packages'
[10.500s] Level 1:colcon.colcon_core.environment:checking '/home/aakash/bumperbot_ws/install/bumperbot_msgs/bin'
[10.501s] INFO:colcon.colcon_core.shell:Creating package script '/home/aakash/bumperbot_ws/install/bumperbot_msgs/share/bumperbot_msgs/package.ps1'
[10.502s] INFO:colcon.colcon_core.shell:Creating package descriptor '/home/aakash/bumperbot_ws/install/bumperbot_msgs/share/bumperbot_msgs/package.dsv'
[10.502s] INFO:colcon.colcon_core.shell:Creating package script '/home/aakash/bumperbot_ws/install/bumperbot_msgs/share/bumperbot_msgs/package.sh'
[10.503s] INFO:colcon.colcon_core.shell:Creating package script '/home/aakash/bumperbot_ws/install/bumperbot_msgs/share/bumperbot_msgs/package.bash'
[10.504s] INFO:colcon.colcon_core.shell:Creating package script '/home/aakash/bumperbot_ws/install/bumperbot_msgs/share/bumperbot_msgs/package.zsh'
[10.523s] Level 1:colcon.colcon_core.environment:create_file_with_runtime_dependencies(/home/aakash/bumperbot_ws/install/bumperbot_msgs/share/colcon-core/packages/bumperbot_msgs)
[10.524s] Level 1:colcon.colcon_core.environment:create_environment_scripts_only(bumperbot_msgs)
[10.525s] Level 1:colcon.colcon_core.environment:checking '/home/aakash/bumperbot_ws/install/bumperbot_msgs' for CMake module files
[10.526s] Level 1:colcon.colcon_core.environment:checking '/home/aakash/bumperbot_ws/install/bumperbot_msgs' for CMake config files
[10.526s] Level 1:colcon.colcon_core.shell:create_environment_hook('bumperbot_msgs', 'cmake_prefix_path')
[10.527s] INFO:colcon.colcon_core.shell:Creating environment hook '/home/aakash/bumperbot_ws/install/bumperbot_msgs/share/bumperbot_msgs/hook/cmake_prefix_path.ps1'
[10.528s] INFO:colcon.colcon_core.shell:Creating environment descriptor '/home/aakash/bumperbot_ws/install/bumperbot_msgs/share/bumperbot_msgs/hook/cmake_prefix_path.dsv'
[10.528s] INFO:colcon.colcon_core.shell:Creating environment hook '/home/aakash/bumperbot_ws/install/bumperbot_msgs/share/bumperbot_msgs/hook/cmake_prefix_path.sh'
[10.530s] Level 1:colcon.colcon_core.environment:checking '/home/aakash/bumperbot_ws/install/bumperbot_msgs/bin'
[10.530s] Level 1:colcon.colcon_core.environment:checking '/home/aakash/bumperbot_ws/install/bumperbot_msgs/lib/pkgconfig/bumperbot_msgs.pc'
[10.530s] Level 1:colcon.colcon_core.environment:checking '/home/aakash/bumperbot_ws/install/bumperbot_msgs/lib/python3.10/site-packages'
[10.531s] Level 1:colcon.colcon_core.environment:checking '/home/aakash/bumperbot_ws/install/bumperbot_msgs/bin'
[10.531s] INFO:colcon.colcon_core.shell:Creating package script '/home/aakash/bumperbot_ws/install/bumperbot_msgs/share/bumperbot_msgs/package.ps1'
[10.532s] INFO:colcon.colcon_core.shell:Creating package descriptor '/home/aakash/bumperbot_ws/install/bumperbot_msgs/share/bumperbot_msgs/package.dsv'
[10.533s] INFO:colcon.colcon_core.shell:Creating package script '/home/aakash/bumperbot_ws/install/bumperbot_msgs/share/bumperbot_msgs/package.sh'
[10.534s] INFO:colcon.colcon_core.shell:Creating package script '/home/aakash/bumperbot_ws/install/bumperbot_msgs/share/bumperbot_msgs/package.bash'
[10.551s] INFO:colcon.colcon_core.shell:Creating package script '/home/aakash/bumperbot_ws/install/bumperbot_msgs/share/bumperbot_msgs/package.zsh'
[10.552s] Level 1:colcon.colcon_core.environment:create_file_with_runtime_dependencies(/home/aakash/bumperbot_ws/install/bumperbot_msgs/share/colcon-core/packages/bumperbot_msgs)
[10.554s] DEBUG:colcon.colcon_core.event_handler.log_command:Invoked command in '/home/aakash/bumperbot_ws/build/bumperbot_controller' returned '0': CMAKE_PREFIX_PATH=/home/aakash/bumperbot_ws/install/bumperbot_msgs:/home/aakash/bumperbot_ws/install/bumperbot_firmware:/home/aakash/bumperbot_ws/install/bumperbot_description:/home/aakash/bumperbot_ws/install/bumperbot_cpp_examples:/home/aakash/bumperbot_ws/install/bumperbot_controller:/home/aakash/eyantra_ws/install/ur5_moveit:/home/aakash/eyantra_ws/install/ur_description:/home/aakash/eyantra_ws/install/realsense_gazebo_plugin:/home/aakash/eyantra_ws/install/pymoveit2:/home/aakash/eyantra_ws/install/linkattacher_msgs:/home/aakash/eyantra_ws/install/gazebo_ros2_control:/home/aakash/eyantra_ws/install/eyantra_warehouse:/home/aakash/eyantra_ws/install/ebot_nav2:/home/aakash/eyantra_ws/install/ebot_description:/home/aakash/eyantra_ws/install/ebot_docking:/home/aakash/eyantra_ws/install/aws_robomaker_small_warehouse_world:/home/aakash/intelligent_quads/ardu_ws/install/mavlink:/home/aakash/simulation2_ws/install/move_robot_as:/home/aakash/simulation2_ws/install/t3_action_msg:/home/aakash/simulation2_ws/install/ros2_mapping:/home/aakash/simulation2_ws/install/neo_simulation2:/home/aakash/neobotix_workspace/install/neo_srvs2:/home/aakash/neobotix_workspace/install/neo_simulation2:/home/aakash/neobotix_workspace/install/neo_nav2_bringup:/home/aakash/neobotix_workspace/install/neo_msgs2:/home/aakash/neobotix_workspace/install/neo_localization2:/home/aakash/neobotix_workspace/install/neo_local_planner2:/home/aakash/neobotix_workspace/install/neo_common2:/home/aakash/turtlebot3_ws/install/turtlebot3:/home/aakash/turtlebot3_ws/install/turtlebot3_simulations:/home/aakash/turtlebot3_ws/install/turtlebot3_bringup:/home/aakash/turtlebot3_ws/install/turtlebot3_node:/home/aakash/turtlebot3_ws/install/turtlebot3_navigation2:/home/aakash/turtlebot3_ws/install/turtlebot3_fake_node:/home/aakash/turtlebot3_ws/install/turtlebot3_msgs:/home/aakash/turtlebot3_ws/install/turtlebot3_gazebo:/home/aakash/turtlebot3_ws/install/turtlebot3_description:/home/aakash/turtlebot3_ws/install/turtlebot3_cartographer:/home/aakash/turtlebot3_ws/install/hls_lfcd_lds_driver:/home/aakash/turtlebot3_ws/install/dynamixel_sdk_examples:/home/aakash/turtlebot3_ws/install/dynamixel_sdk_custom_interfaces:/home/aakash/turtlebot3_ws/install/dynamixel_sdk:/home/aakash/bumperbot_ws/install/bumperbot_py_examples:/home/aakash/flytbase_ws/install/turtle_assignment:/home/aakash/flytbase/ros2_ws/install/uav_deconfliction:/home/aakash/simulation2_ws/install/services_pkg:/home/aakash/turtlebot3_ws/install/turtlebot3_teleop:/home/aakash/turtlebot3_ws/install/turtlebot3_example:/home/aakash/turtlebot3_ws/install/tb3_sim:/home/aakash/ros2practice/install/my_robot_controller:/home/aakash/practice_ws/install/my_robot_controller:/opt/ros/humble:/home/aakash/catkin_ws/devel:/home/aakash/summer_camp_ws/devel /usr/bin/cmake --build /home/aakash/bumperbot_ws/build/bumperbot_controller -- -j12 -l12
[10.613s] DEBUG:colcon.colcon_core.event_handler.log_command:Invoking command in '/home/aakash/bumperbot_ws/build/bumperbot_controller': CMAKE_PREFIX_PATH=/home/aakash/bumperbot_ws/install/bumperbot_msgs:/home/aakash/bumperbot_ws/install/bumperbot_firmware:/home/aakash/bumperbot_ws/install/bumperbot_description:/home/aakash/bumperbot_ws/install/bumperbot_cpp_examples:/home/aakash/bumperbot_ws/install/bumperbot_controller:/home/aakash/eyantra_ws/install/ur5_moveit:/home/aakash/eyantra_ws/install/ur_description:/home/aakash/eyantra_ws/install/realsense_gazebo_plugin:/home/aakash/eyantra_ws/install/pymoveit2:/home/aakash/eyantra_ws/install/linkattacher_msgs:/home/aakash/eyantra_ws/install/gazebo_ros2_control:/home/aakash/eyantra_ws/install/eyantra_warehouse:/home/aakash/eyantra_ws/install/ebot_nav2:/home/aakash/eyantra_ws/install/ebot_description:/home/aakash/eyantra_ws/install/ebot_docking:/home/aakash/eyantra_ws/install/aws_robomaker_small_warehouse_world:/home/aakash/intelligent_quads/ardu_ws/install/mavlink:/home/aakash/simulation2_ws/install/move_robot_as:/home/aakash/simulation2_ws/install/t3_action_msg:/home/aakash/simulation2_ws/install/ros2_mapping:/home/aakash/simulation2_ws/install/neo_simulation2:/home/aakash/neobotix_workspace/install/neo_srvs2:/home/aakash/neobotix_workspace/install/neo_simulation2:/home/aakash/neobotix_workspace/install/neo_nav2_bringup:/home/aakash/neobotix_workspace/install/neo_msgs2:/home/aakash/neobotix_workspace/install/neo_localization2:/home/aakash/neobotix_workspace/install/neo_local_planner2:/home/aakash/neobotix_workspace/install/neo_common2:/home/aakash/turtlebot3_ws/install/turtlebot3:/home/aakash/turtlebot3_ws/install/turtlebot3_simulations:/home/aakash/turtlebot3_ws/install/turtlebot3_bringup:/home/aakash/turtlebot3_ws/install/turtlebot3_node:/home/aakash/turtlebot3_ws/install/turtlebot3_navigation2:/home/aakash/turtlebot3_ws/install/turtlebot3_fake_node:/home/aakash/turtlebot3_ws/install/turtlebot3_msgs:/home/aakash/turtlebot3_ws/install/turtlebot3_gazebo:/home/aakash/turtlebot3_ws/install/turtlebot3_description:/home/aakash/turtlebot3_ws/install/turtlebot3_cartographer:/home/aakash/turtlebot3_ws/install/hls_lfcd_lds_driver:/home/aakash/turtlebot3_ws/install/dynamixel_sdk_examples:/home/aakash/turtlebot3_ws/install/dynamixel_sdk_custom_interfaces:/home/aakash/turtlebot3_ws/install/dynamixel_sdk:/home/aakash/bumperbot_ws/install/bumperbot_py_examples:/home/aakash/flytbase_ws/install/turtle_assignment:/home/aakash/flytbase/ros2_ws/install/uav_deconfliction:/home/aakash/simulation2_ws/install/services_pkg:/home/aakash/turtlebot3_ws/install/turtlebot3_teleop:/home/aakash/turtlebot3_ws/install/turtlebot3_example:/home/aakash/turtlebot3_ws/install/tb3_sim:/home/aakash/ros2practice/install/my_robot_controller:/home/aakash/practice_ws/install/my_robot_controller:/opt/ros/humble:/home/aakash/catkin_ws/devel:/home/aakash/summer_camp_ws/devel /usr/bin/cmake --install /home/aakash/bumperbot_ws/build/bumperbot_controller
[10.964s] Level 1:colcon.colcon_core.environment:create_environment_scripts_only(bumperbot_controller)
[10.965s] Level 1:colcon.colcon_core.environment:checking '/home/aakash/bumperbot_ws/install/bumperbot_controller' for CMake module files
[10.966s] DEBUG:colcon.colcon_core.event_handler.log_command:Invoked command in '/home/aakash/bumperbot_ws/build/bumperbot_controller' returned '0': CMAKE_PREFIX_PATH=/home/aakash/bumperbot_ws/install/bumperbot_msgs:/home/aakash/bumperbot_ws/install/bumperbot_firmware:/home/aakash/bumperbot_ws/install/bumperbot_description:/home/aakash/bumperbot_ws/install/bumperbot_cpp_examples:/home/aakash/bumperbot_ws/install/bumperbot_controller:/home/aakash/eyantra_ws/install/ur5_moveit:/home/aakash/eyantra_ws/install/ur_description:/home/aakash/eyantra_ws/install/realsense_gazebo_plugin:/home/aakash/eyantra_ws/install/pymoveit2:/home/aakash/eyantra_ws/install/linkattacher_msgs:/home/aakash/eyantra_ws/install/gazebo_ros2_control:/home/aakash/eyantra_ws/install/eyantra_warehouse:/home/aakash/eyantra_ws/install/ebot_nav2:/home/aakash/eyantra_ws/install/ebot_description:/home/aakash/eyantra_ws/install/ebot_docking:/home/aakash/eyantra_ws/install/aws_robomaker_small_warehouse_world:/home/aakash/intelligent_quads/ardu_ws/install/mavlink:/home/aakash/simulation2_ws/install/move_robot_as:/home/aakash/simulation2_ws/install/t3_action_msg:/home/aakash/simulation2_ws/install/ros2_mapping:/home/aakash/simulation2_ws/install/neo_simulation2:/home/aakash/neobotix_workspace/install/neo_srvs2:/home/aakash/neobotix_workspace/install/neo_simulation2:/home/aakash/neobotix_workspace/install/neo_nav2_bringup:/home/aakash/neobotix_workspace/install/neo_msgs2:/home/aakash/neobotix_workspace/install/neo_localization2:/home/aakash/neobotix_workspace/install/neo_local_planner2:/home/aakash/neobotix_workspace/install/neo_common2:/home/aakash/turtlebot3_ws/install/turtlebot3:/home/aakash/turtlebot3_ws/install/turtlebot3_simulations:/home/aakash/turtlebot3_ws/install/turtlebot3_bringup:/home/aakash/turtlebot3_ws/install/turtlebot3_node:/home/aakash/turtlebot3_ws/install/turtlebot3_navigation2:/home/aakash/turtlebot3_ws/install/turtlebot3_fake_node:/home/aakash/turtlebot3_ws/install/turtlebot3_msgs:/home/aakash/turtlebot3_ws/install/turtlebot3_gazebo:/home/aakash/turtlebot3_ws/install/turtlebot3_description:/home/aakash/turtlebot3_ws/install/turtlebot3_cartographer:/home/aakash/turtlebot3_ws/install/hls_lfcd_lds_driver:/home/aakash/turtlebot3_ws/install/dynamixel_sdk_examples:/home/aakash/turtlebot3_ws/install/dynamixel_sdk_custom_interfaces:/home/aakash/turtlebot3_ws/install/dynamixel_sdk:/home/aakash/bumperbot_ws/install/bumperbot_py_examples:/home/aakash/flytbase_ws/install/turtle_assignment:/home/aakash/flytbase/ros2_ws/install/uav_deconfliction:/home/aakash/simulation2_ws/install/services_pkg:/home/aakash/turtlebot3_ws/install/turtlebot3_teleop:/home/aakash/turtlebot3_ws/install/turtlebot3_example:/home/aakash/turtlebot3_ws/install/tb3_sim:/home/aakash/ros2practice/install/my_robot_controller:/home/aakash/practice_ws/install/my_robot_controller:/opt/ros/humble:/home/aakash/catkin_ws/devel:/home/aakash/summer_camp_ws/devel /usr/bin/cmake --install /home/aakash/bumperbot_ws/build/bumperbot_controller
[10.967s] Level 1:colcon.colcon_core.environment:checking '/home/aakash/bumperbot_ws/install/bumperbot_controller' for CMake config files
[10.968s] Level 1:colcon.colcon_core.shell:create_environment_hook('bumperbot_controller', 'cmake_prefix_path')
[10.968s] INFO:colcon.colcon_core.shell:Creating environment hook '/home/aakash/bumperbot_ws/install/bumperbot_controller/share/bumperbot_controller/hook/cmake_prefix_path.ps1'
[10.970s] INFO:colcon.colcon_core.shell:Creating environment descriptor '/home/aakash/bumperbot_ws/install/bumperbot_controller/share/bumperbot_controller/hook/cmake_prefix_path.dsv'
[10.971s] INFO:colcon.colcon_core.shell:Creating environment hook '/home/aakash/bumperbot_ws/install/bumperbot_controller/share/bumperbot_controller/hook/cmake_prefix_path.sh'
[10.972s] Level 1:colcon.colcon_core.environment:checking '/home/aakash/bumperbot_ws/install/bumperbot_controller/lib'
[10.972s] Level 1:colcon.colcon_core.environment:checking '/home/aakash/bumperbot_ws/install/bumperbot_controller/bin'
[10.973s] Level 1:colcon.colcon_core.environment:checking '/home/aakash/bumperbot_ws/install/bumperbot_controller/lib/pkgconfig/bumperbot_controller.pc'
[10.973s] Level 1:colcon.colcon_core.environment:checking '/home/aakash/bumperbot_ws/install/bumperbot_controller/lib/python3.10/site-packages'
[10.974s] Level 1:colcon.colcon_core.environment:checking '/home/aakash/bumperbot_ws/install/bumperbot_controller/bin'
[10.974s] INFO:colcon.colcon_core.shell:Creating package script '/home/aakash/bumperbot_ws/install/bumperbot_controller/share/bumperbot_controller/package.ps1'
[10.975s] INFO:colcon.colcon_core.shell:Creating package descriptor '/home/aakash/bumperbot_ws/install/bumperbot_controller/share/bumperbot_controller/package.dsv'
[10.976s] INFO:colcon.colcon_core.shell:Creating package script '/home/aakash/bumperbot_ws/install/bumperbot_controller/share/bumperbot_controller/package.sh'
[10.977s] INFO:colcon.colcon_core.shell:Creating package script '/home/aakash/bumperbot_ws/install/bumperbot_controller/share/bumperbot_controller/package.bash'
[10.978s] INFO:colcon.colcon_core.shell:Creating package script '/home/aakash/bumperbot_ws/install/bumperbot_controller/share/bumperbot_controller/package.zsh'
[10.979s] Level 1:colcon.colcon_core.environment:create_file_with_runtime_dependencies(/home/aakash/bumperbot_ws/install/bumperbot_controller/share/colcon-core/packages/bumperbot_controller)
[10.997s] Level 1:colcon.colcon_core.environment:create_environment_scripts_only(bumperbot_controller)
[10.997s] Level 1:colcon.colcon_core.environment:checking '/home/aakash/bumperbot_ws/install/bumperbot_controller' for CMake module files
[10.999s] Level 1:colcon.colcon_core.environment:checking '/home/aakash/bumperbot_ws/install/bumperbot_controller' for CMake config files
[10.999s] Level 1:colcon.colcon_core.shell:create_environment_hook('bumperbot_controller', 'cmake_prefix_path')
[10.999s] INFO:colcon.colcon_core.shell:Creating environment hook '/home/aakash/bumperbot_ws/install/bumperbot_controller/share/bumperbot_controller/hook/cmake_prefix_path.ps1'
[11.000s] INFO:colcon.colcon_core.shell:Creating environment descriptor '/home/aakash/bumperbot_ws/install/bumperbot_controller/share/bumperbot_controller/hook/cmake_prefix_path.dsv'
[11.001s] INFO:colcon.colcon_core.shell:Creating environment hook '/home/aakash/bumperbot_ws/install/bumperbot_controller/share/bumperbot_controller/hook/cmake_prefix_path.sh'
[11.002s] Level 1:colcon.colcon_core.environment:checking '/home/aakash/bumperbot_ws/install/bumperbot_controller/lib'
[11.003s] Level 1:colcon.colcon_core.environment:checking '/home/aakash/bumperbot_ws/install/bumperbot_controller/bin'
[11.003s] Level 1:colcon.colcon_core.environment:checking '/home/aakash/bumperbot_ws/install/bumperbot_controller/lib/pkgconfig/bumperbot_controller.pc'
[11.003s] Level 1:colcon.colcon_core.environment:checking '/home/aakash/bumperbot_ws/install/bumperbot_controller/lib/python3.10/site-packages'
[11.004s] Level 1:colcon.colcon_core.environment:checking '/home/aakash/bumperbot_ws/install/bumperbot_controller/bin'
[11.004s] INFO:colcon.colcon_core.shell:Creating package script '/home/aakash/bumperbot_ws/install/bumperbot_controller/share/bumperbot_controller/package.ps1'
[11.005s] INFO:colcon.colcon_core.shell:Creating package descriptor '/home/aakash/bumperbot_ws/install/bumperbot_controller/share/bumperbot_controller/package.dsv'
[11.006s] INFO:colcon.colcon_core.shell:Creating package script '/home/aakash/bumperbot_ws/install/bumperbot_controller/share/bumperbot_controller/package.sh'
[11.007s] INFO:colcon.colcon_core.shell:Creating package script '/home/aakash/bumperbot_ws/install/bumperbot_controller/share/bumperbot_controller/package.bash'
[11.009s] INFO:colcon.colcon_core.shell:Creating package script '/home/aakash/bumperbot_ws/install/bumperbot_controller/share/bumperbot_controller/package.zsh'
[11.010s] Level 1:colcon.colcon_core.environment:create_file_with_runtime_dependencies(/home/aakash/bumperbot_ws/install/bumperbot_controller/share/colcon-core/packages/bumperbot_controller)
[11.453s] DEBUG:colcon.colcon_core.event_handler.log_command:Invoked command in '/home/aakash/bumperbot_ws/build/bumperbot_cpp_examples' returned '0': CMAKE_PREFIX_PATH=/home/aakash/bumperbot_ws/install/bumperbot_msgs:/home/aakash/bumperbot_ws/install/bumperbot_firmware:/home/aakash/bumperbot_ws/install/bumperbot_description:/home/aakash/bumperbot_ws/install/bumperbot_cpp_examples:/home/aakash/bumperbot_ws/install/bumperbot_controller:/home/aakash/eyantra_ws/install/ur5_moveit:/home/aakash/eyantra_ws/install/ur_description:/home/aakash/eyantra_ws/install/realsense_gazebo_plugin:/home/aakash/eyantra_ws/install/pymoveit2:/home/aakash/eyantra_ws/install/linkattacher_msgs:/home/aakash/eyantra_ws/install/gazebo_ros2_control:/home/aakash/eyantra_ws/install/eyantra_warehouse:/home/aakash/eyantra_ws/install/ebot_nav2:/home/aakash/eyantra_ws/install/ebot_description:/home/aakash/eyantra_ws/install/ebot_docking:/home/aakash/eyantra_ws/install/aws_robomaker_small_warehouse_world:/home/aakash/intelligent_quads/ardu_ws/install/mavlink:/home/aakash/simulation2_ws/install/move_robot_as:/home/aakash/simulation2_ws/install/t3_action_msg:/home/aakash/simulation2_ws/install/ros2_mapping:/home/aakash/simulation2_ws/install/neo_simulation2:/home/aakash/neobotix_workspace/install/neo_srvs2:/home/aakash/neobotix_workspace/install/neo_simulation2:/home/aakash/neobotix_workspace/install/neo_nav2_bringup:/home/aakash/neobotix_workspace/install/neo_msgs2:/home/aakash/neobotix_workspace/install/neo_localization2:/home/aakash/neobotix_workspace/install/neo_local_planner2:/home/aakash/neobotix_workspace/install/neo_common2:/home/aakash/turtlebot3_ws/install/turtlebot3:/home/aakash/turtlebot3_ws/install/turtlebot3_simulations:/home/aakash/turtlebot3_ws/install/turtlebot3_bringup:/home/aakash/turtlebot3_ws/install/turtlebot3_node:/home/aakash/turtlebot3_ws/install/turtlebot3_navigation2:/home/aakash/turtlebot3_ws/install/turtlebot3_fake_node:/home/aakash/turtlebot3_ws/install/turtlebot3_msgs:/home/aakash/turtlebot3_ws/install/turtlebot3_gazebo:/home/aakash/turtlebot3_ws/install/turtlebot3_description:/home/aakash/turtlebot3_ws/install/turtlebot3_cartographer:/home/aakash/turtlebot3_ws/install/hls_lfcd_lds_driver:/home/aakash/turtlebot3_ws/install/dynamixel_sdk_examples:/home/aakash/turtlebot3_ws/install/dynamixel_sdk_custom_interfaces:/home/aakash/turtlebot3_ws/install/dynamixel_sdk:/home/aakash/bumperbot_ws/install/bumperbot_py_examples:/home/aakash/flytbase_ws/install/turtle_assignment:/home/aakash/flytbase/ros2_ws/install/uav_deconfliction:/home/aakash/simulation2_ws/install/services_pkg:/home/aakash/turtlebot3_ws/install/turtlebot3_teleop:/home/aakash/turtlebot3_ws/install/turtlebot3_example:/home/aakash/turtlebot3_ws/install/tb3_sim:/home/aakash/ros2practice/install/my_robot_controller:/home/aakash/practice_ws/install/my_robot_controller:/opt/ros/humble:/home/aakash/catkin_ws/devel:/home/aakash/summer_camp_ws/devel /usr/bin/cmake --build /home/aakash/bumperbot_ws/build/bumperbot_cpp_examples -- -j12 -l12
[11.535s] DEBUG:colcon.colcon_core.event_handler.log_command:Invoking command in '/home/aakash/bumperbot_ws/build/bumperbot_cpp_examples': CMAKE_PREFIX_PATH=/home/aakash/bumperbot_ws/install/bumperbot_msgs:/home/aakash/bumperbot_ws/install/bumperbot_firmware:/home/aakash/bumperbot_ws/install/bumperbot_description:/home/aakash/bumperbot_ws/install/bumperbot_cpp_examples:/home/aakash/bumperbot_ws/install/bumperbot_controller:/home/aakash/eyantra_ws/install/ur5_moveit:/home/aakash/eyantra_ws/install/ur_description:/home/aakash/eyantra_ws/install/realsense_gazebo_plugin:/home/aakash/eyantra_ws/install/pymoveit2:/home/aakash/eyantra_ws/install/linkattacher_msgs:/home/aakash/eyantra_ws/install/gazebo_ros2_control:/home/aakash/eyantra_ws/install/eyantra_warehouse:/home/aakash/eyantra_ws/install/ebot_nav2:/home/aakash/eyantra_ws/install/ebot_description:/home/aakash/eyantra_ws/install/ebot_docking:/home/aakash/eyantra_ws/install/aws_robomaker_small_warehouse_world:/home/aakash/intelligent_quads/ardu_ws/install/mavlink:/home/aakash/simulation2_ws/install/move_robot_as:/home/aakash/simulation2_ws/install/t3_action_msg:/home/aakash/simulation2_ws/install/ros2_mapping:/home/aakash/simulation2_ws/install/neo_simulation2:/home/aakash/neobotix_workspace/install/neo_srvs2:/home/aakash/neobotix_workspace/install/neo_simulation2:/home/aakash/neobotix_workspace/install/neo_nav2_bringup:/home/aakash/neobotix_workspace/install/neo_msgs2:/home/aakash/neobotix_workspace/install/neo_localization2:/home/aakash/neobotix_workspace/install/neo_local_planner2:/home/aakash/neobotix_workspace/install/neo_common2:/home/aakash/turtlebot3_ws/install/turtlebot3:/home/aakash/turtlebot3_ws/install/turtlebot3_simulations:/home/aakash/turtlebot3_ws/install/turtlebot3_bringup:/home/aakash/turtlebot3_ws/install/turtlebot3_node:/home/aakash/turtlebot3_ws/install/turtlebot3_navigation2:/home/aakash/turtlebot3_ws/install/turtlebot3_fake_node:/home/aakash/turtlebot3_ws/install/turtlebot3_msgs:/home/aakash/turtlebot3_ws/install/turtlebot3_gazebo:/home/aakash/turtlebot3_ws/install/turtlebot3_description:/home/aakash/turtlebot3_ws/install/turtlebot3_cartographer:/home/aakash/turtlebot3_ws/install/hls_lfcd_lds_driver:/home/aakash/turtlebot3_ws/install/dynamixel_sdk_examples:/home/aakash/turtlebot3_ws/install/dynamixel_sdk_custom_interfaces:/home/aakash/turtlebot3_ws/install/dynamixel_sdk:/home/aakash/bumperbot_ws/install/bumperbot_py_examples:/home/aakash/flytbase_ws/install/turtle_assignment:/home/aakash/flytbase/ros2_ws/install/uav_deconfliction:/home/aakash/simulation2_ws/install/services_pkg:/home/aakash/turtlebot3_ws/install/turtlebot3_teleop:/home/aakash/turtlebot3_ws/install/turtlebot3_example:/home/aakash/turtlebot3_ws/install/tb3_sim:/home/aakash/ros2practice/install/my_robot_controller:/home/aakash/practice_ws/install/my_robot_controller:/opt/ros/humble:/home/aakash/catkin_ws/devel:/home/aakash/summer_camp_ws/devel /usr/bin/cmake --install /home/aakash/bumperbot_ws/build/bumperbot_cpp_examples
[11.538s] DEBUG:colcon.colcon_core.event_handler.log_command:Invoked command in '/home/aakash/bumperbot_ws/build/bumperbot_firmware' returned '0': CMAKE_PREFIX_PATH=/home/aakash/bumperbot_ws/install/bumperbot_msgs:/home/aakash/bumperbot_ws/install/bumperbot_firmware:/home/aakash/bumperbot_ws/install/bumperbot_description:/home/aakash/bumperbot_ws/install/bumperbot_cpp_examples:/home/aakash/bumperbot_ws/install/bumperbot_controller:/home/aakash/eyantra_ws/install/ur5_moveit:/home/aakash/eyantra_ws/install/ur_description:/home/aakash/eyantra_ws/install/realsense_gazebo_plugin:/home/aakash/eyantra_ws/install/pymoveit2:/home/aakash/eyantra_ws/install/linkattacher_msgs:/home/aakash/eyantra_ws/install/gazebo_ros2_control:/home/aakash/eyantra_ws/install/eyantra_warehouse:/home/aakash/eyantra_ws/install/ebot_nav2:/home/aakash/eyantra_ws/install/ebot_description:/home/aakash/eyantra_ws/install/ebot_docking:/home/aakash/eyantra_ws/install/aws_robomaker_small_warehouse_world:/home/aakash/intelligent_quads/ardu_ws/install/mavlink:/home/aakash/simulation2_ws/install/move_robot_as:/home/aakash/simulation2_ws/install/t3_action_msg:/home/aakash/simulation2_ws/install/ros2_mapping:/home/aakash/simulation2_ws/install/neo_simulation2:/home/aakash/neobotix_workspace/install/neo_srvs2:/home/aakash/neobotix_workspace/install/neo_simulation2:/home/aakash/neobotix_workspace/install/neo_nav2_bringup:/home/aakash/neobotix_workspace/install/neo_msgs2:/home/aakash/neobotix_workspace/install/neo_localization2:/home/aakash/neobotix_workspace/install/neo_local_planner2:/home/aakash/neobotix_workspace/install/neo_common2:/home/aakash/turtlebot3_ws/install/turtlebot3:/home/aakash/turtlebot3_ws/install/turtlebot3_simulations:/home/aakash/turtlebot3_ws/install/turtlebot3_bringup:/home/aakash/turtlebot3_ws/install/turtlebot3_node:/home/aakash/turtlebot3_ws/install/turtlebot3_navigation2:/home/aakash/turtlebot3_ws/install/turtlebot3_fake_node:/home/aakash/turtlebot3_ws/install/turtlebot3_msgs:/home/aakash/turtlebot3_ws/install/turtlebot3_gazebo:/home/aakash/turtlebot3_ws/install/turtlebot3_description:/home/aakash/turtlebot3_ws/install/turtlebot3_cartographer:/home/aakash/turtlebot3_ws/install/hls_lfcd_lds_driver:/home/aakash/turtlebot3_ws/install/dynamixel_sdk_examples:/home/aakash/turtlebot3_ws/install/dynamixel_sdk_custom_interfaces:/home/aakash/turtlebot3_ws/install/dynamixel_sdk:/home/aakash/bumperbot_ws/install/bumperbot_py_examples:/home/aakash/flytbase_ws/install/turtle_assignment:/home/aakash/flytbase/ros2_ws/install/uav_deconfliction:/home/aakash/simulation2_ws/install/services_pkg:/home/aakash/turtlebot3_ws/install/turtlebot3_teleop:/home/aakash/turtlebot3_ws/install/turtlebot3_example:/home/aakash/turtlebot3_ws/install/tb3_sim:/home/aakash/ros2practice/install/my_robot_controller:/home/aakash/practice_ws/install/my_robot_controller:/opt/ros/humble:/home/aakash/catkin_ws/devel:/home/aakash/summer_camp_ws/devel /usr/bin/cmake --build /home/aakash/bumperbot_ws/build/bumperbot_firmware -- -j12 -l12
[11.661s] DEBUG:colcon.colcon_core.event_handler.log_command:Invoking command in '/home/aakash/bumperbot_ws/build/bumperbot_firmware': CMAKE_PREFIX_PATH=/home/aakash/bumperbot_ws/install/bumperbot_msgs:/home/aakash/bumperbot_ws/install/bumperbot_firmware:/home/aakash/bumperbot_ws/install/bumperbot_description:/home/aakash/bumperbot_ws/install/bumperbot_cpp_examples:/home/aakash/bumperbot_ws/install/bumperbot_controller:/home/aakash/eyantra_ws/install/ur5_moveit:/home/aakash/eyantra_ws/install/ur_description:/home/aakash/eyantra_ws/install/realsense_gazebo_plugin:/home/aakash/eyantra_ws/install/pymoveit2:/home/aakash/eyantra_ws/install/linkattacher_msgs:/home/aakash/eyantra_ws/install/gazebo_ros2_control:/home/aakash/eyantra_ws/install/eyantra_warehouse:/home/aakash/eyantra_ws/install/ebot_nav2:/home/aakash/eyantra_ws/install/ebot_description:/home/aakash/eyantra_ws/install/ebot_docking:/home/aakash/eyantra_ws/install/aws_robomaker_small_warehouse_world:/home/aakash/intelligent_quads/ardu_ws/install/mavlink:/home/aakash/simulation2_ws/install/move_robot_as:/home/aakash/simulation2_ws/install/t3_action_msg:/home/aakash/simulation2_ws/install/ros2_mapping:/home/aakash/simulation2_ws/install/neo_simulation2:/home/aakash/neobotix_workspace/install/neo_srvs2:/home/aakash/neobotix_workspace/install/neo_simulation2:/home/aakash/neobotix_workspace/install/neo_nav2_bringup:/home/aakash/neobotix_workspace/install/neo_msgs2:/home/aakash/neobotix_workspace/install/neo_localization2:/home/aakash/neobotix_workspace/install/neo_local_planner2:/home/aakash/neobotix_workspace/install/neo_common2:/home/aakash/turtlebot3_ws/install/turtlebot3:/home/aakash/turtlebot3_ws/install/turtlebot3_simulations:/home/aakash/turtlebot3_ws/install/turtlebot3_bringup:/home/aakash/turtlebot3_ws/install/turtlebot3_node:/home/aakash/turtlebot3_ws/install/turtlebot3_navigation2:/home/aakash/turtlebot3_ws/install/turtlebot3_fake_node:/home/aakash/turtlebot3_ws/install/turtlebot3_msgs:/home/aakash/turtlebot3_ws/install/turtlebot3_gazebo:/home/aakash/turtlebot3_ws/install/turtlebot3_description:/home/aakash/turtlebot3_ws/install/turtlebot3_cartographer:/home/aakash/turtlebot3_ws/install/hls_lfcd_lds_driver:/home/aakash/turtlebot3_ws/install/dynamixel_sdk_examples:/home/aakash/turtlebot3_ws/install/dynamixel_sdk_custom_interfaces:/home/aakash/turtlebot3_ws/install/dynamixel_sdk:/home/aakash/bumperbot_ws/install/bumperbot_py_examples:/home/aakash/flytbase_ws/install/turtle_assignment:/home/aakash/flytbase/ros2_ws/install/uav_deconfliction:/home/aakash/simulation2_ws/install/services_pkg:/home/aakash/turtlebot3_ws/install/turtlebot3_teleop:/home/aakash/turtlebot3_ws/install/turtlebot3_example:/home/aakash/turtlebot3_ws/install/tb3_sim:/home/aakash/ros2practice/install/my_robot_controller:/home/aakash/practice_ws/install/my_robot_controller:/opt/ros/humble:/home/aakash/catkin_ws/devel:/home/aakash/summer_camp_ws/devel /usr/bin/cmake --install /home/aakash/bumperbot_ws/build/bumperbot_firmware
[11.979s] Level 1:colcon.colcon_core.environment:create_environment_scripts_only(bumperbot_cpp_examples)
[11.980s] Level 1:colcon.colcon_core.environment:checking '/home/aakash/bumperbot_ws/install/bumperbot_cpp_examples' for CMake module files
[11.981s] DEBUG:colcon.colcon_core.event_handler.log_command:Invoked command in '/home/aakash/bumperbot_ws/build/bumperbot_cpp_examples' returned '0': CMAKE_PREFIX_PATH=/home/aakash/bumperbot_ws/install/bumperbot_msgs:/home/aakash/bumperbot_ws/install/bumperbot_firmware:/home/aakash/bumperbot_ws/install/bumperbot_description:/home/aakash/bumperbot_ws/install/bumperbot_cpp_examples:/home/aakash/bumperbot_ws/install/bumperbot_controller:/home/aakash/eyantra_ws/install/ur5_moveit:/home/aakash/eyantra_ws/install/ur_description:/home/aakash/eyantra_ws/install/realsense_gazebo_plugin:/home/aakash/eyantra_ws/install/pymoveit2:/home/aakash/eyantra_ws/install/linkattacher_msgs:/home/aakash/eyantra_ws/install/gazebo_ros2_control:/home/aakash/eyantra_ws/install/eyantra_warehouse:/home/aakash/eyantra_ws/install/ebot_nav2:/home/aakash/eyantra_ws/install/ebot_description:/home/aakash/eyantra_ws/install/ebot_docking:/home/aakash/eyantra_ws/install/aws_robomaker_small_warehouse_world:/home/aakash/intelligent_quads/ardu_ws/install/mavlink:/home/aakash/simulation2_ws/install/move_robot_as:/home/aakash/simulation2_ws/install/t3_action_msg:/home/aakash/simulation2_ws/install/ros2_mapping:/home/aakash/simulation2_ws/install/neo_simulation2:/home/aakash/neobotix_workspace/install/neo_srvs2:/home/aakash/neobotix_workspace/install/neo_simulation2:/home/aakash/neobotix_workspace/install/neo_nav2_bringup:/home/aakash/neobotix_workspace/install/neo_msgs2:/home/aakash/neobotix_workspace/install/neo_localization2:/home/aakash/neobotix_workspace/install/neo_local_planner2:/home/aakash/neobotix_workspace/install/neo_common2:/home/aakash/turtlebot3_ws/install/turtlebot3:/home/aakash/turtlebot3_ws/install/turtlebot3_simulations:/home/aakash/turtlebot3_ws/install/turtlebot3_bringup:/home/aakash/turtlebot3_ws/install/turtlebot3_node:/home/aakash/turtlebot3_ws/install/turtlebot3_navigation2:/home/aakash/turtlebot3_ws/install/turtlebot3_fake_node:/home/aakash/turtlebot3_ws/install/turtlebot3_msgs:/home/aakash/turtlebot3_ws/install/turtlebot3_gazebo:/home/aakash/turtlebot3_ws/install/turtlebot3_description:/home/aakash/turtlebot3_ws/install/turtlebot3_cartographer:/home/aakash/turtlebot3_ws/install/hls_lfcd_lds_driver:/home/aakash/turtlebot3_ws/install/dynamixel_sdk_examples:/home/aakash/turtlebot3_ws/install/dynamixel_sdk_custom_interfaces:/home/aakash/turtlebot3_ws/install/dynamixel_sdk:/home/aakash/bumperbot_ws/install/bumperbot_py_examples:/home/aakash/flytbase_ws/install/turtle_assignment:/home/aakash/flytbase/ros2_ws/install/uav_deconfliction:/home/aakash/simulation2_ws/install/services_pkg:/home/aakash/turtlebot3_ws/install/turtlebot3_teleop:/home/aakash/turtlebot3_ws/install/turtlebot3_example:/home/aakash/turtlebot3_ws/install/tb3_sim:/home/aakash/ros2practice/install/my_robot_controller:/home/aakash/practice_ws/install/my_robot_controller:/opt/ros/humble:/home/aakash/catkin_ws/devel:/home/aakash/summer_camp_ws/devel /usr/bin/cmake --install /home/aakash/bumperbot_ws/build/bumperbot_cpp_examples
[11.982s] Level 1:colcon.colcon_core.environment:checking '/home/aakash/bumperbot_ws/install/bumperbot_cpp_examples' for CMake config files
[12.023s] Level 1:colcon.colcon_core.shell:create_environment_hook('bumperbot_cpp_examples', 'cmake_prefix_path')
[12.024s] INFO:colcon.colcon_core.shell:Creating environment hook '/home/aakash/bumperbot_ws/install/bumperbot_cpp_examples/share/bumperbot_cpp_examples/hook/cmake_prefix_path.ps1'
[12.054s] INFO:colcon.colcon_core.shell:Creating environment descriptor '/home/aakash/bumperbot_ws/install/bumperbot_cpp_examples/share/bumperbot_cpp_examples/hook/cmake_prefix_path.dsv'
[12.056s] INFO:colcon.colcon_core.shell:Creating environment hook '/home/aakash/bumperbot_ws/install/bumperbot_cpp_examples/share/bumperbot_cpp_examples/hook/cmake_prefix_path.sh'
[12.057s] Level 1:colcon.colcon_core.environment:checking '/home/aakash/bumperbot_ws/install/bumperbot_cpp_examples/lib'
[12.057s] Level 1:colcon.colcon_core.environment:checking '/home/aakash/bumperbot_ws/install/bumperbot_cpp_examples/bin'
[12.058s] Level 1:colcon.colcon_core.environment:checking '/home/aakash/bumperbot_ws/install/bumperbot_cpp_examples/lib/pkgconfig/bumperbot_cpp_examples.pc'
[12.058s] Level 1:colcon.colcon_core.environment:checking '/home/aakash/bumperbot_ws/install/bumperbot_cpp_examples/lib/python3.10/site-packages'
[12.058s] Level 1:colcon.colcon_core.environment:checking '/home/aakash/bumperbot_ws/install/bumperbot_cpp_examples/bin'
[12.059s] INFO:colcon.colcon_core.shell:Creating package script '/home/aakash/bumperbot_ws/install/bumperbot_cpp_examples/share/bumperbot_cpp_examples/package.ps1'
[12.060s] INFO:colcon.colcon_core.shell:Creating package descriptor '/home/aakash/bumperbot_ws/install/bumperbot_cpp_examples/share/bumperbot_cpp_examples/package.dsv'
[12.076s] INFO:colcon.colcon_core.shell:Creating package script '/home/aakash/bumperbot_ws/install/bumperbot_cpp_examples/share/bumperbot_cpp_examples/package.sh'
[12.080s] INFO:colcon.colcon_core.shell:Creating package script '/home/aakash/bumperbot_ws/install/bumperbot_cpp_examples/share/bumperbot_cpp_examples/package.bash'
[12.081s] INFO:colcon.colcon_core.shell:Creating package script '/home/aakash/bumperbot_ws/install/bumperbot_cpp_examples/share/bumperbot_cpp_examples/package.zsh'
[12.081s] Level 1:colcon.colcon_core.environment:create_file_with_runtime_dependencies(/home/aakash/bumperbot_ws/install/bumperbot_cpp_examples/share/colcon-core/packages/bumperbot_cpp_examples)
[12.083s] Level 1:colcon.colcon_core.environment:create_environment_scripts_only(bumperbot_cpp_examples)
[12.083s] Level 1:colcon.colcon_core.environment:checking '/home/aakash/bumperbot_ws/install/bumperbot_cpp_examples' for CMake module files
[12.084s] Level 1:colcon.colcon_core.environment:checking '/home/aakash/bumperbot_ws/install/bumperbot_cpp_examples' for CMake config files
[12.084s] Level 1:colcon.colcon_core.shell:create_environment_hook('bumperbot_cpp_examples', 'cmake_prefix_path')
[12.085s] INFO:colcon.colcon_core.shell:Creating environment hook '/home/aakash/bumperbot_ws/install/bumperbot_cpp_examples/share/bumperbot_cpp_examples/hook/cmake_prefix_path.ps1'
[12.086s] INFO:colcon.colcon_core.shell:Creating environment descriptor '/home/aakash/bumperbot_ws/install/bumperbot_cpp_examples/share/bumperbot_cpp_examples/hook/cmake_prefix_path.dsv'
[12.086s] INFO:colcon.colcon_core.shell:Creating environment hook '/home/aakash/bumperbot_ws/install/bumperbot_cpp_examples/share/bumperbot_cpp_examples/hook/cmake_prefix_path.sh'
[12.105s] Level 1:colcon.colcon_core.environment:checking '/home/aakash/bumperbot_ws/install/bumperbot_cpp_examples/lib'
[12.106s] Level 1:colcon.colcon_core.environment:checking '/home/aakash/bumperbot_ws/install/bumperbot_cpp_examples/bin'
[12.106s] Level 1:colcon.colcon_core.environment:checking '/home/aakash/bumperbot_ws/install/bumperbot_cpp_examples/lib/pkgconfig/bumperbot_cpp_examples.pc'
[12.106s] Level 1:colcon.colcon_core.environment:checking '/home/aakash/bumperbot_ws/install/bumperbot_cpp_examples/lib/python3.10/site-packages'
[12.107s] Level 1:colcon.colcon_core.environment:checking '/home/aakash/bumperbot_ws/install/bumperbot_cpp_examples/bin'
[12.107s] INFO:colcon.colcon_core.shell:Creating package script '/home/aakash/bumperbot_ws/install/bumperbot_cpp_examples/share/bumperbot_cpp_examples/package.ps1'
[12.109s] INFO:colcon.colcon_core.shell:Creating package descriptor '/home/aakash/bumperbot_ws/install/bumperbot_cpp_examples/share/bumperbot_cpp_examples/package.dsv'
[12.110s] INFO:colcon.colcon_core.shell:Creating package script '/home/aakash/bumperbot_ws/install/bumperbot_cpp_examples/share/bumperbot_cpp_examples/package.sh'
[12.111s] INFO:colcon.colcon_core.shell:Creating package script '/home/aakash/bumperbot_ws/install/bumperbot_cpp_examples/share/bumperbot_cpp_examples/package.bash'
[12.111s] INFO:colcon.colcon_core.shell:Creating package script '/home/aakash/bumperbot_ws/install/bumperbot_cpp_examples/share/bumperbot_cpp_examples/package.zsh'
[12.112s] Level 1:colcon.colcon_core.environment:create_file_with_runtime_dependencies(/home/aakash/bumperbot_ws/install/bumperbot_cpp_examples/share/colcon-core/packages/bumperbot_cpp_examples)
[12.123s] Level 1:colcon.colcon_core.environment:create_environment_scripts_only(bumperbot_firmware)
[12.124s] Level 1:colcon.colcon_core.environment:checking '/home/aakash/bumperbot_ws/install/bumperbot_firmware' for CMake module files
[12.125s] DEBUG:colcon.colcon_core.event_handler.log_command:Invoked command in '/home/aakash/bumperbot_ws/build/bumperbot_firmware' returned '0': CMAKE_PREFIX_PATH=/home/aakash/bumperbot_ws/install/bumperbot_msgs:/home/aakash/bumperbot_ws/install/bumperbot_firmware:/home/aakash/bumperbot_ws/install/bumperbot_description:/home/aakash/bumperbot_ws/install/bumperbot_cpp_examples:/home/aakash/bumperbot_ws/install/bumperbot_controller:/home/aakash/eyantra_ws/install/ur5_moveit:/home/aakash/eyantra_ws/install/ur_description:/home/aakash/eyantra_ws/install/realsense_gazebo_plugin:/home/aakash/eyantra_ws/install/pymoveit2:/home/aakash/eyantra_ws/install/linkattacher_msgs:/home/aakash/eyantra_ws/install/gazebo_ros2_control:/home/aakash/eyantra_ws/install/eyantra_warehouse:/home/aakash/eyantra_ws/install/ebot_nav2:/home/aakash/eyantra_ws/install/ebot_description:/home/aakash/eyantra_ws/install/ebot_docking:/home/aakash/eyantra_ws/install/aws_robomaker_small_warehouse_world:/home/aakash/intelligent_quads/ardu_ws/install/mavlink:/home/aakash/simulation2_ws/install/move_robot_as:/home/aakash/simulation2_ws/install/t3_action_msg:/home/aakash/simulation2_ws/install/ros2_mapping:/home/aakash/simulation2_ws/install/neo_simulation2:/home/aakash/neobotix_workspace/install/neo_srvs2:/home/aakash/neobotix_workspace/install/neo_simulation2:/home/aakash/neobotix_workspace/install/neo_nav2_bringup:/home/aakash/neobotix_workspace/install/neo_msgs2:/home/aakash/neobotix_workspace/install/neo_localization2:/home/aakash/neobotix_workspace/install/neo_local_planner2:/home/aakash/neobotix_workspace/install/neo_common2:/home/aakash/turtlebot3_ws/install/turtlebot3:/home/aakash/turtlebot3_ws/install/turtlebot3_simulations:/home/aakash/turtlebot3_ws/install/turtlebot3_bringup:/home/aakash/turtlebot3_ws/install/turtlebot3_node:/home/aakash/turtlebot3_ws/install/turtlebot3_navigation2:/home/aakash/turtlebot3_ws/install/turtlebot3_fake_node:/home/aakash/turtlebot3_ws/install/turtlebot3_msgs:/home/aakash/turtlebot3_ws/install/turtlebot3_gazebo:/home/aakash/turtlebot3_ws/install/turtlebot3_description:/home/aakash/turtlebot3_ws/install/turtlebot3_cartographer:/home/aakash/turtlebot3_ws/install/hls_lfcd_lds_driver:/home/aakash/turtlebot3_ws/install/dynamixel_sdk_examples:/home/aakash/turtlebot3_ws/install/dynamixel_sdk_custom_interfaces:/home/aakash/turtlebot3_ws/install/dynamixel_sdk:/home/aakash/bumperbot_ws/install/bumperbot_py_examples:/home/aakash/flytbase_ws/install/turtle_assignment:/home/aakash/flytbase/ros2_ws/install/uav_deconfliction:/home/aakash/simulation2_ws/install/services_pkg:/home/aakash/turtlebot3_ws/install/turtlebot3_teleop:/home/aakash/turtlebot3_ws/install/turtlebot3_example:/home/aakash/turtlebot3_ws/install/tb3_sim:/home/aakash/ros2practice/install/my_robot_controller:/home/aakash/practice_ws/install/my_robot_controller:/opt/ros/humble:/home/aakash/catkin_ws/devel:/home/aakash/summer_camp_ws/devel /usr/bin/cmake --install /home/aakash/bumperbot_ws/build/bumperbot_firmware
[12.126s] Level 1:colcon.colcon_core.environment:checking '/home/aakash/bumperbot_ws/install/bumperbot_firmware' for CMake config files
[12.134s] Level 1:colcon.colcon_core.shell:create_environment_hook('bumperbot_firmware', 'cmake_prefix_path')
[12.134s] INFO:colcon.colcon_core.shell:Creating environment hook '/home/aakash/bumperbot_ws/install/bumperbot_firmware/share/bumperbot_firmware/hook/cmake_prefix_path.ps1'
[12.150s] INFO:colcon.colcon_core.shell:Creating environment descriptor '/home/aakash/bumperbot_ws/install/bumperbot_firmware/share/bumperbot_firmware/hook/cmake_prefix_path.dsv'
[12.151s] INFO:colcon.colcon_core.shell:Creating environment hook '/home/aakash/bumperbot_ws/install/bumperbot_firmware/share/bumperbot_firmware/hook/cmake_prefix_path.sh'
[12.153s] Level 1:colcon.colcon_core.environment:checking '/home/aakash/bumperbot_ws/install/bumperbot_firmware/lib'
[12.153s] Level 1:colcon.colcon_core.environment:checking '/home/aakash/bumperbot_ws/install/bumperbot_firmware/bin'
[12.153s] Level 1:colcon.colcon_core.environment:checking '/home/aakash/bumperbot_ws/install/bumperbot_firmware/lib/pkgconfig/bumperbot_firmware.pc'
[12.154s] Level 1:colcon.colcon_core.environment:checking '/home/aakash/bumperbot_ws/install/bumperbot_firmware/lib/python3.10/site-packages'
[12.154s] Level 1:colcon.colcon_core.environment:checking '/home/aakash/bumperbot_ws/install/bumperbot_firmware/bin'
[12.155s] INFO:colcon.colcon_core.shell:Creating package script '/home/aakash/bumperbot_ws/install/bumperbot_firmware/share/bumperbot_firmware/package.ps1'
[12.156s] INFO:colcon.colcon_core.shell:Creating package descriptor '/home/aakash/bumperbot_ws/install/bumperbot_firmware/share/bumperbot_firmware/package.dsv'
[12.157s] INFO:colcon.colcon_core.shell:Creating package script '/home/aakash/bumperbot_ws/install/bumperbot_firmware/share/bumperbot_firmware/package.sh'
[12.157s] INFO:colcon.colcon_core.shell:Creating package script '/home/aakash/bumperbot_ws/install/bumperbot_firmware/share/bumperbot_firmware/package.bash'
[12.158s] INFO:colcon.colcon_core.shell:Creating package script '/home/aakash/bumperbot_ws/install/bumperbot_firmware/share/bumperbot_firmware/package.zsh'
[12.159s] Level 1:colcon.colcon_core.environment:create_file_with_runtime_dependencies(/home/aakash/bumperbot_ws/install/bumperbot_firmware/share/colcon-core/packages/bumperbot_firmware)
[12.160s] Level 1:colcon.colcon_core.environment:create_environment_scripts_only(bumperbot_firmware)
[12.161s] Level 1:colcon.colcon_core.environment:checking '/home/aakash/bumperbot_ws/install/bumperbot_firmware' for CMake module files
[12.162s] Level 1:colcon.colcon_core.environment:checking '/home/aakash/bumperbot_ws/install/bumperbot_firmware' for CMake config files
[12.162s] Level 1:colcon.colcon_core.shell:create_environment_hook('bumperbot_firmware', 'cmake_prefix_path')
[12.163s] INFO:colcon.colcon_core.shell:Creating environment hook '/home/aakash/bumperbot_ws/install/bumperbot_firmware/share/bumperbot_firmware/hook/cmake_prefix_path.ps1'
[12.164s] INFO:colcon.colcon_core.shell:Creating environment descriptor '/home/aakash/bumperbot_ws/install/bumperbot_firmware/share/bumperbot_firmware/hook/cmake_prefix_path.dsv'
[12.164s] INFO:colcon.colcon_core.shell:Creating environment hook '/home/aakash/bumperbot_ws/install/bumperbot_firmware/share/bumperbot_firmware/hook/cmake_prefix_path.sh'
[12.166s] Level 1:colcon.colcon_core.environment:checking '/home/aakash/bumperbot_ws/install/bumperbot_firmware/lib'
[12.166s] Level 1:colcon.colcon_core.environment:checking '/home/aakash/bumperbot_ws/install/bumperbot_firmware/bin'
[12.166s] Level 1:colcon.colcon_core.environment:checking '/home/aakash/bumperbot_ws/install/bumperbot_firmware/lib/pkgconfig/bumperbot_firmware.pc'
[12.167s] Level 1:colcon.colcon_core.environment:checking '/home/aakash/bumperbot_ws/install/bumperbot_firmware/lib/python3.10/site-packages'
[12.167s] Level 1:colcon.colcon_core.environment:checking '/home/aakash/bumperbot_ws/install/bumperbot_firmware/bin'
[12.168s] INFO:colcon.colcon_core.shell:Creating package script '/home/aakash/bumperbot_ws/install/bumperbot_firmware/share/bumperbot_firmware/package.ps1'
[12.169s] INFO:colcon.colcon_core.shell:Creating package descriptor '/home/aakash/bumperbot_ws/install/bumperbot_firmware/share/bumperbot_firmware/package.dsv'
[12.170s] INFO:colcon.colcon_core.shell:Creating package script '/home/aakash/bumperbot_ws/install/bumperbot_firmware/share/bumperbot_firmware/package.sh'
[12.171s] INFO:colcon.colcon_core.shell:Creating package script '/home/aakash/bumperbot_ws/install/bumperbot_firmware/share/bumperbot_firmware/package.bash'
[12.174s] INFO:colcon.colcon_core.shell:Creating package script '/home/aakash/bumperbot_ws/install/bumperbot_firmware/share/bumperbot_firmware/package.zsh'
[12.175s] Level 1:colcon.colcon_core.environment:create_file_with_runtime_dependencies(/home/aakash/bumperbot_ws/install/bumperbot_firmware/share/colcon-core/packages/bumperbot_firmware)
[18.741s] DEBUG:colcon.colcon_core.event_handler.log_command:Invoking command in '/home/aakash/bumperbot_ws/src/bumperbot_py_examples': PYTHONPATH=/home/aakash/bumperbot_ws/build/bumperbot_py_examples/prefix_override:/usr/lib/python3/dist-packages/colcon_core/task/python/colcon_distutils_commands:/home/aakash/bumperbot_ws/install/bumperbot_py_examples/lib/python3.10/site-packages:${PYTHONPATH} /usr/bin/python3 -W ignore:setup.py install is deprecated -W ignore:easy_install command is deprecated setup.py egg_info --egg-base ../../build/bumperbot_py_examples build --build-base /home/aakash/bumperbot_ws/build/bumperbot_py_examples/build install --record /home/aakash/bumperbot_ws/build/bumperbot_py_examples/install.log --single-version-externally-managed install_data
[19.804s] Level 1:colcon.colcon_core.environment:checking '/home/aakash/bumperbot_ws/install/bumperbot_py_examples' for CMake module files
[19.806s] DEBUG:colcon.colcon_core.event_handler.log_command:Invoked command in '/home/aakash/bumperbot_ws/src/bumperbot_py_examples' returned '0': PYTHONPATH=/home/aakash/bumperbot_ws/build/bumperbot_py_examples/prefix_override:/usr/lib/python3/dist-packages/colcon_core/task/python/colcon_distutils_commands:/home/aakash/bumperbot_ws/install/bumperbot_py_examples/lib/python3.10/site-packages:${PYTHONPATH} /usr/bin/python3 -W ignore:setup.py install is deprecated -W ignore:easy_install command is deprecated setup.py egg_info --egg-base ../../build/bumperbot_py_examples build --build-base /home/aakash/bumperbot_ws/build/bumperbot_py_examples/build install --record /home/aakash/bumperbot_ws/build/bumperbot_py_examples/install.log --single-version-externally-managed install_data
[19.806s] Level 1:colcon.colcon_core.environment:checking '/home/aakash/bumperbot_ws/install/bumperbot_py_examples' for CMake config files
[19.819s] Level 1:colcon.colcon_core.environment:checking '/home/aakash/bumperbot_ws/install/bumperbot_py_examples/lib'
[19.819s] Level 1:colcon.colcon_core.environment:checking '/home/aakash/bumperbot_ws/install/bumperbot_py_examples/bin'
[19.820s] Level 1:colcon.colcon_core.environment:checking '/home/aakash/bumperbot_ws/install/bumperbot_py_examples/lib/pkgconfig/bumperbot_py_examples.pc'
[19.820s] Level 1:colcon.colcon_core.environment:checking '/home/aakash/bumperbot_ws/install/bumperbot_py_examples/lib/python3.10/site-packages'
[19.820s] Level 1:colcon.colcon_core.shell:create_environment_hook('bumperbot_py_examples', 'pythonpath')
[19.821s] INFO:colcon.colcon_core.shell:Creating environment hook '/home/aakash/bumperbot_ws/install/bumperbot_py_examples/share/bumperbot_py_examples/hook/pythonpath.ps1'
[19.821s] INFO:colcon.colcon_core.shell:Creating environment descriptor '/home/aakash/bumperbot_ws/install/bumperbot_py_examples/share/bumperbot_py_examples/hook/pythonpath.dsv'
[19.822s] INFO:colcon.colcon_core.shell:Creating environment hook '/home/aakash/bumperbot_ws/install/bumperbot_py_examples/share/bumperbot_py_examples/hook/pythonpath.sh'
[19.823s] Level 1:colcon.colcon_core.environment:checking '/home/aakash/bumperbot_ws/install/bumperbot_py_examples/bin'
[19.824s] Level 1:colcon.colcon_core.environment:create_environment_scripts_only(bumperbot_py_examples)
[19.824s] INFO:colcon.colcon_core.shell:Creating package script '/home/aakash/bumperbot_ws/install/bumperbot_py_examples/share/bumperbot_py_examples/package.ps1'
[19.825s] INFO:colcon.colcon_core.shell:Creating package descriptor '/home/aakash/bumperbot_ws/install/bumperbot_py_examples/share/bumperbot_py_examples/package.dsv'
[19.826s] INFO:colcon.colcon_core.shell:Creating package script '/home/aakash/bumperbot_ws/install/bumperbot_py_examples/share/bumperbot_py_examples/package.sh'
[19.827s] INFO:colcon.colcon_core.shell:Creating package script '/home/aakash/bumperbot_ws/install/bumperbot_py_examples/share/bumperbot_py_examples/package.bash'
[19.828s] INFO:colcon.colcon_core.shell:Creating package script '/home/aakash/bumperbot_ws/install/bumperbot_py_examples/share/bumperbot_py_examples/package.zsh'
[19.829s] Level 1:colcon.colcon_core.environment:create_file_with_runtime_dependencies(/home/aakash/bumperbot_ws/install/bumperbot_py_examples/share/colcon-core/packages/bumperbot_py_examples)
[19.829s] DEBUG:colcon.colcon_parallel_executor.executor.parallel:closing loop
[19.830s] DEBUG:colcon.colcon_parallel_executor.executor.parallel:loop closed
[19.830s] DEBUG:colcon.colcon_parallel_executor.executor.parallel:run_until_complete finished with '0'
[19.830s] DEBUG:colcon.colcon_core.event_reactor:joining thread
[19.874s] INFO:colcon.colcon_core.plugin_system:Skipping extension 'colcon_notification.desktop_notification.terminal_notifier': Not used on non-Darwin systems
[19.875s] INFO:colcon.colcon_core.plugin_system:Skipping extension 'colcon_notification.desktop_notification.win32': Not used on non-Windows systems
[19.875s] INFO:colcon.colcon_notification.desktop_notification:Sending desktop notification using 'notify2'
[19.903s] DEBUG:colcon.colcon_core.event_reactor:joined thread
[19.904s] INFO:colcon.colcon_core.shell:Creating prefix script '/home/aakash/bumperbot_ws/install/local_setup.ps1'
[19.913s] INFO:colcon.colcon_core.shell:Creating prefix util module '/home/aakash/bumperbot_ws/install/_local_setup_util_ps1.py'
[19.945s] INFO:colcon.colcon_core.shell:Creating prefix chain script '/home/aakash/bumperbot_ws/install/setup.ps1'
[19.971s] INFO:colcon.colcon_core.shell:Creating prefix script '/home/aakash/bumperbot_ws/install/local_setup.sh'
[19.985s] INFO:colcon.colcon_core.shell:Creating prefix util module '/home/aakash/bumperbot_ws/install/_local_setup_util_sh.py'
[19.986s] INFO:colcon.colcon_core.shell:Creating prefix chain script '/home/aakash/bumperbot_ws/install/setup.sh'
[19.995s] INFO:colcon.colcon_core.shell:Creating prefix script '/home/aakash/bumperbot_ws/install/local_setup.bash'
[20.024s] INFO:colcon.colcon_core.shell:Creating prefix chain script '/home/aakash/bumperbot_ws/install/setup.bash'
[20.032s] INFO:colcon.colcon_core.shell:Creating prefix script '/home/aakash/bumperbot_ws/install/local_setup.zsh'
[20.043s] INFO:colcon.colcon_core.shell:Creating prefix chain script '/home/aakash/bumperbot_ws/install/setup.zsh'
