[0.157s] DEBUG:colcon:Command line arguments: ['/usr/bin/colcon', 'build']
[0.157s] DEBUG:colcon:Parsed command line arguments: Namespace(log_base=None, log_level=None, verb_name='build', build_base='build', install_base='install', merge_install=False, symlink_install=False, test_result_base=None, continue_on_error=False, executor='parallel', parallel_workers=12, event_handlers=None, ignore_user_meta=False, metas=['./colcon.meta'], base_paths=['.'], packages_ignore=None, packages_ignore_regex=None, paths=None, packages_up_to=None, packages_up_to_regex=None, packages_above=None, packages_above_and_dependencies=None, packages_above_depth=None, packages_select_by_dep=None, packages_skip_by_dep=None, packages_skip_up_to=None, packages_select_build_failed=False, packages_skip_build_finished=False, packages_select_test_failures=False, packages_skip_test_passed=False, packages_select=None, packages_skip=None, packages_select_regex=None, packages_skip_regex=None, packages_start=None, packages_end=None, allow_overriding=[], cmake_args=None, cmake_target=None, cmake_target_skip_unavailable=False, cmake_clean_cache=False, cmake_clean_first=False, cmake_force_configure=False, ament_cmake_args=None, catkin_cmake_args=None, catkin_skip_building_tests=False, mixin_files=None, mixin=None, verb_parser=<colcon_mixin.mixin.mixin_argument.MixinArgumentDecorator object at 0x7e56ae68a9b0>, verb_extension=<colcon_core.verb.build.BuildVerb object at 0x7e56ae6443d0>, main=<bound method BuildVerb.main of <colcon_core.verb.build.BuildVerb object at 0x7e56ae6443d0>>, mixin_verb=('build',))
[0.197s] Level 1:colcon.colcon_core.package_discovery:discover_packages(colcon_meta) check parameters
[0.197s] Level 1:colcon.colcon_core.package_discovery:discover_packages(recursive) check parameters
[0.197s] Level 1:colcon.colcon_core.package_discovery:discover_packages(ignore) check parameters
[0.197s] Level 1:colcon.colcon_core.package_discovery:discover_packages(path) check parameters
[0.197s] Level 1:colcon.colcon_core.package_discovery:discover_packages(colcon_meta) discover
[0.197s] Level 1:colcon.colcon_core.package_discovery:discover_packages(recursive) discover
[0.197s] INFO:colcon.colcon_core.package_discovery:Crawling recursively for packages in '/home/aakash/bumperbot_ws'
[0.197s] Level 1:colcon.colcon_core.package_identification:_identify(.) by extensions ['ignore', 'ignore_ament_install']
[0.197s] Level 1:colcon.colcon_core.package_identification:_identify(.) by extension 'ignore'
[0.197s] Level 1:colcon.colcon_core.package_identification:_identify(.) by extension 'ignore_ament_install'
[0.197s] Level 1:colcon.colcon_core.package_identification:_identify(.) by extensions ['colcon_pkg']
[0.197s] Level 1:colcon.colcon_core.package_identification:_identify(.) by extension 'colcon_pkg'
[0.197s] Level 1:colcon.colcon_core.package_identification:_identify(.) by extensions ['colcon_meta']
[0.197s] Level 1:colcon.colcon_core.package_identification:_identify(.) by extension 'colcon_meta'
[0.197s] Level 1:colcon.colcon_core.package_identification:_identify(.) by extensions ['ros']
[0.197s] Level 1:colcon.colcon_core.package_identification:_identify(.) by extension 'ros'
[0.212s] Level 1:colcon.colcon_core.package_identification:_identify(.) by extensions ['cmake', 'python']
[0.212s] Level 1:colcon.colcon_core.package_identification:_identify(.) by extension 'cmake'
[0.212s] Level 1:colcon.colcon_core.package_identification:_identify(.) by extension 'python'
[0.212s] Level 1:colcon.colcon_core.package_identification:_identify(.) by extensions ['python_setup_py']
[0.212s] Level 1:colcon.colcon_core.package_identification:_identify(.) by extension 'python_setup_py'
[0.212s] Level 1:colcon.colcon_core.package_identification:_identify(build) by extensions ['ignore', 'ignore_ament_install']
[0.212s] Level 1:colcon.colcon_core.package_identification:_identify(build) by extension 'ignore'
[0.212s] Level 1:colcon.colcon_core.package_identification:_identify(build) ignored
[0.213s] Level 1:colcon.colcon_core.package_identification:_identify(install) by extensions ['ignore', 'ignore_ament_install']
[0.213s] Level 1:colcon.colcon_core.package_identification:_identify(install) by extension 'ignore'
[0.213s] Level 1:colcon.colcon_core.package_identification:_identify(install) ignored
[0.213s] Level 1:colcon.colcon_core.package_identification:_identify(log) by extensions ['ignore', 'ignore_ament_install']
[0.213s] Level 1:colcon.colcon_core.package_identification:_identify(log) by extension 'ignore'
[0.213s] Level 1:colcon.colcon_core.package_identification:_identify(log) ignored
[0.213s] Level 1:colcon.colcon_core.package_identification:_identify(src) by extensions ['ignore', 'ignore_ament_install']
[0.213s] Level 1:colcon.colcon_core.package_identification:_identify(src) by extension 'ignore'
[0.213s] Level 1:colcon.colcon_core.package_identification:_identify(src) by extension 'ignore_ament_install'
[0.213s] Level 1:colcon.colcon_core.package_identification:_identify(src) by extensions ['colcon_pkg']
[0.213s] Level 1:colcon.colcon_core.package_identification:_identify(src) by extension 'colcon_pkg'
[0.213s] Level 1:colcon.colcon_core.package_identification:_identify(src) by extensions ['colcon_meta']
[0.213s] Level 1:colcon.colcon_core.package_identification:_identify(src) by extension 'colcon_meta'
[0.213s] Level 1:colcon.colcon_core.package_identification:_identify(src) by extensions ['ros']
[0.213s] Level 1:colcon.colcon_core.package_identification:_identify(src) by extension 'ros'
[0.214s] Level 1:colcon.colcon_core.package_identification:_identify(src) by extensions ['cmake', 'python']
[0.214s] Level 1:colcon.colcon_core.package_identification:_identify(src) by extension 'cmake'
[0.214s] Level 1:colcon.colcon_core.package_identification:_identify(src) by extension 'python'
[0.214s] Level 1:colcon.colcon_core.package_identification:_identify(src) by extensions ['python_setup_py']
[0.214s] Level 1:colcon.colcon_core.package_identification:_identify(src) by extension 'python_setup_py'
[0.214s] Level 1:colcon.colcon_core.package_identification:_identify(src/bumperbot_controller) by extensions ['ignore', 'ignore_ament_install']
[0.214s] Level 1:colcon.colcon_core.package_identification:_identify(src/bumperbot_controller) by extension 'ignore'
[0.214s] Level 1:colcon.colcon_core.package_identification:_identify(src/bumperbot_controller) by extension 'ignore_ament_install'
[0.214s] Level 1:colcon.colcon_core.package_identification:_identify(src/bumperbot_controller) by extensions ['colcon_pkg']
[0.214s] Level 1:colcon.colcon_core.package_identification:_identify(src/bumperbot_controller) by extension 'colcon_pkg'
[0.214s] Level 1:colcon.colcon_core.package_identification:_identify(src/bumperbot_controller) by extensions ['colcon_meta']
[0.214s] Level 1:colcon.colcon_core.package_identification:_identify(src/bumperbot_controller) by extension 'colcon_meta'
[0.214s] Level 1:colcon.colcon_core.package_identification:_identify(src/bumperbot_controller) by extensions ['ros']
[0.214s] Level 1:colcon.colcon_core.package_identification:_identify(src/bumperbot_controller) by extension 'ros'
[0.217s] DEBUG:colcon.colcon_core.package_identification:Package 'src/bumperbot_controller' with type 'ros.ament_cmake' and name 'bumperbot_controller'
[0.217s] Level 1:colcon.colcon_core.package_identification:_identify(src/bumperbot_cpp_examples) by extensions ['ignore', 'ignore_ament_install']
[0.217s] Level 1:colcon.colcon_core.package_identification:_identify(src/bumperbot_cpp_examples) by extension 'ignore'
[0.217s] Level 1:colcon.colcon_core.package_identification:_identify(src/bumperbot_cpp_examples) by extension 'ignore_ament_install'
[0.217s] Level 1:colcon.colcon_core.package_identification:_identify(src/bumperbot_cpp_examples) by extensions ['colcon_pkg']
[0.217s] Level 1:colcon.colcon_core.package_identification:_identify(src/bumperbot_cpp_examples) by extension 'colcon_pkg'
[0.217s] Level 1:colcon.colcon_core.package_identification:_identify(src/bumperbot_cpp_examples) by extensions ['colcon_meta']
[0.217s] Level 1:colcon.colcon_core.package_identification:_identify(src/bumperbot_cpp_examples) by extension 'colcon_meta'
[0.217s] Level 1:colcon.colcon_core.package_identification:_identify(src/bumperbot_cpp_examples) by extensions ['ros']
[0.217s] Level 1:colcon.colcon_core.package_identification:_identify(src/bumperbot_cpp_examples) by extension 'ros'
[0.218s] DEBUG:colcon.colcon_core.package_identification:Package 'src/bumperbot_cpp_examples' with type 'ros.ament_cmake' and name 'bumperbot_cpp_examples'
[0.218s] Level 1:colcon.colcon_core.package_identification:_identify(src/bumperbot_description) by extensions ['ignore', 'ignore_ament_install']
[0.218s] Level 1:colcon.colcon_core.package_identification:_identify(src/bumperbot_description) by extension 'ignore'
[0.218s] Level 1:colcon.colcon_core.package_identification:_identify(src/bumperbot_description) by extension 'ignore_ament_install'
[0.218s] Level 1:colcon.colcon_core.package_identification:_identify(src/bumperbot_description) by extensions ['colcon_pkg']
[0.218s] Level 1:colcon.colcon_core.package_identification:_identify(src/bumperbot_description) by extension 'colcon_pkg'
[0.218s] Level 1:colcon.colcon_core.package_identification:_identify(src/bumperbot_description) by extensions ['colcon_meta']
[0.218s] Level 1:colcon.colcon_core.package_identification:_identify(src/bumperbot_description) by extension 'colcon_meta'
[0.218s] Level 1:colcon.colcon_core.package_identification:_identify(src/bumperbot_description) by extensions ['ros']
[0.218s] Level 1:colcon.colcon_core.package_identification:_identify(src/bumperbot_description) by extension 'ros'
[0.221s] DEBUG:colcon.colcon_core.package_identification:Package 'src/bumperbot_description' with type 'ros.ament_cmake' and name 'bumperbot_description'
[0.221s] Level 1:colcon.colcon_core.package_identification:_identify(src/bumperbot_firmware) by extensions ['ignore', 'ignore_ament_install']
[0.221s] Level 1:colcon.colcon_core.package_identification:_identify(src/bumperbot_firmware) by extension 'ignore'
[0.221s] Level 1:colcon.colcon_core.package_identification:_identify(src/bumperbot_firmware) by extension 'ignore_ament_install'
[0.221s] Level 1:colcon.colcon_core.package_identification:_identify(src/bumperbot_firmware) by extensions ['colcon_pkg']
[0.221s] Level 1:colcon.colcon_core.package_identification:_identify(src/bumperbot_firmware) by extension 'colcon_pkg'
[0.221s] Level 1:colcon.colcon_core.package_identification:_identify(src/bumperbot_firmware) by extensions ['colcon_meta']
[0.221s] Level 1:colcon.colcon_core.package_identification:_identify(src/bumperbot_firmware) by extension 'colcon_meta'
[0.221s] Level 1:colcon.colcon_core.package_identification:_identify(src/bumperbot_firmware) by extensions ['ros']
[0.221s] Level 1:colcon.colcon_core.package_identification:_identify(src/bumperbot_firmware) by extension 'ros'
[0.222s] DEBUG:colcon.colcon_core.package_identification:Package 'src/bumperbot_firmware' with type 'ros.ament_cmake' and name 'bumperbot_firmware'
[0.222s] Level 1:colcon.colcon_core.package_identification:_identify(src/bumperbot_msgs) by extensions ['ignore', 'ignore_ament_install']
[0.222s] Level 1:colcon.colcon_core.package_identification:_identify(src/bumperbot_msgs) by extension 'ignore'
[0.222s] Level 1:colcon.colcon_core.package_identification:_identify(src/bumperbot_msgs) by extension 'ignore_ament_install'
[0.222s] Level 1:colcon.colcon_core.package_identification:_identify(src/bumperbot_msgs) by extensions ['colcon_pkg']
[0.222s] Level 1:colcon.colcon_core.package_identification:_identify(src/bumperbot_msgs) by extension 'colcon_pkg'
[0.222s] Level 1:colcon.colcon_core.package_identification:_identify(src/bumperbot_msgs) by extensions ['colcon_meta']
[0.222s] Level 1:colcon.colcon_core.package_identification:_identify(src/bumperbot_msgs) by extension 'colcon_meta'
[0.222s] Level 1:colcon.colcon_core.package_identification:_identify(src/bumperbot_msgs) by extensions ['ros']
[0.222s] Level 1:colcon.colcon_core.package_identification:_identify(src/bumperbot_msgs) by extension 'ros'
[0.223s] DEBUG:colcon.colcon_core.package_identification:Package 'src/bumperbot_msgs' with type 'ros.ament_cmake' and name 'bumperbot_msgs'
[0.223s] Level 1:colcon.colcon_core.package_identification:_identify(src/bumperbot_py_examples) by extensions ['ignore', 'ignore_ament_install']
[0.223s] Level 1:colcon.colcon_core.package_identification:_identify(src/bumperbot_py_examples) by extension 'ignore'
[0.223s] Level 1:colcon.colcon_core.package_identification:_identify(src/bumperbot_py_examples) by extension 'ignore_ament_install'
[0.223s] Level 1:colcon.colcon_core.package_identification:_identify(src/bumperbot_py_examples) by extensions ['colcon_pkg']
[0.223s] Level 1:colcon.colcon_core.package_identification:_identify(src/bumperbot_py_examples) by extension 'colcon_pkg'
[0.223s] Level 1:colcon.colcon_core.package_identification:_identify(src/bumperbot_py_examples) by extensions ['colcon_meta']
[0.223s] Level 1:colcon.colcon_core.package_identification:_identify(src/bumperbot_py_examples) by extension 'colcon_meta'
[0.223s] Level 1:colcon.colcon_core.package_identification:_identify(src/bumperbot_py_examples) by extensions ['ros']
[0.223s] Level 1:colcon.colcon_core.package_identification:_identify(src/bumperbot_py_examples) by extension 'ros'
[0.224s] DEBUG:colcon.colcon_core.package_identification:Package 'src/bumperbot_py_examples' with type 'ros.ament_python' and name 'bumperbot_py_examples'
[0.224s] Level 1:colcon.colcon_core.package_discovery:discover_packages(recursive) using defaults
[0.224s] Level 1:colcon.colcon_core.package_discovery:discover_packages(ignore) discover
[0.224s] Level 1:colcon.colcon_core.package_discovery:discover_packages(ignore) using defaults
[0.224s] Level 1:colcon.colcon_core.package_discovery:discover_packages(path) discover
[0.224s] Level 1:colcon.colcon_core.package_discovery:discover_packages(path) using defaults
[0.247s] Level 1:colcon.colcon_core.package_discovery:discover_packages(prefix_path) check parameters
[0.247s] Level 1:colcon.colcon_core.package_discovery:discover_packages(prefix_path) discover
[0.251s] DEBUG:colcon.colcon_installed_package_information.package_discovery:Found 11 installed packages in /home/aakash/eyantra_ws/install
[0.251s] DEBUG:colcon.colcon_installed_package_information.package_discovery:Found 1 installed packages in /home/aakash/flytbase_ws/install
[0.252s] DEBUG:colcon.colcon_installed_package_information.package_discovery:Found 1 installed packages in /home/aakash/flytbase/ros_ws/install
[0.252s] DEBUG:colcon.colcon_installed_package_information.package_discovery:Found 1 installed packages in /home/aakash/flytbase/ros2_ws/install
[0.252s] DEBUG:colcon.colcon_installed_package_information.package_discovery:Found 0 installed packages in /home/aakash/ros2_ws/install
[0.253s] DEBUG:colcon.colcon_installed_package_information.package_discovery:Found 5 installed packages in /home/aakash/intelligent_quads/ardu_ws/install
[0.253s] DEBUG:colcon.colcon_installed_package_information.package_discovery:Found 5 installed packages in /home/aakash/simulation2_ws/install
[0.254s] DEBUG:colcon.colcon_installed_package_information.package_discovery:Found 7 installed packages in /home/aakash/neobotix_workspace/install
[0.255s] DEBUG:colcon.colcon_installed_package_information.package_discovery:Found 17 installed packages in /home/aakash/turtlebot3_ws/install
[0.256s] DEBUG:colcon.colcon_installed_package_information.package_discovery:Found 1 installed packages in /home/aakash/ros2practice/install
[0.256s] DEBUG:colcon.colcon_installed_package_information.package_discovery:Found 1 installed packages in /home/aakash/practice_ws/install
[0.257s] DEBUG:colcon.colcon_installed_package_information.package_discovery:Found 333 installed packages in /opt/ros/humble
[0.259s] Level 1:colcon.colcon_core.package_discovery:discover_packages(prefix_path) using defaults
[0.298s] Level 5:colcon.colcon_core.verb:set package 'bumperbot_controller' build argument 'cmake_args' from command line to 'None'
[0.298s] Level 5:colcon.colcon_core.verb:set package 'bumperbot_controller' build argument 'cmake_target' from command line to 'None'
[0.298s] Level 5:colcon.colcon_core.verb:set package 'bumperbot_controller' build argument 'cmake_target_skip_unavailable' from command line to 'False'
[0.298s] Level 5:colcon.colcon_core.verb:set package 'bumperbot_controller' build argument 'cmake_clean_cache' from command line to 'False'
[0.298s] Level 5:colcon.colcon_core.verb:set package 'bumperbot_controller' build argument 'cmake_clean_first' from command line to 'False'
[0.298s] Level 5:colcon.colcon_core.verb:set package 'bumperbot_controller' build argument 'cmake_force_configure' from command line to 'False'
[0.298s] Level 5:colcon.colcon_core.verb:set package 'bumperbot_controller' build argument 'ament_cmake_args' from command line to 'None'
[0.298s] Level 5:colcon.colcon_core.verb:set package 'bumperbot_controller' build argument 'catkin_cmake_args' from command line to 'None'
[0.298s] Level 5:colcon.colcon_core.verb:set package 'bumperbot_controller' build argument 'catkin_skip_building_tests' from command line to 'False'
[0.299s] DEBUG:colcon.colcon_core.verb:Building package 'bumperbot_controller' with the following arguments: {'ament_cmake_args': None, 'build_base': '/home/aakash/bumperbot_ws/build/bumperbot_controller', 'catkin_cmake_args': None, 'catkin_skip_building_tests': False, 'cmake_args': None, 'cmake_clean_cache': False, 'cmake_clean_first': False, 'cmake_force_configure': False, 'cmake_target': None, 'cmake_target_skip_unavailable': False, 'install_base': '/home/aakash/bumperbot_ws/install/bumperbot_controller', 'merge_install': False, 'path': '/home/aakash/bumperbot_ws/src/bumperbot_controller', 'symlink_install': False, 'test_result_base': None}
[0.299s] Level 5:colcon.colcon_core.verb:set package 'bumperbot_cpp_examples' build argument 'cmake_args' from command line to 'None'
[0.299s] Level 5:colcon.colcon_core.verb:set package 'bumperbot_cpp_examples' build argument 'cmake_target' from command line to 'None'
[0.299s] Level 5:colcon.colcon_core.verb:set package 'bumperbot_cpp_examples' build argument 'cmake_target_skip_unavailable' from command line to 'False'
[0.299s] Level 5:colcon.colcon_core.verb:set package 'bumperbot_cpp_examples' build argument 'cmake_clean_cache' from command line to 'False'
[0.299s] Level 5:colcon.colcon_core.verb:set package 'bumperbot_cpp_examples' build argument 'cmake_clean_first' from command line to 'False'
[0.299s] Level 5:colcon.colcon_core.verb:set package 'bumperbot_cpp_examples' build argument 'cmake_force_configure' from command line to 'False'
[0.299s] Level 5:colcon.colcon_core.verb:set package 'bumperbot_cpp_examples' build argument 'ament_cmake_args' from command line to 'None'
[0.299s] Level 5:colcon.colcon_core.verb:set package 'bumperbot_cpp_examples' build argument 'catkin_cmake_args' from command line to 'None'
[0.299s] Level 5:colcon.colcon_core.verb:set package 'bumperbot_cpp_examples' build argument 'catkin_skip_building_tests' from command line to 'False'
[0.299s] DEBUG:colcon.colcon_core.verb:Building package 'bumperbot_cpp_examples' with the following arguments: {'ament_cmake_args': None, 'build_base': '/home/aakash/bumperbot_ws/build/bumperbot_cpp_examples', 'catkin_cmake_args': None, 'catkin_skip_building_tests': False, 'cmake_args': None, 'cmake_clean_cache': False, 'cmake_clean_first': False, 'cmake_force_configure': False, 'cmake_target': None, 'cmake_target_skip_unavailable': False, 'install_base': '/home/aakash/bumperbot_ws/install/bumperbot_cpp_examples', 'merge_install': False, 'path': '/home/aakash/bumperbot_ws/src/bumperbot_cpp_examples', 'symlink_install': False, 'test_result_base': None}
[0.299s] Level 5:colcon.colcon_core.verb:set package 'bumperbot_description' build argument 'cmake_args' from command line to 'None'
[0.299s] Level 5:colcon.colcon_core.verb:set package 'bumperbot_description' build argument 'cmake_target' from command line to 'None'
[0.299s] Level 5:colcon.colcon_core.verb:set package 'bumperbot_description' build argument 'cmake_target_skip_unavailable' from command line to 'False'
[0.299s] Level 5:colcon.colcon_core.verb:set package 'bumperbot_description' build argument 'cmake_clean_cache' from command line to 'False'
[0.299s] Level 5:colcon.colcon_core.verb:set package 'bumperbot_description' build argument 'cmake_clean_first' from command line to 'False'
[0.299s] Level 5:colcon.colcon_core.verb:set package 'bumperbot_description' build argument 'cmake_force_configure' from command line to 'False'
[0.299s] Level 5:colcon.colcon_core.verb:set package 'bumperbot_description' build argument 'ament_cmake_args' from command line to 'None'
[0.299s] Level 5:colcon.colcon_core.verb:set package 'bumperbot_description' build argument 'catkin_cmake_args' from command line to 'None'
[0.299s] Level 5:colcon.colcon_core.verb:set package 'bumperbot_description' build argument 'catkin_skip_building_tests' from command line to 'False'
[0.299s] DEBUG:colcon.colcon_core.verb:Building package 'bumperbot_description' with the following arguments: {'ament_cmake_args': None, 'build_base': '/home/aakash/bumperbot_ws/build/bumperbot_description', 'catkin_cmake_args': None, 'catkin_skip_building_tests': False, 'cmake_args': None, 'cmake_clean_cache': False, 'cmake_clean_first': False, 'cmake_force_configure': False, 'cmake_target': None, 'cmake_target_skip_unavailable': False, 'install_base': '/home/aakash/bumperbot_ws/install/bumperbot_description', 'merge_install': False, 'path': '/home/aakash/bumperbot_ws/src/bumperbot_description', 'symlink_install': False, 'test_result_base': None}
[0.300s] Level 5:colcon.colcon_core.verb:set package 'bumperbot_firmware' build argument 'cmake_args' from command line to 'None'
[0.300s] Level 5:colcon.colcon_core.verb:set package 'bumperbot_firmware' build argument 'cmake_target' from command line to 'None'
[0.300s] Level 5:colcon.colcon_core.verb:set package 'bumperbot_firmware' build argument 'cmake_target_skip_unavailable' from command line to 'False'
[0.300s] Level 5:colcon.colcon_core.verb:set package 'bumperbot_firmware' build argument 'cmake_clean_cache' from command line to 'False'
[0.300s] Level 5:colcon.colcon_core.verb:set package 'bumperbot_firmware' build argument 'cmake_clean_first' from command line to 'False'
[0.300s] Level 5:colcon.colcon_core.verb:set package 'bumperbot_firmware' build argument 'cmake_force_configure' from command line to 'False'
[0.300s] Level 5:colcon.colcon_core.verb:set package 'bumperbot_firmware' build argument 'ament_cmake_args' from command line to 'None'
[0.300s] Level 5:colcon.colcon_core.verb:set package 'bumperbot_firmware' build argument 'catkin_cmake_args' from command line to 'None'
[0.300s] Level 5:colcon.colcon_core.verb:set package 'bumperbot_firmware' build argument 'catkin_skip_building_tests' from command line to 'False'
[0.300s] DEBUG:colcon.colcon_core.verb:Building package 'bumperbot_firmware' with the following arguments: {'ament_cmake_args': None, 'build_base': '/home/aakash/bumperbot_ws/build/bumperbot_firmware', 'catkin_cmake_args': None, 'catkin_skip_building_tests': False, 'cmake_args': None, 'cmake_clean_cache': False, 'cmake_clean_first': False, 'cmake_force_configure': False, 'cmake_target': None, 'cmake_target_skip_unavailable': False, 'install_base': '/home/aakash/bumperbot_ws/install/bumperbot_firmware', 'merge_install': False, 'path': '/home/aakash/bumperbot_ws/src/bumperbot_firmware', 'symlink_install': False, 'test_result_base': None}
[0.300s] Level 5:colcon.colcon_core.verb:set package 'bumperbot_msgs' build argument 'cmake_args' from command line to 'None'
[0.300s] Level 5:colcon.colcon_core.verb:set package 'bumperbot_msgs' build argument 'cmake_target' from command line to 'None'
[0.300s] Level 5:colcon.colcon_core.verb:set package 'bumperbot_msgs' build argument 'cmake_target_skip_unavailable' from command line to 'False'
[0.300s] Level 5:colcon.colcon_core.verb:set package 'bumperbot_msgs' build argument 'cmake_clean_cache' from command line to 'False'
[0.300s] Level 5:colcon.colcon_core.verb:set package 'bumperbot_msgs' build argument 'cmake_clean_first' from command line to 'False'
[0.300s] Level 5:colcon.colcon_core.verb:set package 'bumperbot_msgs' build argument 'cmake_force_configure' from command line to 'False'
[0.300s] Level 5:colcon.colcon_core.verb:set package 'bumperbot_msgs' build argument 'ament_cmake_args' from command line to 'None'
[0.300s] Level 5:colcon.colcon_core.verb:set package 'bumperbot_msgs' build argument 'catkin_cmake_args' from command line to 'None'
[0.300s] Level 5:colcon.colcon_core.verb:set package 'bumperbot_msgs' build argument 'catkin_skip_building_tests' from command line to 'False'
[0.300s] DEBUG:colcon.colcon_core.verb:Building package 'bumperbot_msgs' with the following arguments: {'ament_cmake_args': None, 'build_base': '/home/aakash/bumperbot_ws/build/bumperbot_msgs', 'catkin_cmake_args': None, 'catkin_skip_building_tests': False, 'cmake_args': None, 'cmake_clean_cache': False, 'cmake_clean_first': False, 'cmake_force_configure': False, 'cmake_target': None, 'cmake_target_skip_unavailable': False, 'install_base': '/home/aakash/bumperbot_ws/install/bumperbot_msgs', 'merge_install': False, 'path': '/home/aakash/bumperbot_ws/src/bumperbot_msgs', 'symlink_install': False, 'test_result_base': None}
[0.301s] Level 5:colcon.colcon_core.verb:set package 'bumperbot_py_examples' build argument 'cmake_args' from command line to 'None'
[0.301s] Level 5:colcon.colcon_core.verb:set package 'bumperbot_py_examples' build argument 'cmake_target' from command line to 'None'
[0.301s] Level 5:colcon.colcon_core.verb:set package 'bumperbot_py_examples' build argument 'cmake_target_skip_unavailable' from command line to 'False'
[0.301s] Level 5:colcon.colcon_core.verb:set package 'bumperbot_py_examples' build argument 'cmake_clean_cache' from command line to 'False'
[0.301s] Level 5:colcon.colcon_core.verb:set package 'bumperbot_py_examples' build argument 'cmake_clean_first' from command line to 'False'
[0.301s] Level 5:colcon.colcon_core.verb:set package 'bumperbot_py_examples' build argument 'cmake_force_configure' from command line to 'False'
[0.301s] Level 5:colcon.colcon_core.verb:set package 'bumperbot_py_examples' build argument 'ament_cmake_args' from command line to 'None'
[0.301s] Level 5:colcon.colcon_core.verb:set package 'bumperbot_py_examples' build argument 'catkin_cmake_args' from command line to 'None'
[0.301s] Level 5:colcon.colcon_core.verb:set package 'bumperbot_py_examples' build argument 'catkin_skip_building_tests' from command line to 'False'
[0.301s] DEBUG:colcon.colcon_core.verb:Building package 'bumperbot_py_examples' with the following arguments: {'ament_cmake_args': None, 'build_base': '/home/aakash/bumperbot_ws/build/bumperbot_py_examples', 'catkin_cmake_args': None, 'catkin_skip_building_tests': False, 'cmake_args': None, 'cmake_clean_cache': False, 'cmake_clean_first': False, 'cmake_force_configure': False, 'cmake_target': None, 'cmake_target_skip_unavailable': False, 'install_base': '/home/aakash/bumperbot_ws/install/bumperbot_py_examples', 'merge_install': False, 'path': '/home/aakash/bumperbot_ws/src/bumperbot_py_examples', 'symlink_install': False, 'test_result_base': None}
[0.301s] INFO:colcon.colcon_core.executor:Executing jobs using 'parallel' executor
[0.302s] DEBUG:colcon.colcon_parallel_executor.executor.parallel:run_until_complete
[0.302s] INFO:colcon.colcon_ros.task.ament_cmake.build:Building ROS package in '/home/aakash/bumperbot_ws/src/bumperbot_controller' with build type 'ament_cmake'
[0.302s] INFO:colcon.colcon_cmake.task.cmake.build:Building CMake package in '/home/aakash/bumperbot_ws/src/bumperbot_controller'
[0.305s] INFO:colcon.colcon_core.plugin_system:Skipping extension 'colcon_core.shell.bat': Not used on non-Windows systems
[0.306s] INFO:colcon.colcon_core.shell:Skip shell extension 'powershell' for command environment: Not usable outside of PowerShell
[0.306s] DEBUG:colcon.colcon_core.shell:Skip shell extension 'dsv' for command environment
[0.313s] DEBUG:colcon.colcon_core.shell:Ignoring prefix path '/home/aakash/catkin_ws/devel'
[0.313s] DEBUG:colcon.colcon_core.shell:Ignoring prefix path '/home/aakash/summer_camp_ws/devel'
[0.315s] INFO:colcon.colcon_ros.task.ament_cmake.build:Building ROS package in '/home/aakash/bumperbot_ws/src/bumperbot_cpp_examples' with build type 'ament_cmake'
[0.315s] INFO:colcon.colcon_cmake.task.cmake.build:Building CMake package in '/home/aakash/bumperbot_ws/src/bumperbot_cpp_examples'
[0.315s] INFO:colcon.colcon_core.shell:Skip shell extension 'powershell' for command environment: Not usable outside of PowerShell
[0.315s] DEBUG:colcon.colcon_core.shell:Skip shell extension 'dsv' for command environment
[0.323s] DEBUG:colcon.colcon_core.shell:Ignoring prefix path '/home/aakash/catkin_ws/devel'
[0.324s] DEBUG:colcon.colcon_core.shell:Ignoring prefix path '/home/aakash/summer_camp_ws/devel'
[0.325s] INFO:colcon.colcon_ros.task.ament_cmake.build:Building ROS package in '/home/aakash/bumperbot_ws/src/bumperbot_description' with build type 'ament_cmake'
[0.326s] INFO:colcon.colcon_cmake.task.cmake.build:Building CMake package in '/home/aakash/bumperbot_ws/src/bumperbot_description'
[0.326s] INFO:colcon.colcon_core.shell:Skip shell extension 'powershell' for command environment: Not usable outside of PowerShell
[0.326s] DEBUG:colcon.colcon_core.shell:Skip shell extension 'dsv' for command environment
[0.334s] DEBUG:colcon.colcon_core.shell:Ignoring prefix path '/home/aakash/catkin_ws/devel'
[0.334s] DEBUG:colcon.colcon_core.shell:Ignoring prefix path '/home/aakash/summer_camp_ws/devel'
[0.335s] INFO:colcon.colcon_ros.task.ament_cmake.build:Building ROS package in '/home/aakash/bumperbot_ws/src/bumperbot_firmware' with build type 'ament_cmake'
[0.335s] INFO:colcon.colcon_cmake.task.cmake.build:Building CMake package in '/home/aakash/bumperbot_ws/src/bumperbot_firmware'
[0.335s] INFO:colcon.colcon_core.shell:Skip shell extension 'powershell' for command environment: Not usable outside of PowerShell
[0.335s] DEBUG:colcon.colcon_core.shell:Skip shell extension 'dsv' for command environment
[0.343s] DEBUG:colcon.colcon_core.shell:Ignoring prefix path '/home/aakash/catkin_ws/devel'
[0.343s] DEBUG:colcon.colcon_core.shell:Ignoring prefix path '/home/aakash/summer_camp_ws/devel'
[0.344s] INFO:colcon.colcon_ros.task.ament_cmake.build:Building ROS package in '/home/aakash/bumperbot_ws/src/bumperbot_msgs' with build type 'ament_cmake'
[0.345s] INFO:colcon.colcon_cmake.task.cmake.build:Building CMake package in '/home/aakash/bumperbot_ws/src/bumperbot_msgs'
[0.345s] INFO:colcon.colcon_core.shell:Skip shell extension 'powershell' for command environment: Not usable outside of PowerShell
[0.345s] DEBUG:colcon.colcon_core.shell:Skip shell extension 'dsv' for command environment
[0.353s] DEBUG:colcon.colcon_core.shell:Ignoring prefix path '/home/aakash/catkin_ws/devel'
[0.353s] DEBUG:colcon.colcon_core.shell:Ignoring prefix path '/home/aakash/summer_camp_ws/devel'
[0.355s] INFO:colcon.colcon_ros.task.ament_python.build:Building ROS package in '/home/aakash/bumperbot_ws/src/bumperbot_py_examples' with build type 'ament_python'
[0.355s] Level 1:colcon.colcon_core.shell:create_environment_hook('bumperbot_py_examples', 'ament_prefix_path')
[0.355s] INFO:colcon.colcon_core.shell:Creating environment hook '/home/aakash/bumperbot_ws/install/bumperbot_py_examples/share/bumperbot_py_examples/hook/ament_prefix_path.ps1'
[0.356s] INFO:colcon.colcon_core.shell:Creating environment descriptor '/home/aakash/bumperbot_ws/install/bumperbot_py_examples/share/bumperbot_py_examples/hook/ament_prefix_path.dsv'
[0.357s] INFO:colcon.colcon_core.shell:Creating environment hook '/home/aakash/bumperbot_ws/install/bumperbot_py_examples/share/bumperbot_py_examples/hook/ament_prefix_path.sh'
[0.358s] INFO:colcon.colcon_core.shell:Skip shell extension 'powershell' for command environment: Not usable outside of PowerShell
[0.358s] DEBUG:colcon.colcon_core.shell:Skip shell extension 'dsv' for command environment
[0.365s] DEBUG:colcon.colcon_core.shell:Ignoring prefix path '/home/aakash/catkin_ws/devel'
[0.366s] DEBUG:colcon.colcon_core.shell:Ignoring prefix path '/home/aakash/summer_camp_ws/devel'
[0.374s] DEBUG:colcon.colcon_core.event_handler.log_command:Invoking command in '/home/aakash/bumperbot_ws/build/bumperbot_controller': CMAKE_PREFIX_PATH=/home/aakash/eyantra_ws/install/ur5_moveit:/home/aakash/eyantra_ws/install/ur_description:/home/aakash/eyantra_ws/install/realsense_gazebo_plugin:/home/aakash/eyantra_ws/install/pymoveit2:/home/aakash/eyantra_ws/install/linkattacher_msgs:/home/aakash/eyantra_ws/install/gazebo_ros2_control:/home/aakash/eyantra_ws/install/eyantra_warehouse:/home/aakash/eyantra_ws/install/ebot_nav2:/home/aakash/eyantra_ws/install/ebot_description:/home/aakash/eyantra_ws/install/ebot_docking:/home/aakash/eyantra_ws/install/aws_robomaker_small_warehouse_world:/home/aakash/intelligent_quads/ardu_ws/install/mavlink:/home/aakash/simulation2_ws/install/move_robot_as:/home/aakash/simulation2_ws/install/t3_action_msg:/home/aakash/simulation2_ws/install/ros2_mapping:/home/aakash/simulation2_ws/install/neo_simulation2:/home/aakash/neobotix_workspace/install/neo_srvs2:/home/aakash/neobotix_workspace/install/neo_simulation2:/home/aakash/neobotix_workspace/install/neo_nav2_bringup:/home/aakash/neobotix_workspace/install/neo_msgs2:/home/aakash/neobotix_workspace/install/neo_localization2:/home/aakash/neobotix_workspace/install/neo_local_planner2:/home/aakash/neobotix_workspace/install/neo_common2:/home/aakash/turtlebot3_ws/install/turtlebot3:/home/aakash/turtlebot3_ws/install/turtlebot3_simulations:/home/aakash/turtlebot3_ws/install/turtlebot3_bringup:/home/aakash/turtlebot3_ws/install/turtlebot3_node:/home/aakash/turtlebot3_ws/install/turtlebot3_navigation2:/home/aakash/turtlebot3_ws/install/turtlebot3_fake_node:/home/aakash/turtlebot3_ws/install/turtlebot3_msgs:/home/aakash/turtlebot3_ws/install/turtlebot3_gazebo:/home/aakash/turtlebot3_ws/install/turtlebot3_description:/home/aakash/turtlebot3_ws/install/turtlebot3_cartographer:/home/aakash/turtlebot3_ws/install/hls_lfcd_lds_driver:/home/aakash/turtlebot3_ws/install/dynamixel_sdk_examples:/home/aakash/turtlebot3_ws/install/dynamixel_sdk_custom_interfaces:/home/aakash/turtlebot3_ws/install/dynamixel_sdk:/home/aakash/flytbase_ws/install/turtle_assignment:/home/aakash/flytbase/ros2_ws/install/uav_deconfliction:/home/aakash/simulation2_ws/install/services_pkg:/home/aakash/turtlebot3_ws/install/turtlebot3_teleop:/home/aakash/turtlebot3_ws/install/turtlebot3_example:/home/aakash/turtlebot3_ws/install/tb3_sim:/home/aakash/ros2practice/install/my_robot_controller:/home/aakash/practice_ws/install/my_robot_controller:/opt/ros/humble:/home/aakash/catkin_ws/devel:/home/aakash/summer_camp_ws/devel /usr/bin/cmake --build /home/aakash/bumperbot_ws/build/bumperbot_controller -- -j12 -l12
[0.379s] DEBUG:colcon.colcon_core.event_handler.log_command:Invoking command in '/home/aakash/bumperbot_ws/build/bumperbot_cpp_examples': CMAKE_PREFIX_PATH=/home/aakash/eyantra_ws/install/ur5_moveit:/home/aakash/eyantra_ws/install/ur_description:/home/aakash/eyantra_ws/install/realsense_gazebo_plugin:/home/aakash/eyantra_ws/install/pymoveit2:/home/aakash/eyantra_ws/install/linkattacher_msgs:/home/aakash/eyantra_ws/install/gazebo_ros2_control:/home/aakash/eyantra_ws/install/eyantra_warehouse:/home/aakash/eyantra_ws/install/ebot_nav2:/home/aakash/eyantra_ws/install/ebot_description:/home/aakash/eyantra_ws/install/ebot_docking:/home/aakash/eyantra_ws/install/aws_robomaker_small_warehouse_world:/home/aakash/intelligent_quads/ardu_ws/install/mavlink:/home/aakash/simulation2_ws/install/move_robot_as:/home/aakash/simulation2_ws/install/t3_action_msg:/home/aakash/simulation2_ws/install/ros2_mapping:/home/aakash/simulation2_ws/install/neo_simulation2:/home/aakash/neobotix_workspace/install/neo_srvs2:/home/aakash/neobotix_workspace/install/neo_simulation2:/home/aakash/neobotix_workspace/install/neo_nav2_bringup:/home/aakash/neobotix_workspace/install/neo_msgs2:/home/aakash/neobotix_workspace/install/neo_localization2:/home/aakash/neobotix_workspace/install/neo_local_planner2:/home/aakash/neobotix_workspace/install/neo_common2:/home/aakash/turtlebot3_ws/install/turtlebot3:/home/aakash/turtlebot3_ws/install/turtlebot3_simulations:/home/aakash/turtlebot3_ws/install/turtlebot3_bringup:/home/aakash/turtlebot3_ws/install/turtlebot3_node:/home/aakash/turtlebot3_ws/install/turtlebot3_navigation2:/home/aakash/turtlebot3_ws/install/turtlebot3_fake_node:/home/aakash/turtlebot3_ws/install/turtlebot3_msgs:/home/aakash/turtlebot3_ws/install/turtlebot3_gazebo:/home/aakash/turtlebot3_ws/install/turtlebot3_description:/home/aakash/turtlebot3_ws/install/turtlebot3_cartographer:/home/aakash/turtlebot3_ws/install/hls_lfcd_lds_driver:/home/aakash/turtlebot3_ws/install/dynamixel_sdk_examples:/home/aakash/turtlebot3_ws/install/dynamixel_sdk_custom_interfaces:/home/aakash/turtlebot3_ws/install/dynamixel_sdk:/home/aakash/flytbase_ws/install/turtle_assignment:/home/aakash/flytbase/ros2_ws/install/uav_deconfliction:/home/aakash/simulation2_ws/install/services_pkg:/home/aakash/turtlebot3_ws/install/turtlebot3_teleop:/home/aakash/turtlebot3_ws/install/turtlebot3_example:/home/aakash/turtlebot3_ws/install/tb3_sim:/home/aakash/ros2practice/install/my_robot_controller:/home/aakash/practice_ws/install/my_robot_controller:/opt/ros/humble:/home/aakash/catkin_ws/devel:/home/aakash/summer_camp_ws/devel /usr/bin/cmake --build /home/aakash/bumperbot_ws/build/bumperbot_cpp_examples -- -j12 -l12
[0.382s] DEBUG:colcon.colcon_core.event_handler.log_command:Invoking command in '/home/aakash/bumperbot_ws/build/bumperbot_description': CMAKE_PREFIX_PATH=/home/aakash/eyantra_ws/install/ur5_moveit:/home/aakash/eyantra_ws/install/ur_description:/home/aakash/eyantra_ws/install/realsense_gazebo_plugin:/home/aakash/eyantra_ws/install/pymoveit2:/home/aakash/eyantra_ws/install/linkattacher_msgs:/home/aakash/eyantra_ws/install/gazebo_ros2_control:/home/aakash/eyantra_ws/install/eyantra_warehouse:/home/aakash/eyantra_ws/install/ebot_nav2:/home/aakash/eyantra_ws/install/ebot_description:/home/aakash/eyantra_ws/install/ebot_docking:/home/aakash/eyantra_ws/install/aws_robomaker_small_warehouse_world:/home/aakash/intelligent_quads/ardu_ws/install/mavlink:/home/aakash/simulation2_ws/install/move_robot_as:/home/aakash/simulation2_ws/install/t3_action_msg:/home/aakash/simulation2_ws/install/ros2_mapping:/home/aakash/simulation2_ws/install/neo_simulation2:/home/aakash/neobotix_workspace/install/neo_srvs2:/home/aakash/neobotix_workspace/install/neo_simulation2:/home/aakash/neobotix_workspace/install/neo_nav2_bringup:/home/aakash/neobotix_workspace/install/neo_msgs2:/home/aakash/neobotix_workspace/install/neo_localization2:/home/aakash/neobotix_workspace/install/neo_local_planner2:/home/aakash/neobotix_workspace/install/neo_common2:/home/aakash/turtlebot3_ws/install/turtlebot3:/home/aakash/turtlebot3_ws/install/turtlebot3_simulations:/home/aakash/turtlebot3_ws/install/turtlebot3_bringup:/home/aakash/turtlebot3_ws/install/turtlebot3_node:/home/aakash/turtlebot3_ws/install/turtlebot3_navigation2:/home/aakash/turtlebot3_ws/install/turtlebot3_fake_node:/home/aakash/turtlebot3_ws/install/turtlebot3_msgs:/home/aakash/turtlebot3_ws/install/turtlebot3_gazebo:/home/aakash/turtlebot3_ws/install/turtlebot3_description:/home/aakash/turtlebot3_ws/install/turtlebot3_cartographer:/home/aakash/turtlebot3_ws/install/hls_lfcd_lds_driver:/home/aakash/turtlebot3_ws/install/dynamixel_sdk_examples:/home/aakash/turtlebot3_ws/install/dynamixel_sdk_custom_interfaces:/home/aakash/turtlebot3_ws/install/dynamixel_sdk:/home/aakash/flytbase_ws/install/turtle_assignment:/home/aakash/flytbase/ros2_ws/install/uav_deconfliction:/home/aakash/simulation2_ws/install/services_pkg:/home/aakash/turtlebot3_ws/install/turtlebot3_teleop:/home/aakash/turtlebot3_ws/install/turtlebot3_example:/home/aakash/turtlebot3_ws/install/tb3_sim:/home/aakash/ros2practice/install/my_robot_controller:/home/aakash/practice_ws/install/my_robot_controller:/opt/ros/humble:/home/aakash/catkin_ws/devel:/home/aakash/summer_camp_ws/devel /usr/bin/cmake --build /home/aakash/bumperbot_ws/build/bumperbot_description -- -j12 -l12
[0.388s] DEBUG:colcon.colcon_core.event_handler.log_command:Invoking command in '/home/aakash/bumperbot_ws/build/bumperbot_firmware': CMAKE_PREFIX_PATH=/home/aakash/eyantra_ws/install/ur5_moveit:/home/aakash/eyantra_ws/install/ur_description:/home/aakash/eyantra_ws/install/realsense_gazebo_plugin:/home/aakash/eyantra_ws/install/pymoveit2:/home/aakash/eyantra_ws/install/linkattacher_msgs:/home/aakash/eyantra_ws/install/gazebo_ros2_control:/home/aakash/eyantra_ws/install/eyantra_warehouse:/home/aakash/eyantra_ws/install/ebot_nav2:/home/aakash/eyantra_ws/install/ebot_description:/home/aakash/eyantra_ws/install/ebot_docking:/home/aakash/eyantra_ws/install/aws_robomaker_small_warehouse_world:/home/aakash/intelligent_quads/ardu_ws/install/mavlink:/home/aakash/simulation2_ws/install/move_robot_as:/home/aakash/simulation2_ws/install/t3_action_msg:/home/aakash/simulation2_ws/install/ros2_mapping:/home/aakash/simulation2_ws/install/neo_simulation2:/home/aakash/neobotix_workspace/install/neo_srvs2:/home/aakash/neobotix_workspace/install/neo_simulation2:/home/aakash/neobotix_workspace/install/neo_nav2_bringup:/home/aakash/neobotix_workspace/install/neo_msgs2:/home/aakash/neobotix_workspace/install/neo_localization2:/home/aakash/neobotix_workspace/install/neo_local_planner2:/home/aakash/neobotix_workspace/install/neo_common2:/home/aakash/turtlebot3_ws/install/turtlebot3:/home/aakash/turtlebot3_ws/install/turtlebot3_simulations:/home/aakash/turtlebot3_ws/install/turtlebot3_bringup:/home/aakash/turtlebot3_ws/install/turtlebot3_node:/home/aakash/turtlebot3_ws/install/turtlebot3_navigation2:/home/aakash/turtlebot3_ws/install/turtlebot3_fake_node:/home/aakash/turtlebot3_ws/install/turtlebot3_msgs:/home/aakash/turtlebot3_ws/install/turtlebot3_gazebo:/home/aakash/turtlebot3_ws/install/turtlebot3_description:/home/aakash/turtlebot3_ws/install/turtlebot3_cartographer:/home/aakash/turtlebot3_ws/install/hls_lfcd_lds_driver:/home/aakash/turtlebot3_ws/install/dynamixel_sdk_examples:/home/aakash/turtlebot3_ws/install/dynamixel_sdk_custom_interfaces:/home/aakash/turtlebot3_ws/install/dynamixel_sdk:/home/aakash/flytbase_ws/install/turtle_assignment:/home/aakash/flytbase/ros2_ws/install/uav_deconfliction:/home/aakash/simulation2_ws/install/services_pkg:/home/aakash/turtlebot3_ws/install/turtlebot3_teleop:/home/aakash/turtlebot3_ws/install/turtlebot3_example:/home/aakash/turtlebot3_ws/install/tb3_sim:/home/aakash/ros2practice/install/my_robot_controller:/home/aakash/practice_ws/install/my_robot_controller:/opt/ros/humble:/home/aakash/catkin_ws/devel:/home/aakash/summer_camp_ws/devel /usr/bin/cmake --build /home/aakash/bumperbot_ws/build/bumperbot_firmware -- -j12 -l12
[0.430s] DEBUG:colcon.colcon_core.event_handler.log_command:Invoking command in '/home/aakash/bumperbot_ws/build/bumperbot_msgs': CMAKE_PREFIX_PATH=/home/aakash/eyantra_ws/install/ur5_moveit:/home/aakash/eyantra_ws/install/ur_description:/home/aakash/eyantra_ws/install/realsense_gazebo_plugin:/home/aakash/eyantra_ws/install/pymoveit2:/home/aakash/eyantra_ws/install/linkattacher_msgs:/home/aakash/eyantra_ws/install/gazebo_ros2_control:/home/aakash/eyantra_ws/install/eyantra_warehouse:/home/aakash/eyantra_ws/install/ebot_nav2:/home/aakash/eyantra_ws/install/ebot_description:/home/aakash/eyantra_ws/install/ebot_docking:/home/aakash/eyantra_ws/install/aws_robomaker_small_warehouse_world:/home/aakash/intelligent_quads/ardu_ws/install/mavlink:/home/aakash/simulation2_ws/install/move_robot_as:/home/aakash/simulation2_ws/install/t3_action_msg:/home/aakash/simulation2_ws/install/ros2_mapping:/home/aakash/simulation2_ws/install/neo_simulation2:/home/aakash/neobotix_workspace/install/neo_srvs2:/home/aakash/neobotix_workspace/install/neo_simulation2:/home/aakash/neobotix_workspace/install/neo_nav2_bringup:/home/aakash/neobotix_workspace/install/neo_msgs2:/home/aakash/neobotix_workspace/install/neo_localization2:/home/aakash/neobotix_workspace/install/neo_local_planner2:/home/aakash/neobotix_workspace/install/neo_common2:/home/aakash/turtlebot3_ws/install/turtlebot3:/home/aakash/turtlebot3_ws/install/turtlebot3_simulations:/home/aakash/turtlebot3_ws/install/turtlebot3_bringup:/home/aakash/turtlebot3_ws/install/turtlebot3_node:/home/aakash/turtlebot3_ws/install/turtlebot3_navigation2:/home/aakash/turtlebot3_ws/install/turtlebot3_fake_node:/home/aakash/turtlebot3_ws/install/turtlebot3_msgs:/home/aakash/turtlebot3_ws/install/turtlebot3_gazebo:/home/aakash/turtlebot3_ws/install/turtlebot3_description:/home/aakash/turtlebot3_ws/install/turtlebot3_cartographer:/home/aakash/turtlebot3_ws/install/hls_lfcd_lds_driver:/home/aakash/turtlebot3_ws/install/dynamixel_sdk_examples:/home/aakash/turtlebot3_ws/install/dynamixel_sdk_custom_interfaces:/home/aakash/turtlebot3_ws/install/dynamixel_sdk:/home/aakash/flytbase_ws/install/turtle_assignment:/home/aakash/flytbase/ros2_ws/install/uav_deconfliction:/home/aakash/simulation2_ws/install/services_pkg:/home/aakash/turtlebot3_ws/install/turtlebot3_teleop:/home/aakash/turtlebot3_ws/install/turtlebot3_example:/home/aakash/turtlebot3_ws/install/tb3_sim:/home/aakash/ros2practice/install/my_robot_controller:/home/aakash/practice_ws/install/my_robot_controller:/opt/ros/humble:/home/aakash/catkin_ws/devel:/home/aakash/summer_camp_ws/devel /usr/bin/cmake --build /home/aakash/bumperbot_ws/build/bumperbot_msgs -- -j12 -l12
[0.744s] INFO:colcon.colcon_core.task.python.build:Building Python package in '/home/aakash/bumperbot_ws/src/bumperbot_py_examples'
[0.744s] INFO:colcon.colcon_core.shell:Skip shell extension 'powershell' for command environment: Not usable outside of PowerShell
[0.745s] DEBUG:colcon.colcon_core.shell:Skip shell extension 'dsv' for command environment
[0.756s] DEBUG:colcon.colcon_core.shell:Ignoring prefix path '/home/aakash/catkin_ws/devel'
[0.756s] DEBUG:colcon.colcon_core.shell:Ignoring prefix path '/home/aakash/summer_camp_ws/devel'
[0.761s] DEBUG:colcon.colcon_core.event_handler.log_command:Invoked command in '/home/aakash/bumperbot_ws/build/bumperbot_description' returned '0': CMAKE_PREFIX_PATH=/home/aakash/eyantra_ws/install/ur5_moveit:/home/aakash/eyantra_ws/install/ur_description:/home/aakash/eyantra_ws/install/realsense_gazebo_plugin:/home/aakash/eyantra_ws/install/pymoveit2:/home/aakash/eyantra_ws/install/linkattacher_msgs:/home/aakash/eyantra_ws/install/gazebo_ros2_control:/home/aakash/eyantra_ws/install/eyantra_warehouse:/home/aakash/eyantra_ws/install/ebot_nav2:/home/aakash/eyantra_ws/install/ebot_description:/home/aakash/eyantra_ws/install/ebot_docking:/home/aakash/eyantra_ws/install/aws_robomaker_small_warehouse_world:/home/aakash/intelligent_quads/ardu_ws/install/mavlink:/home/aakash/simulation2_ws/install/move_robot_as:/home/aakash/simulation2_ws/install/t3_action_msg:/home/aakash/simulation2_ws/install/ros2_mapping:/home/aakash/simulation2_ws/install/neo_simulation2:/home/aakash/neobotix_workspace/install/neo_srvs2:/home/aakash/neobotix_workspace/install/neo_simulation2:/home/aakash/neobotix_workspace/install/neo_nav2_bringup:/home/aakash/neobotix_workspace/install/neo_msgs2:/home/aakash/neobotix_workspace/install/neo_localization2:/home/aakash/neobotix_workspace/install/neo_local_planner2:/home/aakash/neobotix_workspace/install/neo_common2:/home/aakash/turtlebot3_ws/install/turtlebot3:/home/aakash/turtlebot3_ws/install/turtlebot3_simulations:/home/aakash/turtlebot3_ws/install/turtlebot3_bringup:/home/aakash/turtlebot3_ws/install/turtlebot3_node:/home/aakash/turtlebot3_ws/install/turtlebot3_navigation2:/home/aakash/turtlebot3_ws/install/turtlebot3_fake_node:/home/aakash/turtlebot3_ws/install/turtlebot3_msgs:/home/aakash/turtlebot3_ws/install/turtlebot3_gazebo:/home/aakash/turtlebot3_ws/install/turtlebot3_description:/home/aakash/turtlebot3_ws/install/turtlebot3_cartographer:/home/aakash/turtlebot3_ws/install/hls_lfcd_lds_driver:/home/aakash/turtlebot3_ws/install/dynamixel_sdk_examples:/home/aakash/turtlebot3_ws/install/dynamixel_sdk_custom_interfaces:/home/aakash/turtlebot3_ws/install/dynamixel_sdk:/home/aakash/flytbase_ws/install/turtle_assignment:/home/aakash/flytbase/ros2_ws/install/uav_deconfliction:/home/aakash/simulation2_ws/install/services_pkg:/home/aakash/turtlebot3_ws/install/turtlebot3_teleop:/home/aakash/turtlebot3_ws/install/turtlebot3_example:/home/aakash/turtlebot3_ws/install/tb3_sim:/home/aakash/ros2practice/install/my_robot_controller:/home/aakash/practice_ws/install/my_robot_controller:/opt/ros/humble:/home/aakash/catkin_ws/devel:/home/aakash/summer_camp_ws/devel /usr/bin/cmake --build /home/aakash/bumperbot_ws/build/bumperbot_description -- -j12 -l12
[0.787s] DEBUG:colcon.colcon_core.event_handler.log_command:Invoking command in '/home/aakash/bumperbot_ws/build/bumperbot_description': CMAKE_PREFIX_PATH=/home/aakash/eyantra_ws/install/ur5_moveit:/home/aakash/eyantra_ws/install/ur_description:/home/aakash/eyantra_ws/install/realsense_gazebo_plugin:/home/aakash/eyantra_ws/install/pymoveit2:/home/aakash/eyantra_ws/install/linkattacher_msgs:/home/aakash/eyantra_ws/install/gazebo_ros2_control:/home/aakash/eyantra_ws/install/eyantra_warehouse:/home/aakash/eyantra_ws/install/ebot_nav2:/home/aakash/eyantra_ws/install/ebot_description:/home/aakash/eyantra_ws/install/ebot_docking:/home/aakash/eyantra_ws/install/aws_robomaker_small_warehouse_world:/home/aakash/intelligent_quads/ardu_ws/install/mavlink:/home/aakash/simulation2_ws/install/move_robot_as:/home/aakash/simulation2_ws/install/t3_action_msg:/home/aakash/simulation2_ws/install/ros2_mapping:/home/aakash/simulation2_ws/install/neo_simulation2:/home/aakash/neobotix_workspace/install/neo_srvs2:/home/aakash/neobotix_workspace/install/neo_simulation2:/home/aakash/neobotix_workspace/install/neo_nav2_bringup:/home/aakash/neobotix_workspace/install/neo_msgs2:/home/aakash/neobotix_workspace/install/neo_localization2:/home/aakash/neobotix_workspace/install/neo_local_planner2:/home/aakash/neobotix_workspace/install/neo_common2:/home/aakash/turtlebot3_ws/install/turtlebot3:/home/aakash/turtlebot3_ws/install/turtlebot3_simulations:/home/aakash/turtlebot3_ws/install/turtlebot3_bringup:/home/aakash/turtlebot3_ws/install/turtlebot3_node:/home/aakash/turtlebot3_ws/install/turtlebot3_navigation2:/home/aakash/turtlebot3_ws/install/turtlebot3_fake_node:/home/aakash/turtlebot3_ws/install/turtlebot3_msgs:/home/aakash/turtlebot3_ws/install/turtlebot3_gazebo:/home/aakash/turtlebot3_ws/install/turtlebot3_description:/home/aakash/turtlebot3_ws/install/turtlebot3_cartographer:/home/aakash/turtlebot3_ws/install/hls_lfcd_lds_driver:/home/aakash/turtlebot3_ws/install/dynamixel_sdk_examples:/home/aakash/turtlebot3_ws/install/dynamixel_sdk_custom_interfaces:/home/aakash/turtlebot3_ws/install/dynamixel_sdk:/home/aakash/flytbase_ws/install/turtle_assignment:/home/aakash/flytbase/ros2_ws/install/uav_deconfliction:/home/aakash/simulation2_ws/install/services_pkg:/home/aakash/turtlebot3_ws/install/turtlebot3_teleop:/home/aakash/turtlebot3_ws/install/turtlebot3_example:/home/aakash/turtlebot3_ws/install/tb3_sim:/home/aakash/ros2practice/install/my_robot_controller:/home/aakash/practice_ws/install/my_robot_controller:/opt/ros/humble:/home/aakash/catkin_ws/devel:/home/aakash/summer_camp_ws/devel /usr/bin/cmake --install /home/aakash/bumperbot_ws/build/bumperbot_description
[0.788s] DEBUG:colcon.colcon_core.event_handler.log_command:Invoked command in '/home/aakash/bumperbot_ws/build/bumperbot_msgs' returned '0': CMAKE_PREFIX_PATH=/home/aakash/eyantra_ws/install/ur5_moveit:/home/aakash/eyantra_ws/install/ur_description:/home/aakash/eyantra_ws/install/realsense_gazebo_plugin:/home/aakash/eyantra_ws/install/pymoveit2:/home/aakash/eyantra_ws/install/linkattacher_msgs:/home/aakash/eyantra_ws/install/gazebo_ros2_control:/home/aakash/eyantra_ws/install/eyantra_warehouse:/home/aakash/eyantra_ws/install/ebot_nav2:/home/aakash/eyantra_ws/install/ebot_description:/home/aakash/eyantra_ws/install/ebot_docking:/home/aakash/eyantra_ws/install/aws_robomaker_small_warehouse_world:/home/aakash/intelligent_quads/ardu_ws/install/mavlink:/home/aakash/simulation2_ws/install/move_robot_as:/home/aakash/simulation2_ws/install/t3_action_msg:/home/aakash/simulation2_ws/install/ros2_mapping:/home/aakash/simulation2_ws/install/neo_simulation2:/home/aakash/neobotix_workspace/install/neo_srvs2:/home/aakash/neobotix_workspace/install/neo_simulation2:/home/aakash/neobotix_workspace/install/neo_nav2_bringup:/home/aakash/neobotix_workspace/install/neo_msgs2:/home/aakash/neobotix_workspace/install/neo_localization2:/home/aakash/neobotix_workspace/install/neo_local_planner2:/home/aakash/neobotix_workspace/install/neo_common2:/home/aakash/turtlebot3_ws/install/turtlebot3:/home/aakash/turtlebot3_ws/install/turtlebot3_simulations:/home/aakash/turtlebot3_ws/install/turtlebot3_bringup:/home/aakash/turtlebot3_ws/install/turtlebot3_node:/home/aakash/turtlebot3_ws/install/turtlebot3_navigation2:/home/aakash/turtlebot3_ws/install/turtlebot3_fake_node:/home/aakash/turtlebot3_ws/install/turtlebot3_msgs:/home/aakash/turtlebot3_ws/install/turtlebot3_gazebo:/home/aakash/turtlebot3_ws/install/turtlebot3_description:/home/aakash/turtlebot3_ws/install/turtlebot3_cartographer:/home/aakash/turtlebot3_ws/install/hls_lfcd_lds_driver:/home/aakash/turtlebot3_ws/install/dynamixel_sdk_examples:/home/aakash/turtlebot3_ws/install/dynamixel_sdk_custom_interfaces:/home/aakash/turtlebot3_ws/install/dynamixel_sdk:/home/aakash/flytbase_ws/install/turtle_assignment:/home/aakash/flytbase/ros2_ws/install/uav_deconfliction:/home/aakash/simulation2_ws/install/services_pkg:/home/aakash/turtlebot3_ws/install/turtlebot3_teleop:/home/aakash/turtlebot3_ws/install/turtlebot3_example:/home/aakash/turtlebot3_ws/install/tb3_sim:/home/aakash/ros2practice/install/my_robot_controller:/home/aakash/practice_ws/install/my_robot_controller:/opt/ros/humble:/home/aakash/catkin_ws/devel:/home/aakash/summer_camp_ws/devel /usr/bin/cmake --build /home/aakash/bumperbot_ws/build/bumperbot_msgs -- -j12 -l12
[0.790s] DEBUG:colcon.colcon_core.event_handler.log_command:Invoking command in '/home/aakash/bumperbot_ws/build/bumperbot_msgs': CMAKE_PREFIX_PATH=/home/aakash/eyantra_ws/install/ur5_moveit:/home/aakash/eyantra_ws/install/ur_description:/home/aakash/eyantra_ws/install/realsense_gazebo_plugin:/home/aakash/eyantra_ws/install/pymoveit2:/home/aakash/eyantra_ws/install/linkattacher_msgs:/home/aakash/eyantra_ws/install/gazebo_ros2_control:/home/aakash/eyantra_ws/install/eyantra_warehouse:/home/aakash/eyantra_ws/install/ebot_nav2:/home/aakash/eyantra_ws/install/ebot_description:/home/aakash/eyantra_ws/install/ebot_docking:/home/aakash/eyantra_ws/install/aws_robomaker_small_warehouse_world:/home/aakash/intelligent_quads/ardu_ws/install/mavlink:/home/aakash/simulation2_ws/install/move_robot_as:/home/aakash/simulation2_ws/install/t3_action_msg:/home/aakash/simulation2_ws/install/ros2_mapping:/home/aakash/simulation2_ws/install/neo_simulation2:/home/aakash/neobotix_workspace/install/neo_srvs2:/home/aakash/neobotix_workspace/install/neo_simulation2:/home/aakash/neobotix_workspace/install/neo_nav2_bringup:/home/aakash/neobotix_workspace/install/neo_msgs2:/home/aakash/neobotix_workspace/install/neo_localization2:/home/aakash/neobotix_workspace/install/neo_local_planner2:/home/aakash/neobotix_workspace/install/neo_common2:/home/aakash/turtlebot3_ws/install/turtlebot3:/home/aakash/turtlebot3_ws/install/turtlebot3_simulations:/home/aakash/turtlebot3_ws/install/turtlebot3_bringup:/home/aakash/turtlebot3_ws/install/turtlebot3_node:/home/aakash/turtlebot3_ws/install/turtlebot3_navigation2:/home/aakash/turtlebot3_ws/install/turtlebot3_fake_node:/home/aakash/turtlebot3_ws/install/turtlebot3_msgs:/home/aakash/turtlebot3_ws/install/turtlebot3_gazebo:/home/aakash/turtlebot3_ws/install/turtlebot3_description:/home/aakash/turtlebot3_ws/install/turtlebot3_cartographer:/home/aakash/turtlebot3_ws/install/hls_lfcd_lds_driver:/home/aakash/turtlebot3_ws/install/dynamixel_sdk_examples:/home/aakash/turtlebot3_ws/install/dynamixel_sdk_custom_interfaces:/home/aakash/turtlebot3_ws/install/dynamixel_sdk:/home/aakash/flytbase_ws/install/turtle_assignment:/home/aakash/flytbase/ros2_ws/install/uav_deconfliction:/home/aakash/simulation2_ws/install/services_pkg:/home/aakash/turtlebot3_ws/install/turtlebot3_teleop:/home/aakash/turtlebot3_ws/install/turtlebot3_example:/home/aakash/turtlebot3_ws/install/tb3_sim:/home/aakash/ros2practice/install/my_robot_controller:/home/aakash/practice_ws/install/my_robot_controller:/opt/ros/humble:/home/aakash/catkin_ws/devel:/home/aakash/summer_camp_ws/devel /usr/bin/cmake --install /home/aakash/bumperbot_ws/build/bumperbot_msgs
[0.791s] DEBUG:colcon.colcon_core.event_handler.log_command:Invoked command in '/home/aakash/bumperbot_ws/build/bumperbot_cpp_examples' returned '0': CMAKE_PREFIX_PATH=/home/aakash/eyantra_ws/install/ur5_moveit:/home/aakash/eyantra_ws/install/ur_description:/home/aakash/eyantra_ws/install/realsense_gazebo_plugin:/home/aakash/eyantra_ws/install/pymoveit2:/home/aakash/eyantra_ws/install/linkattacher_msgs:/home/aakash/eyantra_ws/install/gazebo_ros2_control:/home/aakash/eyantra_ws/install/eyantra_warehouse:/home/aakash/eyantra_ws/install/ebot_nav2:/home/aakash/eyantra_ws/install/ebot_description:/home/aakash/eyantra_ws/install/ebot_docking:/home/aakash/eyantra_ws/install/aws_robomaker_small_warehouse_world:/home/aakash/intelligent_quads/ardu_ws/install/mavlink:/home/aakash/simulation2_ws/install/move_robot_as:/home/aakash/simulation2_ws/install/t3_action_msg:/home/aakash/simulation2_ws/install/ros2_mapping:/home/aakash/simulation2_ws/install/neo_simulation2:/home/aakash/neobotix_workspace/install/neo_srvs2:/home/aakash/neobotix_workspace/install/neo_simulation2:/home/aakash/neobotix_workspace/install/neo_nav2_bringup:/home/aakash/neobotix_workspace/install/neo_msgs2:/home/aakash/neobotix_workspace/install/neo_localization2:/home/aakash/neobotix_workspace/install/neo_local_planner2:/home/aakash/neobotix_workspace/install/neo_common2:/home/aakash/turtlebot3_ws/install/turtlebot3:/home/aakash/turtlebot3_ws/install/turtlebot3_simulations:/home/aakash/turtlebot3_ws/install/turtlebot3_bringup:/home/aakash/turtlebot3_ws/install/turtlebot3_node:/home/aakash/turtlebot3_ws/install/turtlebot3_navigation2:/home/aakash/turtlebot3_ws/install/turtlebot3_fake_node:/home/aakash/turtlebot3_ws/install/turtlebot3_msgs:/home/aakash/turtlebot3_ws/install/turtlebot3_gazebo:/home/aakash/turtlebot3_ws/install/turtlebot3_description:/home/aakash/turtlebot3_ws/install/turtlebot3_cartographer:/home/aakash/turtlebot3_ws/install/hls_lfcd_lds_driver:/home/aakash/turtlebot3_ws/install/dynamixel_sdk_examples:/home/aakash/turtlebot3_ws/install/dynamixel_sdk_custom_interfaces:/home/aakash/turtlebot3_ws/install/dynamixel_sdk:/home/aakash/flytbase_ws/install/turtle_assignment:/home/aakash/flytbase/ros2_ws/install/uav_deconfliction:/home/aakash/simulation2_ws/install/services_pkg:/home/aakash/turtlebot3_ws/install/turtlebot3_teleop:/home/aakash/turtlebot3_ws/install/turtlebot3_example:/home/aakash/turtlebot3_ws/install/tb3_sim:/home/aakash/ros2practice/install/my_robot_controller:/home/aakash/practice_ws/install/my_robot_controller:/opt/ros/humble:/home/aakash/catkin_ws/devel:/home/aakash/summer_camp_ws/devel /usr/bin/cmake --build /home/aakash/bumperbot_ws/build/bumperbot_cpp_examples -- -j12 -l12
[0.794s] DEBUG:colcon.colcon_core.event_handler.log_command:Invoking command in '/home/aakash/bumperbot_ws/build/bumperbot_cpp_examples': CMAKE_PREFIX_PATH=/home/aakash/eyantra_ws/install/ur5_moveit:/home/aakash/eyantra_ws/install/ur_description:/home/aakash/eyantra_ws/install/realsense_gazebo_plugin:/home/aakash/eyantra_ws/install/pymoveit2:/home/aakash/eyantra_ws/install/linkattacher_msgs:/home/aakash/eyantra_ws/install/gazebo_ros2_control:/home/aakash/eyantra_ws/install/eyantra_warehouse:/home/aakash/eyantra_ws/install/ebot_nav2:/home/aakash/eyantra_ws/install/ebot_description:/home/aakash/eyantra_ws/install/ebot_docking:/home/aakash/eyantra_ws/install/aws_robomaker_small_warehouse_world:/home/aakash/intelligent_quads/ardu_ws/install/mavlink:/home/aakash/simulation2_ws/install/move_robot_as:/home/aakash/simulation2_ws/install/t3_action_msg:/home/aakash/simulation2_ws/install/ros2_mapping:/home/aakash/simulation2_ws/install/neo_simulation2:/home/aakash/neobotix_workspace/install/neo_srvs2:/home/aakash/neobotix_workspace/install/neo_simulation2:/home/aakash/neobotix_workspace/install/neo_nav2_bringup:/home/aakash/neobotix_workspace/install/neo_msgs2:/home/aakash/neobotix_workspace/install/neo_localization2:/home/aakash/neobotix_workspace/install/neo_local_planner2:/home/aakash/neobotix_workspace/install/neo_common2:/home/aakash/turtlebot3_ws/install/turtlebot3:/home/aakash/turtlebot3_ws/install/turtlebot3_simulations:/home/aakash/turtlebot3_ws/install/turtlebot3_bringup:/home/aakash/turtlebot3_ws/install/turtlebot3_node:/home/aakash/turtlebot3_ws/install/turtlebot3_navigation2:/home/aakash/turtlebot3_ws/install/turtlebot3_fake_node:/home/aakash/turtlebot3_ws/install/turtlebot3_msgs:/home/aakash/turtlebot3_ws/install/turtlebot3_gazebo:/home/aakash/turtlebot3_ws/install/turtlebot3_description:/home/aakash/turtlebot3_ws/install/turtlebot3_cartographer:/home/aakash/turtlebot3_ws/install/hls_lfcd_lds_driver:/home/aakash/turtlebot3_ws/install/dynamixel_sdk_examples:/home/aakash/turtlebot3_ws/install/dynamixel_sdk_custom_interfaces:/home/aakash/turtlebot3_ws/install/dynamixel_sdk:/home/aakash/flytbase_ws/install/turtle_assignment:/home/aakash/flytbase/ros2_ws/install/uav_deconfliction:/home/aakash/simulation2_ws/install/services_pkg:/home/aakash/turtlebot3_ws/install/turtlebot3_teleop:/home/aakash/turtlebot3_ws/install/turtlebot3_example:/home/aakash/turtlebot3_ws/install/tb3_sim:/home/aakash/ros2practice/install/my_robot_controller:/home/aakash/practice_ws/install/my_robot_controller:/opt/ros/humble:/home/aakash/catkin_ws/devel:/home/aakash/summer_camp_ws/devel /usr/bin/cmake --install /home/aakash/bumperbot_ws/build/bumperbot_cpp_examples
[0.809s] Level 1:colcon.colcon_core.environment:create_environment_scripts_only(bumperbot_description)
[0.811s] DEBUG:colcon.colcon_core.event_handler.log_command:Invoked command in '/home/aakash/bumperbot_ws/build/bumperbot_description' returned '0': CMAKE_PREFIX_PATH=/home/aakash/eyantra_ws/install/ur5_moveit:/home/aakash/eyantra_ws/install/ur_description:/home/aakash/eyantra_ws/install/realsense_gazebo_plugin:/home/aakash/eyantra_ws/install/pymoveit2:/home/aakash/eyantra_ws/install/linkattacher_msgs:/home/aakash/eyantra_ws/install/gazebo_ros2_control:/home/aakash/eyantra_ws/install/eyantra_warehouse:/home/aakash/eyantra_ws/install/ebot_nav2:/home/aakash/eyantra_ws/install/ebot_description:/home/aakash/eyantra_ws/install/ebot_docking:/home/aakash/eyantra_ws/install/aws_robomaker_small_warehouse_world:/home/aakash/intelligent_quads/ardu_ws/install/mavlink:/home/aakash/simulation2_ws/install/move_robot_as:/home/aakash/simulation2_ws/install/t3_action_msg:/home/aakash/simulation2_ws/install/ros2_mapping:/home/aakash/simulation2_ws/install/neo_simulation2:/home/aakash/neobotix_workspace/install/neo_srvs2:/home/aakash/neobotix_workspace/install/neo_simulation2:/home/aakash/neobotix_workspace/install/neo_nav2_bringup:/home/aakash/neobotix_workspace/install/neo_msgs2:/home/aakash/neobotix_workspace/install/neo_localization2:/home/aakash/neobotix_workspace/install/neo_local_planner2:/home/aakash/neobotix_workspace/install/neo_common2:/home/aakash/turtlebot3_ws/install/turtlebot3:/home/aakash/turtlebot3_ws/install/turtlebot3_simulations:/home/aakash/turtlebot3_ws/install/turtlebot3_bringup:/home/aakash/turtlebot3_ws/install/turtlebot3_node:/home/aakash/turtlebot3_ws/install/turtlebot3_navigation2:/home/aakash/turtlebot3_ws/install/turtlebot3_fake_node:/home/aakash/turtlebot3_ws/install/turtlebot3_msgs:/home/aakash/turtlebot3_ws/install/turtlebot3_gazebo:/home/aakash/turtlebot3_ws/install/turtlebot3_description:/home/aakash/turtlebot3_ws/install/turtlebot3_cartographer:/home/aakash/turtlebot3_ws/install/hls_lfcd_lds_driver:/home/aakash/turtlebot3_ws/install/dynamixel_sdk_examples:/home/aakash/turtlebot3_ws/install/dynamixel_sdk_custom_interfaces:/home/aakash/turtlebot3_ws/install/dynamixel_sdk:/home/aakash/flytbase_ws/install/turtle_assignment:/home/aakash/flytbase/ros2_ws/install/uav_deconfliction:/home/aakash/simulation2_ws/install/services_pkg:/home/aakash/turtlebot3_ws/install/turtlebot3_teleop:/home/aakash/turtlebot3_ws/install/turtlebot3_example:/home/aakash/turtlebot3_ws/install/tb3_sim:/home/aakash/ros2practice/install/my_robot_controller:/home/aakash/practice_ws/install/my_robot_controller:/opt/ros/humble:/home/aakash/catkin_ws/devel:/home/aakash/summer_camp_ws/devel /usr/bin/cmake --install /home/aakash/bumperbot_ws/build/bumperbot_description
[0.816s] Level 1:colcon.colcon_core.environment:checking '/home/aakash/bumperbot_ws/install/bumperbot_description' for CMake module files
[0.817s] Level 1:colcon.colcon_core.environment:checking '/home/aakash/bumperbot_ws/install/bumperbot_description' for CMake config files
[0.817s] Level 1:colcon.colcon_core.shell:create_environment_hook('bumperbot_description', 'cmake_prefix_path')
[0.818s] INFO:colcon.colcon_core.shell:Creating environment hook '/home/aakash/bumperbot_ws/install/bumperbot_description/share/bumperbot_description/hook/cmake_prefix_path.ps1'
[0.818s] INFO:colcon.colcon_core.shell:Creating environment descriptor '/home/aakash/bumperbot_ws/install/bumperbot_description/share/bumperbot_description/hook/cmake_prefix_path.dsv'
[0.819s] INFO:colcon.colcon_core.shell:Creating environment hook '/home/aakash/bumperbot_ws/install/bumperbot_description/share/bumperbot_description/hook/cmake_prefix_path.sh'
[0.820s] Level 1:colcon.colcon_core.environment:checking '/home/aakash/bumperbot_ws/install/bumperbot_description/bin'
[0.820s] Level 1:colcon.colcon_core.environment:checking '/home/aakash/bumperbot_ws/install/bumperbot_description/lib/pkgconfig/bumperbot_description.pc'
[0.820s] Level 1:colcon.colcon_core.environment:checking '/home/aakash/bumperbot_ws/install/bumperbot_description/lib/python3.10/site-packages'
[0.821s] Level 1:colcon.colcon_core.environment:checking '/home/aakash/bumperbot_ws/install/bumperbot_description/bin'
[0.821s] INFO:colcon.colcon_core.shell:Creating package script '/home/aakash/bumperbot_ws/install/bumperbot_description/share/bumperbot_description/package.ps1'
[0.822s] INFO:colcon.colcon_core.shell:Creating package descriptor '/home/aakash/bumperbot_ws/install/bumperbot_description/share/bumperbot_description/package.dsv'
[0.822s] INFO:colcon.colcon_core.shell:Creating package script '/home/aakash/bumperbot_ws/install/bumperbot_description/share/bumperbot_description/package.sh'
[0.826s] INFO:colcon.colcon_core.shell:Creating package script '/home/aakash/bumperbot_ws/install/bumperbot_description/share/bumperbot_description/package.bash'
[0.827s] INFO:colcon.colcon_core.shell:Creating package script '/home/aakash/bumperbot_ws/install/bumperbot_description/share/bumperbot_description/package.zsh'
[0.827s] Level 1:colcon.colcon_core.environment:create_file_with_runtime_dependencies(/home/aakash/bumperbot_ws/install/bumperbot_description/share/colcon-core/packages/bumperbot_description)
[0.828s] Level 1:colcon.colcon_core.environment:create_environment_scripts_only(bumperbot_description)
[0.828s] Level 1:colcon.colcon_core.environment:checking '/home/aakash/bumperbot_ws/install/bumperbot_description' for CMake module files
[0.829s] Level 1:colcon.colcon_core.environment:checking '/home/aakash/bumperbot_ws/install/bumperbot_description' for CMake config files
[0.829s] Level 1:colcon.colcon_core.shell:create_environment_hook('bumperbot_description', 'cmake_prefix_path')
[0.829s] INFO:colcon.colcon_core.shell:Creating environment hook '/home/aakash/bumperbot_ws/install/bumperbot_description/share/bumperbot_description/hook/cmake_prefix_path.ps1'
[0.830s] INFO:colcon.colcon_core.shell:Creating environment descriptor '/home/aakash/bumperbot_ws/install/bumperbot_description/share/bumperbot_description/hook/cmake_prefix_path.dsv'
[0.830s] INFO:colcon.colcon_core.shell:Creating environment hook '/home/aakash/bumperbot_ws/install/bumperbot_description/share/bumperbot_description/hook/cmake_prefix_path.sh'
[0.830s] Level 1:colcon.colcon_core.environment:checking '/home/aakash/bumperbot_ws/install/bumperbot_description/bin'
[0.831s] Level 1:colcon.colcon_core.environment:checking '/home/aakash/bumperbot_ws/install/bumperbot_description/lib/pkgconfig/bumperbot_description.pc'
[0.831s] Level 1:colcon.colcon_core.environment:checking '/home/aakash/bumperbot_ws/install/bumperbot_description/lib/python3.10/site-packages'
[0.831s] Level 1:colcon.colcon_core.environment:checking '/home/aakash/bumperbot_ws/install/bumperbot_description/bin'
[0.831s] INFO:colcon.colcon_core.shell:Creating package script '/home/aakash/bumperbot_ws/install/bumperbot_description/share/bumperbot_description/package.ps1'
[0.833s] INFO:colcon.colcon_core.shell:Creating package descriptor '/home/aakash/bumperbot_ws/install/bumperbot_description/share/bumperbot_description/package.dsv'
[0.834s] INFO:colcon.colcon_core.shell:Creating package script '/home/aakash/bumperbot_ws/install/bumperbot_description/share/bumperbot_description/package.sh'
[0.834s] INFO:colcon.colcon_core.shell:Creating package script '/home/aakash/bumperbot_ws/install/bumperbot_description/share/bumperbot_description/package.bash'
[0.835s] INFO:colcon.colcon_core.shell:Creating package script '/home/aakash/bumperbot_ws/install/bumperbot_description/share/bumperbot_description/package.zsh'
[0.835s] Level 1:colcon.colcon_core.environment:create_file_with_runtime_dependencies(/home/aakash/bumperbot_ws/install/bumperbot_description/share/colcon-core/packages/bumperbot_description)
[0.835s] Level 1:colcon.colcon_core.environment:create_environment_scripts_only(bumperbot_msgs)
[0.836s] Level 1:colcon.colcon_core.environment:checking '/home/aakash/bumperbot_ws/install/bumperbot_msgs' for CMake module files
[0.837s] Level 1:colcon.colcon_core.environment:checking '/home/aakash/bumperbot_ws/install/bumperbot_msgs' for CMake config files
[0.837s] DEBUG:colcon.colcon_core.event_handler.log_command:Invoked command in '/home/aakash/bumperbot_ws/build/bumperbot_msgs' returned '0': CMAKE_PREFIX_PATH=/home/aakash/eyantra_ws/install/ur5_moveit:/home/aakash/eyantra_ws/install/ur_description:/home/aakash/eyantra_ws/install/realsense_gazebo_plugin:/home/aakash/eyantra_ws/install/pymoveit2:/home/aakash/eyantra_ws/install/linkattacher_msgs:/home/aakash/eyantra_ws/install/gazebo_ros2_control:/home/aakash/eyantra_ws/install/eyantra_warehouse:/home/aakash/eyantra_ws/install/ebot_nav2:/home/aakash/eyantra_ws/install/ebot_description:/home/aakash/eyantra_ws/install/ebot_docking:/home/aakash/eyantra_ws/install/aws_robomaker_small_warehouse_world:/home/aakash/intelligent_quads/ardu_ws/install/mavlink:/home/aakash/simulation2_ws/install/move_robot_as:/home/aakash/simulation2_ws/install/t3_action_msg:/home/aakash/simulation2_ws/install/ros2_mapping:/home/aakash/simulation2_ws/install/neo_simulation2:/home/aakash/neobotix_workspace/install/neo_srvs2:/home/aakash/neobotix_workspace/install/neo_simulation2:/home/aakash/neobotix_workspace/install/neo_nav2_bringup:/home/aakash/neobotix_workspace/install/neo_msgs2:/home/aakash/neobotix_workspace/install/neo_localization2:/home/aakash/neobotix_workspace/install/neo_local_planner2:/home/aakash/neobotix_workspace/install/neo_common2:/home/aakash/turtlebot3_ws/install/turtlebot3:/home/aakash/turtlebot3_ws/install/turtlebot3_simulations:/home/aakash/turtlebot3_ws/install/turtlebot3_bringup:/home/aakash/turtlebot3_ws/install/turtlebot3_node:/home/aakash/turtlebot3_ws/install/turtlebot3_navigation2:/home/aakash/turtlebot3_ws/install/turtlebot3_fake_node:/home/aakash/turtlebot3_ws/install/turtlebot3_msgs:/home/aakash/turtlebot3_ws/install/turtlebot3_gazebo:/home/aakash/turtlebot3_ws/install/turtlebot3_description:/home/aakash/turtlebot3_ws/install/turtlebot3_cartographer:/home/aakash/turtlebot3_ws/install/hls_lfcd_lds_driver:/home/aakash/turtlebot3_ws/install/dynamixel_sdk_examples:/home/aakash/turtlebot3_ws/install/dynamixel_sdk_custom_interfaces:/home/aakash/turtlebot3_ws/install/dynamixel_sdk:/home/aakash/flytbase_ws/install/turtle_assignment:/home/aakash/flytbase/ros2_ws/install/uav_deconfliction:/home/aakash/simulation2_ws/install/services_pkg:/home/aakash/turtlebot3_ws/install/turtlebot3_teleop:/home/aakash/turtlebot3_ws/install/turtlebot3_example:/home/aakash/turtlebot3_ws/install/tb3_sim:/home/aakash/ros2practice/install/my_robot_controller:/home/aakash/practice_ws/install/my_robot_controller:/opt/ros/humble:/home/aakash/catkin_ws/devel:/home/aakash/summer_camp_ws/devel /usr/bin/cmake --install /home/aakash/bumperbot_ws/build/bumperbot_msgs
[0.838s] Level 1:colcon.colcon_core.shell:create_environment_hook('bumperbot_msgs', 'cmake_prefix_path')
[0.838s] INFO:colcon.colcon_core.shell:Creating environment hook '/home/aakash/bumperbot_ws/install/bumperbot_msgs/share/bumperbot_msgs/hook/cmake_prefix_path.ps1'
[0.839s] INFO:colcon.colcon_core.shell:Creating environment descriptor '/home/aakash/bumperbot_ws/install/bumperbot_msgs/share/bumperbot_msgs/hook/cmake_prefix_path.dsv'
[0.839s] INFO:colcon.colcon_core.shell:Creating environment hook '/home/aakash/bumperbot_ws/install/bumperbot_msgs/share/bumperbot_msgs/hook/cmake_prefix_path.sh'
[0.840s] Level 1:colcon.colcon_core.environment:checking '/home/aakash/bumperbot_ws/install/bumperbot_msgs/bin'
[0.840s] Level 1:colcon.colcon_core.environment:checking '/home/aakash/bumperbot_ws/install/bumperbot_msgs/lib/pkgconfig/bumperbot_msgs.pc'
[0.840s] Level 1:colcon.colcon_core.environment:checking '/home/aakash/bumperbot_ws/install/bumperbot_msgs/lib/python3.10/site-packages'
[0.840s] Level 1:colcon.colcon_core.environment:checking '/home/aakash/bumperbot_ws/install/bumperbot_msgs/bin'
[0.840s] INFO:colcon.colcon_core.shell:Creating package script '/home/aakash/bumperbot_ws/install/bumperbot_msgs/share/bumperbot_msgs/package.ps1'
[0.841s] INFO:colcon.colcon_core.shell:Creating package descriptor '/home/aakash/bumperbot_ws/install/bumperbot_msgs/share/bumperbot_msgs/package.dsv'
[0.841s] INFO:colcon.colcon_core.shell:Creating package script '/home/aakash/bumperbot_ws/install/bumperbot_msgs/share/bumperbot_msgs/package.sh'
[0.842s] INFO:colcon.colcon_core.shell:Creating package script '/home/aakash/bumperbot_ws/install/bumperbot_msgs/share/bumperbot_msgs/package.bash'
[0.842s] INFO:colcon.colcon_core.shell:Creating package script '/home/aakash/bumperbot_ws/install/bumperbot_msgs/share/bumperbot_msgs/package.zsh'
[0.843s] Level 1:colcon.colcon_core.environment:create_file_with_runtime_dependencies(/home/aakash/bumperbot_ws/install/bumperbot_msgs/share/colcon-core/packages/bumperbot_msgs)
[0.843s] Level 1:colcon.colcon_core.environment:create_environment_scripts_only(bumperbot_msgs)
[0.844s] Level 1:colcon.colcon_core.environment:checking '/home/aakash/bumperbot_ws/install/bumperbot_msgs' for CMake module files
[0.844s] Level 1:colcon.colcon_core.environment:checking '/home/aakash/bumperbot_ws/install/bumperbot_msgs' for CMake config files
[0.844s] Level 1:colcon.colcon_core.shell:create_environment_hook('bumperbot_msgs', 'cmake_prefix_path')
[0.844s] INFO:colcon.colcon_core.shell:Creating environment hook '/home/aakash/bumperbot_ws/install/bumperbot_msgs/share/bumperbot_msgs/hook/cmake_prefix_path.ps1'
[0.845s] INFO:colcon.colcon_core.shell:Creating environment descriptor '/home/aakash/bumperbot_ws/install/bumperbot_msgs/share/bumperbot_msgs/hook/cmake_prefix_path.dsv'
[0.845s] INFO:colcon.colcon_core.shell:Creating environment hook '/home/aakash/bumperbot_ws/install/bumperbot_msgs/share/bumperbot_msgs/hook/cmake_prefix_path.sh'
[0.846s] Level 1:colcon.colcon_core.environment:checking '/home/aakash/bumperbot_ws/install/bumperbot_msgs/bin'
[0.847s] Level 1:colcon.colcon_core.environment:checking '/home/aakash/bumperbot_ws/install/bumperbot_msgs/lib/pkgconfig/bumperbot_msgs.pc'
[0.847s] Level 1:colcon.colcon_core.environment:checking '/home/aakash/bumperbot_ws/install/bumperbot_msgs/lib/python3.10/site-packages'
[0.847s] Level 1:colcon.colcon_core.environment:checking '/home/aakash/bumperbot_ws/install/bumperbot_msgs/bin'
[0.847s] INFO:colcon.colcon_core.shell:Creating package script '/home/aakash/bumperbot_ws/install/bumperbot_msgs/share/bumperbot_msgs/package.ps1'
[0.848s] INFO:colcon.colcon_core.shell:Creating package descriptor '/home/aakash/bumperbot_ws/install/bumperbot_msgs/share/bumperbot_msgs/package.dsv'
[0.848s] INFO:colcon.colcon_core.shell:Creating package script '/home/aakash/bumperbot_ws/install/bumperbot_msgs/share/bumperbot_msgs/package.sh'
[0.849s] INFO:colcon.colcon_core.shell:Creating package script '/home/aakash/bumperbot_ws/install/bumperbot_msgs/share/bumperbot_msgs/package.bash'
[0.849s] INFO:colcon.colcon_core.shell:Creating package script '/home/aakash/bumperbot_ws/install/bumperbot_msgs/share/bumperbot_msgs/package.zsh'
[0.850s] Level 1:colcon.colcon_core.environment:create_file_with_runtime_dependencies(/home/aakash/bumperbot_ws/install/bumperbot_msgs/share/colcon-core/packages/bumperbot_msgs)
[0.851s] Level 1:colcon.colcon_core.environment:create_environment_scripts_only(bumperbot_cpp_examples)
[0.852s] Level 1:colcon.colcon_core.environment:checking '/home/aakash/bumperbot_ws/install/bumperbot_cpp_examples' for CMake module files
[0.853s] DEBUG:colcon.colcon_core.event_handler.log_command:Invoked command in '/home/aakash/bumperbot_ws/build/bumperbot_cpp_examples' returned '0': CMAKE_PREFIX_PATH=/home/aakash/eyantra_ws/install/ur5_moveit:/home/aakash/eyantra_ws/install/ur_description:/home/aakash/eyantra_ws/install/realsense_gazebo_plugin:/home/aakash/eyantra_ws/install/pymoveit2:/home/aakash/eyantra_ws/install/linkattacher_msgs:/home/aakash/eyantra_ws/install/gazebo_ros2_control:/home/aakash/eyantra_ws/install/eyantra_warehouse:/home/aakash/eyantra_ws/install/ebot_nav2:/home/aakash/eyantra_ws/install/ebot_description:/home/aakash/eyantra_ws/install/ebot_docking:/home/aakash/eyantra_ws/install/aws_robomaker_small_warehouse_world:/home/aakash/intelligent_quads/ardu_ws/install/mavlink:/home/aakash/simulation2_ws/install/move_robot_as:/home/aakash/simulation2_ws/install/t3_action_msg:/home/aakash/simulation2_ws/install/ros2_mapping:/home/aakash/simulation2_ws/install/neo_simulation2:/home/aakash/neobotix_workspace/install/neo_srvs2:/home/aakash/neobotix_workspace/install/neo_simulation2:/home/aakash/neobotix_workspace/install/neo_nav2_bringup:/home/aakash/neobotix_workspace/install/neo_msgs2:/home/aakash/neobotix_workspace/install/neo_localization2:/home/aakash/neobotix_workspace/install/neo_local_planner2:/home/aakash/neobotix_workspace/install/neo_common2:/home/aakash/turtlebot3_ws/install/turtlebot3:/home/aakash/turtlebot3_ws/install/turtlebot3_simulations:/home/aakash/turtlebot3_ws/install/turtlebot3_bringup:/home/aakash/turtlebot3_ws/install/turtlebot3_node:/home/aakash/turtlebot3_ws/install/turtlebot3_navigation2:/home/aakash/turtlebot3_ws/install/turtlebot3_fake_node:/home/aakash/turtlebot3_ws/install/turtlebot3_msgs:/home/aakash/turtlebot3_ws/install/turtlebot3_gazebo:/home/aakash/turtlebot3_ws/install/turtlebot3_description:/home/aakash/turtlebot3_ws/install/turtlebot3_cartographer:/home/aakash/turtlebot3_ws/install/hls_lfcd_lds_driver:/home/aakash/turtlebot3_ws/install/dynamixel_sdk_examples:/home/aakash/turtlebot3_ws/install/dynamixel_sdk_custom_interfaces:/home/aakash/turtlebot3_ws/install/dynamixel_sdk:/home/aakash/flytbase_ws/install/turtle_assignment:/home/aakash/flytbase/ros2_ws/install/uav_deconfliction:/home/aakash/simulation2_ws/install/services_pkg:/home/aakash/turtlebot3_ws/install/turtlebot3_teleop:/home/aakash/turtlebot3_ws/install/turtlebot3_example:/home/aakash/turtlebot3_ws/install/tb3_sim:/home/aakash/ros2practice/install/my_robot_controller:/home/aakash/practice_ws/install/my_robot_controller:/opt/ros/humble:/home/aakash/catkin_ws/devel:/home/aakash/summer_camp_ws/devel /usr/bin/cmake --install /home/aakash/bumperbot_ws/build/bumperbot_cpp_examples
[0.854s] Level 1:colcon.colcon_core.environment:checking '/home/aakash/bumperbot_ws/install/bumperbot_cpp_examples' for CMake config files
[0.854s] Level 1:colcon.colcon_core.shell:create_environment_hook('bumperbot_cpp_examples', 'cmake_prefix_path')
[0.854s] INFO:colcon.colcon_core.shell:Creating environment hook '/home/aakash/bumperbot_ws/install/bumperbot_cpp_examples/share/bumperbot_cpp_examples/hook/cmake_prefix_path.ps1'
[0.854s] INFO:colcon.colcon_core.shell:Creating environment descriptor '/home/aakash/bumperbot_ws/install/bumperbot_cpp_examples/share/bumperbot_cpp_examples/hook/cmake_prefix_path.dsv'
[0.855s] INFO:colcon.colcon_core.shell:Creating environment hook '/home/aakash/bumperbot_ws/install/bumperbot_cpp_examples/share/bumperbot_cpp_examples/hook/cmake_prefix_path.sh'
[0.855s] Level 1:colcon.colcon_core.environment:checking '/home/aakash/bumperbot_ws/install/bumperbot_cpp_examples/lib'
[0.856s] Level 1:colcon.colcon_core.environment:checking '/home/aakash/bumperbot_ws/install/bumperbot_cpp_examples/bin'
[0.856s] Level 1:colcon.colcon_core.environment:checking '/home/aakash/bumperbot_ws/install/bumperbot_cpp_examples/lib/pkgconfig/bumperbot_cpp_examples.pc'
[0.856s] Level 1:colcon.colcon_core.environment:checking '/home/aakash/bumperbot_ws/install/bumperbot_cpp_examples/lib/python3.10/site-packages'
[0.856s] Level 1:colcon.colcon_core.environment:checking '/home/aakash/bumperbot_ws/install/bumperbot_cpp_examples/bin'
[0.856s] INFO:colcon.colcon_core.shell:Creating package script '/home/aakash/bumperbot_ws/install/bumperbot_cpp_examples/share/bumperbot_cpp_examples/package.ps1'
[0.857s] INFO:colcon.colcon_core.shell:Creating package descriptor '/home/aakash/bumperbot_ws/install/bumperbot_cpp_examples/share/bumperbot_cpp_examples/package.dsv'
[0.858s] INFO:colcon.colcon_core.shell:Creating package script '/home/aakash/bumperbot_ws/install/bumperbot_cpp_examples/share/bumperbot_cpp_examples/package.sh'
[0.858s] INFO:colcon.colcon_core.shell:Creating package script '/home/aakash/bumperbot_ws/install/bumperbot_cpp_examples/share/bumperbot_cpp_examples/package.bash'
[0.860s] INFO:colcon.colcon_core.shell:Creating package script '/home/aakash/bumperbot_ws/install/bumperbot_cpp_examples/share/bumperbot_cpp_examples/package.zsh'
[0.861s] Level 1:colcon.colcon_core.environment:create_file_with_runtime_dependencies(/home/aakash/bumperbot_ws/install/bumperbot_cpp_examples/share/colcon-core/packages/bumperbot_cpp_examples)
[0.862s] Level 1:colcon.colcon_core.environment:create_environment_scripts_only(bumperbot_cpp_examples)
[0.862s] Level 1:colcon.colcon_core.environment:checking '/home/aakash/bumperbot_ws/install/bumperbot_cpp_examples' for CMake module files
[0.863s] Level 1:colcon.colcon_core.environment:checking '/home/aakash/bumperbot_ws/install/bumperbot_cpp_examples' for CMake config files
[0.863s] Level 1:colcon.colcon_core.shell:create_environment_hook('bumperbot_cpp_examples', 'cmake_prefix_path')
[0.863s] INFO:colcon.colcon_core.shell:Creating environment hook '/home/aakash/bumperbot_ws/install/bumperbot_cpp_examples/share/bumperbot_cpp_examples/hook/cmake_prefix_path.ps1'
[0.864s] INFO:colcon.colcon_core.shell:Creating environment descriptor '/home/aakash/bumperbot_ws/install/bumperbot_cpp_examples/share/bumperbot_cpp_examples/hook/cmake_prefix_path.dsv'
[0.864s] INFO:colcon.colcon_core.shell:Creating environment hook '/home/aakash/bumperbot_ws/install/bumperbot_cpp_examples/share/bumperbot_cpp_examples/hook/cmake_prefix_path.sh'
[0.867s] Level 1:colcon.colcon_core.environment:checking '/home/aakash/bumperbot_ws/install/bumperbot_cpp_examples/lib'
[0.868s] Level 1:colcon.colcon_core.environment:checking '/home/aakash/bumperbot_ws/install/bumperbot_cpp_examples/bin'
[0.868s] Level 1:colcon.colcon_core.environment:checking '/home/aakash/bumperbot_ws/install/bumperbot_cpp_examples/lib/pkgconfig/bumperbot_cpp_examples.pc'
[0.869s] Level 1:colcon.colcon_core.environment:checking '/home/aakash/bumperbot_ws/install/bumperbot_cpp_examples/lib/python3.10/site-packages'
[0.869s] Level 1:colcon.colcon_core.environment:checking '/home/aakash/bumperbot_ws/install/bumperbot_cpp_examples/bin'
[0.870s] INFO:colcon.colcon_core.shell:Creating package script '/home/aakash/bumperbot_ws/install/bumperbot_cpp_examples/share/bumperbot_cpp_examples/package.ps1'
[0.871s] INFO:colcon.colcon_core.shell:Creating package descriptor '/home/aakash/bumperbot_ws/install/bumperbot_cpp_examples/share/bumperbot_cpp_examples/package.dsv'
[0.872s] INFO:colcon.colcon_core.shell:Creating package script '/home/aakash/bumperbot_ws/install/bumperbot_cpp_examples/share/bumperbot_cpp_examples/package.sh'
[0.873s] INFO:colcon.colcon_core.shell:Creating package script '/home/aakash/bumperbot_ws/install/bumperbot_cpp_examples/share/bumperbot_cpp_examples/package.bash'
[0.874s] INFO:colcon.colcon_core.shell:Creating package script '/home/aakash/bumperbot_ws/install/bumperbot_cpp_examples/share/bumperbot_cpp_examples/package.zsh'
[0.875s] Level 1:colcon.colcon_core.environment:create_file_with_runtime_dependencies(/home/aakash/bumperbot_ws/install/bumperbot_cpp_examples/share/colcon-core/packages/bumperbot_cpp_examples)
[0.965s] DEBUG:colcon.colcon_core.event_handler.log_command:Invoked command in '/home/aakash/bumperbot_ws/build/bumperbot_controller' returned '0': CMAKE_PREFIX_PATH=/home/aakash/eyantra_ws/install/ur5_moveit:/home/aakash/eyantra_ws/install/ur_description:/home/aakash/eyantra_ws/install/realsense_gazebo_plugin:/home/aakash/eyantra_ws/install/pymoveit2:/home/aakash/eyantra_ws/install/linkattacher_msgs:/home/aakash/eyantra_ws/install/gazebo_ros2_control:/home/aakash/eyantra_ws/install/eyantra_warehouse:/home/aakash/eyantra_ws/install/ebot_nav2:/home/aakash/eyantra_ws/install/ebot_description:/home/aakash/eyantra_ws/install/ebot_docking:/home/aakash/eyantra_ws/install/aws_robomaker_small_warehouse_world:/home/aakash/intelligent_quads/ardu_ws/install/mavlink:/home/aakash/simulation2_ws/install/move_robot_as:/home/aakash/simulation2_ws/install/t3_action_msg:/home/aakash/simulation2_ws/install/ros2_mapping:/home/aakash/simulation2_ws/install/neo_simulation2:/home/aakash/neobotix_workspace/install/neo_srvs2:/home/aakash/neobotix_workspace/install/neo_simulation2:/home/aakash/neobotix_workspace/install/neo_nav2_bringup:/home/aakash/neobotix_workspace/install/neo_msgs2:/home/aakash/neobotix_workspace/install/neo_localization2:/home/aakash/neobotix_workspace/install/neo_local_planner2:/home/aakash/neobotix_workspace/install/neo_common2:/home/aakash/turtlebot3_ws/install/turtlebot3:/home/aakash/turtlebot3_ws/install/turtlebot3_simulations:/home/aakash/turtlebot3_ws/install/turtlebot3_bringup:/home/aakash/turtlebot3_ws/install/turtlebot3_node:/home/aakash/turtlebot3_ws/install/turtlebot3_navigation2:/home/aakash/turtlebot3_ws/install/turtlebot3_fake_node:/home/aakash/turtlebot3_ws/install/turtlebot3_msgs:/home/aakash/turtlebot3_ws/install/turtlebot3_gazebo:/home/aakash/turtlebot3_ws/install/turtlebot3_description:/home/aakash/turtlebot3_ws/install/turtlebot3_cartographer:/home/aakash/turtlebot3_ws/install/hls_lfcd_lds_driver:/home/aakash/turtlebot3_ws/install/dynamixel_sdk_examples:/home/aakash/turtlebot3_ws/install/dynamixel_sdk_custom_interfaces:/home/aakash/turtlebot3_ws/install/dynamixel_sdk:/home/aakash/flytbase_ws/install/turtle_assignment:/home/aakash/flytbase/ros2_ws/install/uav_deconfliction:/home/aakash/simulation2_ws/install/services_pkg:/home/aakash/turtlebot3_ws/install/turtlebot3_teleop:/home/aakash/turtlebot3_ws/install/turtlebot3_example:/home/aakash/turtlebot3_ws/install/tb3_sim:/home/aakash/ros2practice/install/my_robot_controller:/home/aakash/practice_ws/install/my_robot_controller:/opt/ros/humble:/home/aakash/catkin_ws/devel:/home/aakash/summer_camp_ws/devel /usr/bin/cmake --build /home/aakash/bumperbot_ws/build/bumperbot_controller -- -j12 -l12
[0.969s] DEBUG:colcon.colcon_core.event_handler.log_command:Invoking command in '/home/aakash/bumperbot_ws/build/bumperbot_controller': CMAKE_PREFIX_PATH=/home/aakash/eyantra_ws/install/ur5_moveit:/home/aakash/eyantra_ws/install/ur_description:/home/aakash/eyantra_ws/install/realsense_gazebo_plugin:/home/aakash/eyantra_ws/install/pymoveit2:/home/aakash/eyantra_ws/install/linkattacher_msgs:/home/aakash/eyantra_ws/install/gazebo_ros2_control:/home/aakash/eyantra_ws/install/eyantra_warehouse:/home/aakash/eyantra_ws/install/ebot_nav2:/home/aakash/eyantra_ws/install/ebot_description:/home/aakash/eyantra_ws/install/ebot_docking:/home/aakash/eyantra_ws/install/aws_robomaker_small_warehouse_world:/home/aakash/intelligent_quads/ardu_ws/install/mavlink:/home/aakash/simulation2_ws/install/move_robot_as:/home/aakash/simulation2_ws/install/t3_action_msg:/home/aakash/simulation2_ws/install/ros2_mapping:/home/aakash/simulation2_ws/install/neo_simulation2:/home/aakash/neobotix_workspace/install/neo_srvs2:/home/aakash/neobotix_workspace/install/neo_simulation2:/home/aakash/neobotix_workspace/install/neo_nav2_bringup:/home/aakash/neobotix_workspace/install/neo_msgs2:/home/aakash/neobotix_workspace/install/neo_localization2:/home/aakash/neobotix_workspace/install/neo_local_planner2:/home/aakash/neobotix_workspace/install/neo_common2:/home/aakash/turtlebot3_ws/install/turtlebot3:/home/aakash/turtlebot3_ws/install/turtlebot3_simulations:/home/aakash/turtlebot3_ws/install/turtlebot3_bringup:/home/aakash/turtlebot3_ws/install/turtlebot3_node:/home/aakash/turtlebot3_ws/install/turtlebot3_navigation2:/home/aakash/turtlebot3_ws/install/turtlebot3_fake_node:/home/aakash/turtlebot3_ws/install/turtlebot3_msgs:/home/aakash/turtlebot3_ws/install/turtlebot3_gazebo:/home/aakash/turtlebot3_ws/install/turtlebot3_description:/home/aakash/turtlebot3_ws/install/turtlebot3_cartographer:/home/aakash/turtlebot3_ws/install/hls_lfcd_lds_driver:/home/aakash/turtlebot3_ws/install/dynamixel_sdk_examples:/home/aakash/turtlebot3_ws/install/dynamixel_sdk_custom_interfaces:/home/aakash/turtlebot3_ws/install/dynamixel_sdk:/home/aakash/flytbase_ws/install/turtle_assignment:/home/aakash/flytbase/ros2_ws/install/uav_deconfliction:/home/aakash/simulation2_ws/install/services_pkg:/home/aakash/turtlebot3_ws/install/turtlebot3_teleop:/home/aakash/turtlebot3_ws/install/turtlebot3_example:/home/aakash/turtlebot3_ws/install/tb3_sim:/home/aakash/ros2practice/install/my_robot_controller:/home/aakash/practice_ws/install/my_robot_controller:/opt/ros/humble:/home/aakash/catkin_ws/devel:/home/aakash/summer_camp_ws/devel /usr/bin/cmake --install /home/aakash/bumperbot_ws/build/bumperbot_controller
[0.974s] DEBUG:colcon.colcon_core.event_handler.log_command:Invoked command in '/home/aakash/bumperbot_ws/build/bumperbot_firmware' returned '0': CMAKE_PREFIX_PATH=/home/aakash/eyantra_ws/install/ur5_moveit:/home/aakash/eyantra_ws/install/ur_description:/home/aakash/eyantra_ws/install/realsense_gazebo_plugin:/home/aakash/eyantra_ws/install/pymoveit2:/home/aakash/eyantra_ws/install/linkattacher_msgs:/home/aakash/eyantra_ws/install/gazebo_ros2_control:/home/aakash/eyantra_ws/install/eyantra_warehouse:/home/aakash/eyantra_ws/install/ebot_nav2:/home/aakash/eyantra_ws/install/ebot_description:/home/aakash/eyantra_ws/install/ebot_docking:/home/aakash/eyantra_ws/install/aws_robomaker_small_warehouse_world:/home/aakash/intelligent_quads/ardu_ws/install/mavlink:/home/aakash/simulation2_ws/install/move_robot_as:/home/aakash/simulation2_ws/install/t3_action_msg:/home/aakash/simulation2_ws/install/ros2_mapping:/home/aakash/simulation2_ws/install/neo_simulation2:/home/aakash/neobotix_workspace/install/neo_srvs2:/home/aakash/neobotix_workspace/install/neo_simulation2:/home/aakash/neobotix_workspace/install/neo_nav2_bringup:/home/aakash/neobotix_workspace/install/neo_msgs2:/home/aakash/neobotix_workspace/install/neo_localization2:/home/aakash/neobotix_workspace/install/neo_local_planner2:/home/aakash/neobotix_workspace/install/neo_common2:/home/aakash/turtlebot3_ws/install/turtlebot3:/home/aakash/turtlebot3_ws/install/turtlebot3_simulations:/home/aakash/turtlebot3_ws/install/turtlebot3_bringup:/home/aakash/turtlebot3_ws/install/turtlebot3_node:/home/aakash/turtlebot3_ws/install/turtlebot3_navigation2:/home/aakash/turtlebot3_ws/install/turtlebot3_fake_node:/home/aakash/turtlebot3_ws/install/turtlebot3_msgs:/home/aakash/turtlebot3_ws/install/turtlebot3_gazebo:/home/aakash/turtlebot3_ws/install/turtlebot3_description:/home/aakash/turtlebot3_ws/install/turtlebot3_cartographer:/home/aakash/turtlebot3_ws/install/hls_lfcd_lds_driver:/home/aakash/turtlebot3_ws/install/dynamixel_sdk_examples:/home/aakash/turtlebot3_ws/install/dynamixel_sdk_custom_interfaces:/home/aakash/turtlebot3_ws/install/dynamixel_sdk:/home/aakash/flytbase_ws/install/turtle_assignment:/home/aakash/flytbase/ros2_ws/install/uav_deconfliction:/home/aakash/simulation2_ws/install/services_pkg:/home/aakash/turtlebot3_ws/install/turtlebot3_teleop:/home/aakash/turtlebot3_ws/install/turtlebot3_example:/home/aakash/turtlebot3_ws/install/tb3_sim:/home/aakash/ros2practice/install/my_robot_controller:/home/aakash/practice_ws/install/my_robot_controller:/opt/ros/humble:/home/aakash/catkin_ws/devel:/home/aakash/summer_camp_ws/devel /usr/bin/cmake --build /home/aakash/bumperbot_ws/build/bumperbot_firmware -- -j12 -l12
[0.975s] DEBUG:colcon.colcon_core.event_handler.log_command:Invoking command in '/home/aakash/bumperbot_ws/build/bumperbot_firmware': CMAKE_PREFIX_PATH=/home/aakash/eyantra_ws/install/ur5_moveit:/home/aakash/eyantra_ws/install/ur_description:/home/aakash/eyantra_ws/install/realsense_gazebo_plugin:/home/aakash/eyantra_ws/install/pymoveit2:/home/aakash/eyantra_ws/install/linkattacher_msgs:/home/aakash/eyantra_ws/install/gazebo_ros2_control:/home/aakash/eyantra_ws/install/eyantra_warehouse:/home/aakash/eyantra_ws/install/ebot_nav2:/home/aakash/eyantra_ws/install/ebot_description:/home/aakash/eyantra_ws/install/ebot_docking:/home/aakash/eyantra_ws/install/aws_robomaker_small_warehouse_world:/home/aakash/intelligent_quads/ardu_ws/install/mavlink:/home/aakash/simulation2_ws/install/move_robot_as:/home/aakash/simulation2_ws/install/t3_action_msg:/home/aakash/simulation2_ws/install/ros2_mapping:/home/aakash/simulation2_ws/install/neo_simulation2:/home/aakash/neobotix_workspace/install/neo_srvs2:/home/aakash/neobotix_workspace/install/neo_simulation2:/home/aakash/neobotix_workspace/install/neo_nav2_bringup:/home/aakash/neobotix_workspace/install/neo_msgs2:/home/aakash/neobotix_workspace/install/neo_localization2:/home/aakash/neobotix_workspace/install/neo_local_planner2:/home/aakash/neobotix_workspace/install/neo_common2:/home/aakash/turtlebot3_ws/install/turtlebot3:/home/aakash/turtlebot3_ws/install/turtlebot3_simulations:/home/aakash/turtlebot3_ws/install/turtlebot3_bringup:/home/aakash/turtlebot3_ws/install/turtlebot3_node:/home/aakash/turtlebot3_ws/install/turtlebot3_navigation2:/home/aakash/turtlebot3_ws/install/turtlebot3_fake_node:/home/aakash/turtlebot3_ws/install/turtlebot3_msgs:/home/aakash/turtlebot3_ws/install/turtlebot3_gazebo:/home/aakash/turtlebot3_ws/install/turtlebot3_description:/home/aakash/turtlebot3_ws/install/turtlebot3_cartographer:/home/aakash/turtlebot3_ws/install/hls_lfcd_lds_driver:/home/aakash/turtlebot3_ws/install/dynamixel_sdk_examples:/home/aakash/turtlebot3_ws/install/dynamixel_sdk_custom_interfaces:/home/aakash/turtlebot3_ws/install/dynamixel_sdk:/home/aakash/flytbase_ws/install/turtle_assignment:/home/aakash/flytbase/ros2_ws/install/uav_deconfliction:/home/aakash/simulation2_ws/install/services_pkg:/home/aakash/turtlebot3_ws/install/turtlebot3_teleop:/home/aakash/turtlebot3_ws/install/turtlebot3_example:/home/aakash/turtlebot3_ws/install/tb3_sim:/home/aakash/ros2practice/install/my_robot_controller:/home/aakash/practice_ws/install/my_robot_controller:/opt/ros/humble:/home/aakash/catkin_ws/devel:/home/aakash/summer_camp_ws/devel /usr/bin/cmake --install /home/aakash/bumperbot_ws/build/bumperbot_firmware
[1.042s] Level 1:colcon.colcon_core.environment:create_environment_scripts_only(bumperbot_controller)
[1.043s] Level 1:colcon.colcon_core.environment:checking '/home/aakash/bumperbot_ws/install/bumperbot_controller' for CMake module files
[1.043s] DEBUG:colcon.colcon_core.event_handler.log_command:Invoked command in '/home/aakash/bumperbot_ws/build/bumperbot_controller' returned '0': CMAKE_PREFIX_PATH=/home/aakash/eyantra_ws/install/ur5_moveit:/home/aakash/eyantra_ws/install/ur_description:/home/aakash/eyantra_ws/install/realsense_gazebo_plugin:/home/aakash/eyantra_ws/install/pymoveit2:/home/aakash/eyantra_ws/install/linkattacher_msgs:/home/aakash/eyantra_ws/install/gazebo_ros2_control:/home/aakash/eyantra_ws/install/eyantra_warehouse:/home/aakash/eyantra_ws/install/ebot_nav2:/home/aakash/eyantra_ws/install/ebot_description:/home/aakash/eyantra_ws/install/ebot_docking:/home/aakash/eyantra_ws/install/aws_robomaker_small_warehouse_world:/home/aakash/intelligent_quads/ardu_ws/install/mavlink:/home/aakash/simulation2_ws/install/move_robot_as:/home/aakash/simulation2_ws/install/t3_action_msg:/home/aakash/simulation2_ws/install/ros2_mapping:/home/aakash/simulation2_ws/install/neo_simulation2:/home/aakash/neobotix_workspace/install/neo_srvs2:/home/aakash/neobotix_workspace/install/neo_simulation2:/home/aakash/neobotix_workspace/install/neo_nav2_bringup:/home/aakash/neobotix_workspace/install/neo_msgs2:/home/aakash/neobotix_workspace/install/neo_localization2:/home/aakash/neobotix_workspace/install/neo_local_planner2:/home/aakash/neobotix_workspace/install/neo_common2:/home/aakash/turtlebot3_ws/install/turtlebot3:/home/aakash/turtlebot3_ws/install/turtlebot3_simulations:/home/aakash/turtlebot3_ws/install/turtlebot3_bringup:/home/aakash/turtlebot3_ws/install/turtlebot3_node:/home/aakash/turtlebot3_ws/install/turtlebot3_navigation2:/home/aakash/turtlebot3_ws/install/turtlebot3_fake_node:/home/aakash/turtlebot3_ws/install/turtlebot3_msgs:/home/aakash/turtlebot3_ws/install/turtlebot3_gazebo:/home/aakash/turtlebot3_ws/install/turtlebot3_description:/home/aakash/turtlebot3_ws/install/turtlebot3_cartographer:/home/aakash/turtlebot3_ws/install/hls_lfcd_lds_driver:/home/aakash/turtlebot3_ws/install/dynamixel_sdk_examples:/home/aakash/turtlebot3_ws/install/dynamixel_sdk_custom_interfaces:/home/aakash/turtlebot3_ws/install/dynamixel_sdk:/home/aakash/flytbase_ws/install/turtle_assignment:/home/aakash/flytbase/ros2_ws/install/uav_deconfliction:/home/aakash/simulation2_ws/install/services_pkg:/home/aakash/turtlebot3_ws/install/turtlebot3_teleop:/home/aakash/turtlebot3_ws/install/turtlebot3_example:/home/aakash/turtlebot3_ws/install/tb3_sim:/home/aakash/ros2practice/install/my_robot_controller:/home/aakash/practice_ws/install/my_robot_controller:/opt/ros/humble:/home/aakash/catkin_ws/devel:/home/aakash/summer_camp_ws/devel /usr/bin/cmake --install /home/aakash/bumperbot_ws/build/bumperbot_controller
[1.044s] Level 1:colcon.colcon_core.environment:checking '/home/aakash/bumperbot_ws/install/bumperbot_controller' for CMake config files
[1.044s] Level 1:colcon.colcon_core.shell:create_environment_hook('bumperbot_controller', 'cmake_prefix_path')
[1.044s] INFO:colcon.colcon_core.shell:Creating environment hook '/home/aakash/bumperbot_ws/install/bumperbot_controller/share/bumperbot_controller/hook/cmake_prefix_path.ps1'
[1.045s] INFO:colcon.colcon_core.shell:Creating environment descriptor '/home/aakash/bumperbot_ws/install/bumperbot_controller/share/bumperbot_controller/hook/cmake_prefix_path.dsv'
[1.045s] INFO:colcon.colcon_core.shell:Creating environment hook '/home/aakash/bumperbot_ws/install/bumperbot_controller/share/bumperbot_controller/hook/cmake_prefix_path.sh'
[1.046s] Level 1:colcon.colcon_core.environment:checking '/home/aakash/bumperbot_ws/install/bumperbot_controller/lib'
[1.046s] Level 1:colcon.colcon_core.environment:checking '/home/aakash/bumperbot_ws/install/bumperbot_controller/bin'
[1.046s] Level 1:colcon.colcon_core.environment:checking '/home/aakash/bumperbot_ws/install/bumperbot_controller/lib/pkgconfig/bumperbot_controller.pc'
[1.046s] Level 1:colcon.colcon_core.environment:checking '/home/aakash/bumperbot_ws/install/bumperbot_controller/lib/python3.10/site-packages'
[1.047s] Level 1:colcon.colcon_core.environment:checking '/home/aakash/bumperbot_ws/install/bumperbot_controller/bin'
[1.047s] INFO:colcon.colcon_core.shell:Creating package script '/home/aakash/bumperbot_ws/install/bumperbot_controller/share/bumperbot_controller/package.ps1'
[1.048s] INFO:colcon.colcon_core.shell:Creating package descriptor '/home/aakash/bumperbot_ws/install/bumperbot_controller/share/bumperbot_controller/package.dsv'
[1.050s] INFO:colcon.colcon_core.shell:Creating package script '/home/aakash/bumperbot_ws/install/bumperbot_controller/share/bumperbot_controller/package.sh'
[1.051s] INFO:colcon.colcon_core.shell:Creating package script '/home/aakash/bumperbot_ws/install/bumperbot_controller/share/bumperbot_controller/package.bash'
[1.052s] INFO:colcon.colcon_core.shell:Creating package script '/home/aakash/bumperbot_ws/install/bumperbot_controller/share/bumperbot_controller/package.zsh'
[1.052s] Level 1:colcon.colcon_core.environment:create_file_with_runtime_dependencies(/home/aakash/bumperbot_ws/install/bumperbot_controller/share/colcon-core/packages/bumperbot_controller)
[1.053s] Level 1:colcon.colcon_core.environment:create_environment_scripts_only(bumperbot_controller)
[1.053s] Level 1:colcon.colcon_core.environment:checking '/home/aakash/bumperbot_ws/install/bumperbot_controller' for CMake module files
[1.053s] Level 1:colcon.colcon_core.environment:checking '/home/aakash/bumperbot_ws/install/bumperbot_controller' for CMake config files
[1.053s] Level 1:colcon.colcon_core.shell:create_environment_hook('bumperbot_controller', 'cmake_prefix_path')
[1.054s] INFO:colcon.colcon_core.shell:Creating environment hook '/home/aakash/bumperbot_ws/install/bumperbot_controller/share/bumperbot_controller/hook/cmake_prefix_path.ps1'
[1.054s] INFO:colcon.colcon_core.shell:Creating environment descriptor '/home/aakash/bumperbot_ws/install/bumperbot_controller/share/bumperbot_controller/hook/cmake_prefix_path.dsv'
[1.055s] INFO:colcon.colcon_core.shell:Creating environment hook '/home/aakash/bumperbot_ws/install/bumperbot_controller/share/bumperbot_controller/hook/cmake_prefix_path.sh'
[1.055s] Level 1:colcon.colcon_core.environment:checking '/home/aakash/bumperbot_ws/install/bumperbot_controller/lib'
[1.055s] Level 1:colcon.colcon_core.environment:checking '/home/aakash/bumperbot_ws/install/bumperbot_controller/bin'
[1.055s] Level 1:colcon.colcon_core.environment:checking '/home/aakash/bumperbot_ws/install/bumperbot_controller/lib/pkgconfig/bumperbot_controller.pc'
[1.056s] Level 1:colcon.colcon_core.environment:checking '/home/aakash/bumperbot_ws/install/bumperbot_controller/lib/python3.10/site-packages'
[1.056s] Level 1:colcon.colcon_core.environment:checking '/home/aakash/bumperbot_ws/install/bumperbot_controller/bin'
[1.056s] INFO:colcon.colcon_core.shell:Creating package script '/home/aakash/bumperbot_ws/install/bumperbot_controller/share/bumperbot_controller/package.ps1'
[1.056s] INFO:colcon.colcon_core.shell:Creating package descriptor '/home/aakash/bumperbot_ws/install/bumperbot_controller/share/bumperbot_controller/package.dsv'
[1.057s] INFO:colcon.colcon_core.shell:Creating package script '/home/aakash/bumperbot_ws/install/bumperbot_controller/share/bumperbot_controller/package.sh'
[1.057s] INFO:colcon.colcon_core.shell:Creating package script '/home/aakash/bumperbot_ws/install/bumperbot_controller/share/bumperbot_controller/package.bash'
[1.057s] INFO:colcon.colcon_core.shell:Creating package script '/home/aakash/bumperbot_ws/install/bumperbot_controller/share/bumperbot_controller/package.zsh'
[1.058s] Level 1:colcon.colcon_core.environment:create_file_with_runtime_dependencies(/home/aakash/bumperbot_ws/install/bumperbot_controller/share/colcon-core/packages/bumperbot_controller)
[1.059s] Level 1:colcon.colcon_core.environment:create_environment_scripts_only(bumperbot_firmware)
[1.060s] Level 1:colcon.colcon_core.environment:checking '/home/aakash/bumperbot_ws/install/bumperbot_firmware' for CMake module files
[1.061s] DEBUG:colcon.colcon_core.event_handler.log_command:Invoked command in '/home/aakash/bumperbot_ws/build/bumperbot_firmware' returned '0': CMAKE_PREFIX_PATH=/home/aakash/eyantra_ws/install/ur5_moveit:/home/aakash/eyantra_ws/install/ur_description:/home/aakash/eyantra_ws/install/realsense_gazebo_plugin:/home/aakash/eyantra_ws/install/pymoveit2:/home/aakash/eyantra_ws/install/linkattacher_msgs:/home/aakash/eyantra_ws/install/gazebo_ros2_control:/home/aakash/eyantra_ws/install/eyantra_warehouse:/home/aakash/eyantra_ws/install/ebot_nav2:/home/aakash/eyantra_ws/install/ebot_description:/home/aakash/eyantra_ws/install/ebot_docking:/home/aakash/eyantra_ws/install/aws_robomaker_small_warehouse_world:/home/aakash/intelligent_quads/ardu_ws/install/mavlink:/home/aakash/simulation2_ws/install/move_robot_as:/home/aakash/simulation2_ws/install/t3_action_msg:/home/aakash/simulation2_ws/install/ros2_mapping:/home/aakash/simulation2_ws/install/neo_simulation2:/home/aakash/neobotix_workspace/install/neo_srvs2:/home/aakash/neobotix_workspace/install/neo_simulation2:/home/aakash/neobotix_workspace/install/neo_nav2_bringup:/home/aakash/neobotix_workspace/install/neo_msgs2:/home/aakash/neobotix_workspace/install/neo_localization2:/home/aakash/neobotix_workspace/install/neo_local_planner2:/home/aakash/neobotix_workspace/install/neo_common2:/home/aakash/turtlebot3_ws/install/turtlebot3:/home/aakash/turtlebot3_ws/install/turtlebot3_simulations:/home/aakash/turtlebot3_ws/install/turtlebot3_bringup:/home/aakash/turtlebot3_ws/install/turtlebot3_node:/home/aakash/turtlebot3_ws/install/turtlebot3_navigation2:/home/aakash/turtlebot3_ws/install/turtlebot3_fake_node:/home/aakash/turtlebot3_ws/install/turtlebot3_msgs:/home/aakash/turtlebot3_ws/install/turtlebot3_gazebo:/home/aakash/turtlebot3_ws/install/turtlebot3_description:/home/aakash/turtlebot3_ws/install/turtlebot3_cartographer:/home/aakash/turtlebot3_ws/install/hls_lfcd_lds_driver:/home/aakash/turtlebot3_ws/install/dynamixel_sdk_examples:/home/aakash/turtlebot3_ws/install/dynamixel_sdk_custom_interfaces:/home/aakash/turtlebot3_ws/install/dynamixel_sdk:/home/aakash/flytbase_ws/install/turtle_assignment:/home/aakash/flytbase/ros2_ws/install/uav_deconfliction:/home/aakash/simulation2_ws/install/services_pkg:/home/aakash/turtlebot3_ws/install/turtlebot3_teleop:/home/aakash/turtlebot3_ws/install/turtlebot3_example:/home/aakash/turtlebot3_ws/install/tb3_sim:/home/aakash/ros2practice/install/my_robot_controller:/home/aakash/practice_ws/install/my_robot_controller:/opt/ros/humble:/home/aakash/catkin_ws/devel:/home/aakash/summer_camp_ws/devel /usr/bin/cmake --install /home/aakash/bumperbot_ws/build/bumperbot_firmware
[1.061s] Level 1:colcon.colcon_core.environment:checking '/home/aakash/bumperbot_ws/install/bumperbot_firmware' for CMake config files
[1.062s] Level 1:colcon.colcon_core.shell:create_environment_hook('bumperbot_firmware', 'cmake_prefix_path')
[1.062s] INFO:colcon.colcon_core.shell:Creating environment hook '/home/aakash/bumperbot_ws/install/bumperbot_firmware/share/bumperbot_firmware/hook/cmake_prefix_path.ps1'
[1.063s] INFO:colcon.colcon_core.shell:Creating environment descriptor '/home/aakash/bumperbot_ws/install/bumperbot_firmware/share/bumperbot_firmware/hook/cmake_prefix_path.dsv'
[1.064s] INFO:colcon.colcon_core.shell:Creating environment hook '/home/aakash/bumperbot_ws/install/bumperbot_firmware/share/bumperbot_firmware/hook/cmake_prefix_path.sh'
[1.065s] Level 1:colcon.colcon_core.environment:checking '/home/aakash/bumperbot_ws/install/bumperbot_firmware/lib'
[1.065s] Level 1:colcon.colcon_core.environment:checking '/home/aakash/bumperbot_ws/install/bumperbot_firmware/bin'
[1.065s] Level 1:colcon.colcon_core.environment:checking '/home/aakash/bumperbot_ws/install/bumperbot_firmware/lib/pkgconfig/bumperbot_firmware.pc'
[1.065s] Level 1:colcon.colcon_core.environment:checking '/home/aakash/bumperbot_ws/install/bumperbot_firmware/lib/python3.10/site-packages'
[1.065s] Level 1:colcon.colcon_core.environment:checking '/home/aakash/bumperbot_ws/install/bumperbot_firmware/bin'
[1.066s] INFO:colcon.colcon_core.shell:Creating package script '/home/aakash/bumperbot_ws/install/bumperbot_firmware/share/bumperbot_firmware/package.ps1'
[1.068s] INFO:colcon.colcon_core.shell:Creating package descriptor '/home/aakash/bumperbot_ws/install/bumperbot_firmware/share/bumperbot_firmware/package.dsv'
[1.069s] INFO:colcon.colcon_core.shell:Creating package script '/home/aakash/bumperbot_ws/install/bumperbot_firmware/share/bumperbot_firmware/package.sh'
[1.070s] INFO:colcon.colcon_core.shell:Creating package script '/home/aakash/bumperbot_ws/install/bumperbot_firmware/share/bumperbot_firmware/package.bash'
[1.071s] INFO:colcon.colcon_core.shell:Creating package script '/home/aakash/bumperbot_ws/install/bumperbot_firmware/share/bumperbot_firmware/package.zsh'
[1.072s] Level 1:colcon.colcon_core.environment:create_file_with_runtime_dependencies(/home/aakash/bumperbot_ws/install/bumperbot_firmware/share/colcon-core/packages/bumperbot_firmware)
[1.073s] Level 1:colcon.colcon_core.environment:create_environment_scripts_only(bumperbot_firmware)
[1.073s] Level 1:colcon.colcon_core.environment:checking '/home/aakash/bumperbot_ws/install/bumperbot_firmware' for CMake module files
[1.074s] Level 1:colcon.colcon_core.environment:checking '/home/aakash/bumperbot_ws/install/bumperbot_firmware' for CMake config files
[1.074s] Level 1:colcon.colcon_core.shell:create_environment_hook('bumperbot_firmware', 'cmake_prefix_path')
[1.075s] INFO:colcon.colcon_core.shell:Creating environment hook '/home/aakash/bumperbot_ws/install/bumperbot_firmware/share/bumperbot_firmware/hook/cmake_prefix_path.ps1'
[1.076s] INFO:colcon.colcon_core.shell:Creating environment descriptor '/home/aakash/bumperbot_ws/install/bumperbot_firmware/share/bumperbot_firmware/hook/cmake_prefix_path.dsv'
[1.077s] INFO:colcon.colcon_core.shell:Creating environment hook '/home/aakash/bumperbot_ws/install/bumperbot_firmware/share/bumperbot_firmware/hook/cmake_prefix_path.sh'
[1.078s] Level 1:colcon.colcon_core.environment:checking '/home/aakash/bumperbot_ws/install/bumperbot_firmware/lib'
[1.078s] Level 1:colcon.colcon_core.environment:checking '/home/aakash/bumperbot_ws/install/bumperbot_firmware/bin'
[1.078s] Level 1:colcon.colcon_core.environment:checking '/home/aakash/bumperbot_ws/install/bumperbot_firmware/lib/pkgconfig/bumperbot_firmware.pc'
[1.078s] Level 1:colcon.colcon_core.environment:checking '/home/aakash/bumperbot_ws/install/bumperbot_firmware/lib/python3.10/site-packages'
[1.079s] Level 1:colcon.colcon_core.environment:checking '/home/aakash/bumperbot_ws/install/bumperbot_firmware/bin'
[1.079s] INFO:colcon.colcon_core.shell:Creating package script '/home/aakash/bumperbot_ws/install/bumperbot_firmware/share/bumperbot_firmware/package.ps1'
[1.080s] INFO:colcon.colcon_core.shell:Creating package descriptor '/home/aakash/bumperbot_ws/install/bumperbot_firmware/share/bumperbot_firmware/package.dsv'
[1.081s] INFO:colcon.colcon_core.shell:Creating package script '/home/aakash/bumperbot_ws/install/bumperbot_firmware/share/bumperbot_firmware/package.sh'
[1.082s] INFO:colcon.colcon_core.shell:Creating package script '/home/aakash/bumperbot_ws/install/bumperbot_firmware/share/bumperbot_firmware/package.bash'
[1.083s] INFO:colcon.colcon_core.shell:Creating package script '/home/aakash/bumperbot_ws/install/bumperbot_firmware/share/bumperbot_firmware/package.zsh'
[1.084s] Level 1:colcon.colcon_core.environment:create_file_with_runtime_dependencies(/home/aakash/bumperbot_ws/install/bumperbot_firmware/share/colcon-core/packages/bumperbot_firmware)
[1.485s] DEBUG:colcon.colcon_core.event_handler.log_command:Invoking command in '/home/aakash/bumperbot_ws/src/bumperbot_py_examples': PYTHONPATH=/home/aakash/bumperbot_ws/build/bumperbot_py_examples/prefix_override:/usr/lib/python3/dist-packages/colcon_core/task/python/colcon_distutils_commands:/home/aakash/bumperbot_ws/install/bumperbot_py_examples/lib/python3.10/site-packages:${PYTHONPATH} /usr/bin/python3 -W ignore:setup.py install is deprecated -W ignore:easy_install command is deprecated setup.py egg_info --egg-base ../../build/bumperbot_py_examples build --build-base /home/aakash/bumperbot_ws/build/bumperbot_py_examples/build install --record /home/aakash/bumperbot_ws/build/bumperbot_py_examples/install.log --single-version-externally-managed install_data
[2.268s] Level 1:colcon.colcon_core.environment:checking '/home/aakash/bumperbot_ws/install/bumperbot_py_examples' for CMake module files
[2.270s] DEBUG:colcon.colcon_core.event_handler.log_command:Invoked command in '/home/aakash/bumperbot_ws/src/bumperbot_py_examples' returned '0': PYTHONPATH=/home/aakash/bumperbot_ws/build/bumperbot_py_examples/prefix_override:/usr/lib/python3/dist-packages/colcon_core/task/python/colcon_distutils_commands:/home/aakash/bumperbot_ws/install/bumperbot_py_examples/lib/python3.10/site-packages:${PYTHONPATH} /usr/bin/python3 -W ignore:setup.py install is deprecated -W ignore:easy_install command is deprecated setup.py egg_info --egg-base ../../build/bumperbot_py_examples build --build-base /home/aakash/bumperbot_ws/build/bumperbot_py_examples/build install --record /home/aakash/bumperbot_ws/build/bumperbot_py_examples/install.log --single-version-externally-managed install_data
[2.270s] Level 1:colcon.colcon_core.environment:checking '/home/aakash/bumperbot_ws/install/bumperbot_py_examples' for CMake config files
[2.271s] Level 1:colcon.colcon_core.environment:checking '/home/aakash/bumperbot_ws/install/bumperbot_py_examples/lib'
[2.271s] Level 1:colcon.colcon_core.environment:checking '/home/aakash/bumperbot_ws/install/bumperbot_py_examples/bin'
[2.272s] Level 1:colcon.colcon_core.environment:checking '/home/aakash/bumperbot_ws/install/bumperbot_py_examples/lib/pkgconfig/bumperbot_py_examples.pc'
[2.272s] Level 1:colcon.colcon_core.environment:checking '/home/aakash/bumperbot_ws/install/bumperbot_py_examples/lib/python3.10/site-packages'
[2.272s] Level 1:colcon.colcon_core.shell:create_environment_hook('bumperbot_py_examples', 'pythonpath')
[2.273s] INFO:colcon.colcon_core.shell:Creating environment hook '/home/aakash/bumperbot_ws/install/bumperbot_py_examples/share/bumperbot_py_examples/hook/pythonpath.ps1'
[2.274s] INFO:colcon.colcon_core.shell:Creating environment descriptor '/home/aakash/bumperbot_ws/install/bumperbot_py_examples/share/bumperbot_py_examples/hook/pythonpath.dsv'
[2.275s] INFO:colcon.colcon_core.shell:Creating environment hook '/home/aakash/bumperbot_ws/install/bumperbot_py_examples/share/bumperbot_py_examples/hook/pythonpath.sh'
[2.276s] Level 1:colcon.colcon_core.environment:checking '/home/aakash/bumperbot_ws/install/bumperbot_py_examples/bin'
[2.276s] Level 1:colcon.colcon_core.environment:create_environment_scripts_only(bumperbot_py_examples)
[2.277s] INFO:colcon.colcon_core.shell:Creating package script '/home/aakash/bumperbot_ws/install/bumperbot_py_examples/share/bumperbot_py_examples/package.ps1'
[2.278s] INFO:colcon.colcon_core.shell:Creating package descriptor '/home/aakash/bumperbot_ws/install/bumperbot_py_examples/share/bumperbot_py_examples/package.dsv'
[2.279s] INFO:colcon.colcon_core.shell:Creating package script '/home/aakash/bumperbot_ws/install/bumperbot_py_examples/share/bumperbot_py_examples/package.sh'
[2.279s] INFO:colcon.colcon_core.shell:Creating package script '/home/aakash/bumperbot_ws/install/bumperbot_py_examples/share/bumperbot_py_examples/package.bash'
[2.280s] INFO:colcon.colcon_core.shell:Creating package script '/home/aakash/bumperbot_ws/install/bumperbot_py_examples/share/bumperbot_py_examples/package.zsh'
[2.281s] Level 1:colcon.colcon_core.environment:create_file_with_runtime_dependencies(/home/aakash/bumperbot_ws/install/bumperbot_py_examples/share/colcon-core/packages/bumperbot_py_examples)
[2.282s] DEBUG:colcon.colcon_parallel_executor.executor.parallel:closing loop
[2.282s] DEBUG:colcon.colcon_parallel_executor.executor.parallel:loop closed
[2.283s] DEBUG:colcon.colcon_parallel_executor.executor.parallel:run_until_complete finished with '0'
[2.283s] DEBUG:colcon.colcon_core.event_reactor:joining thread
[2.298s] INFO:colcon.colcon_core.plugin_system:Skipping extension 'colcon_notification.desktop_notification.terminal_notifier': Not used on non-Darwin systems
[2.298s] INFO:colcon.colcon_core.plugin_system:Skipping extension 'colcon_notification.desktop_notification.win32': Not used on non-Windows systems
[2.299s] INFO:colcon.colcon_notification.desktop_notification:Sending desktop notification using 'notify2'
[2.348s] DEBUG:colcon.colcon_core.event_reactor:joined thread
[2.349s] INFO:colcon.colcon_core.shell:Creating prefix script '/home/aakash/bumperbot_ws/install/local_setup.ps1'
[2.351s] INFO:colcon.colcon_core.shell:Creating prefix util module '/home/aakash/bumperbot_ws/install/_local_setup_util_ps1.py'
[2.354s] INFO:colcon.colcon_core.shell:Creating prefix chain script '/home/aakash/bumperbot_ws/install/setup.ps1'
[2.359s] INFO:colcon.colcon_core.shell:Creating prefix script '/home/aakash/bumperbot_ws/install/local_setup.sh'
[2.361s] INFO:colcon.colcon_core.shell:Creating prefix util module '/home/aakash/bumperbot_ws/install/_local_setup_util_sh.py'
[2.362s] INFO:colcon.colcon_core.shell:Creating prefix chain script '/home/aakash/bumperbot_ws/install/setup.sh'
[2.367s] INFO:colcon.colcon_core.shell:Creating prefix script '/home/aakash/bumperbot_ws/install/local_setup.bash'
[2.368s] INFO:colcon.colcon_core.shell:Creating prefix chain script '/home/aakash/bumperbot_ws/install/setup.bash'
[2.375s] INFO:colcon.colcon_core.shell:Creating prefix script '/home/aakash/bumperbot_ws/install/local_setup.zsh'
[2.378s] INFO:colcon.colcon_core.shell:Creating prefix chain script '/home/aakash/bumperbot_ws/install/setup.zsh'
